SET DEFINE OFF;
-- =====================================================================
-- LEVEL 0: No FK dependencies 
-- =====================================================================

--PERSON
INSERT INTO Person VALUES ('PER-001', '731210-13-1269', 'Employee', 'Hassan Tan', 'Malaysian', 'hassan.tan34@email.com', '131754095', '1 Jalan Utama, Labuan, Sabah', TO_DATE('3/13/2002', 'MM/DD/YYYY'), 'Bumiputera Sabah');
INSERT INTO Person VALUES ('PER-002', '810601-16-8949', 'Employee', 'Ahmad bin Yusuf', 'Malaysian', 'ahmad.bin-yusuf26@email.com', '147481407', '2 Jalan Utama, Labuan, Sabah', TO_DATE('3/18/1997', 'MM/DD/YYYY'), 'Bumiputera Sarawak');
INSERT INTO Person VALUES ('PER-003', '950308-12-9050', 'Employee', 'Nur Ng', 'Malaysian', 'nur.ng44@email.com', '138681663', '3 Jalan Utama, Labuan, Sabah', TO_DATE('10/30/2003', 'MM/DD/YYYY'), 'Indian');
INSERT INTO Person VALUES ('PER-004', '910106-16-1013', 'Employee', 'Ahmad bin Razak', 'Malaysian', 'ahmad.bin-razak62@email.com', '159383517', '4 Jalan Utama, Labuan, Sabah', TO_DATE('12/11/1985', 'MM/DD/YYYY'), 'Bumiputera Sarawak');
INSERT INTO Person VALUES ('PER-005', '840928-10-5266', 'Employee', 'John Devi', 'Malaysian', 'john.devi76@email.com', '149809375', '5 Jalan Utama, Labuan, Sabah', TO_DATE('2/2/2002', 'MM/DD/YYYY'), 'Bumiputera Sarawak');
INSERT INTO Person VALUES ('PER-006', '700606-16-4019', 'Employee', 'John binti Ahmad', 'Malaysian', 'john.binti-ahmad19@email.com', '159693739', '6 Jalan Utama, Labuan, Sabah', TO_DATE('5/16/1988', 'MM/DD/YYYY'), 'Chinese');
INSERT INTO Person VALUES ('PER-007', '860628-16-2607', 'Employee', 'Mei Lim', 'Malaysian', 'mei.lim34@email.com', '179422214', '7 Jalan Utama, Labuan, Sabah', TO_DATE('7/17/1987', 'MM/DD/YYYY'), 'Indian');
INSERT INTO Person VALUES ('PER-008', '850114-16-7863', 'Employee', 'Zaki binti Ahmad', 'Malaysian', 'zaki.binti-ahmad16@email.com', '166867894', '8 Jalan Utama, Labuan, Sabah', TO_DATE('1/2/1981', 'MM/DD/YYYY'), 'Indian');
INSERT INTO Person VALUES ('PER-009', '791209-13-4685', 'Employee', 'Ahmad binti Othman', 'Malaysian', 'ahmad.binti-othman46@email.com', '143565931', '9 Jalan Utama, Labuan, Sabah', TO_DATE('2/26/1988', 'MM/DD/YYYY'), 'Indian');
INSERT INTO Person VALUES ('PER-010', '860315-12-5366', 'Employee', 'Ahmad bin Ismail', 'Malaysian', 'ahmad.bin-ismail68@email.com', '187355377', '10 Jalan Utama, Labuan, Sabah', TO_DATE('8/3/2003', 'MM/DD/YYYY'), 'Bumiputera Sarawak');
INSERT INTO Person VALUES ('PER-011', '860802-15-4628', 'Employee', 'John Lim', 'Malaysian', 'john.lim44@email.com', '177132678', '11 Jalan Utama, Labuan, Sabah', TO_DATE('8/22/2000', 'MM/DD/YYYY'), 'Bumiputera Sabah');
INSERT INTO Person VALUES ('PER-012', '731216-13-8534', 'Employee', 'Nor bin Hussain', 'Malaysian', 'nor.bin-hussain90@email.com', '166630280', '12 Jalan Utama, Labuan, Sabah', TO_DATE('8/10/1983', 'MM/DD/YYYY'), 'Indian');
INSERT INTO Person VALUES ('PER-013', '821202-11-3416', 'Employee', 'Ravi Wong', 'Malaysian', 'ravi.wong13@email.com', '134879579', '13 Jalan Utama, Labuan, Sabah', TO_DATE('11/10/2005', 'MM/DD/YYYY'), 'Bumiputera Sarawak');
INSERT INTO Person VALUES ('PER-014', '830903-10-8864', 'Employee', 'Hassan binti Othman', 'Malaysian', 'hassan.binti-othman44@email.com', '136414575', '14 Jalan Utama, Labuan, Sabah', TO_DATE('11/22/1986', 'MM/DD/YYYY'), 'Chinese');
INSERT INTO Person VALUES ('PER-015', '831124-13-7543', 'Employee', 'Lee Devi', 'Malaysian', 'lee.devi45@email.com', '132533289', '15 Jalan Utama, Labuan, Sabah', TO_DATE('10/13/2001', 'MM/DD/YYYY'), 'Bumiputera Sabah');
INSERT INTO Person VALUES ('PER-016', '880407-15-6502', 'Employee', 'Farah binti Ali', 'Malaysian', 'farah.binti-ali82@email.com', '197175767', '16 Jalan Utama, Labuan, Sabah', TO_DATE('10/14/1997', 'MM/DD/YYYY'), 'Chinese');
INSERT INTO Person VALUES ('PER-017', '731222-16-3682', 'Employee', 'Prema bin Yusuf', 'Malaysian', 'prema.bin-yusuf75@email.com', '156400698', '17 Jalan Utama, Labuan, Sabah', TO_DATE('10/16/1985', 'MM/DD/YYYY'), 'Bumiputera Sabah');
INSERT INTO Person VALUES ('PER-018', '801018-14-9786', 'Employee', 'Kumar Pillai', 'Malaysian', 'kumar.pillai27@email.com', '152195646', '18 Jalan Utama, Labuan, Sabah', TO_DATE('12/15/2004', 'MM/DD/YYYY'), 'Bumiputera Sarawak');
INSERT INTO Person VALUES ('PER-019', '790203-14-7664', 'Employee', 'John bin Hussain', 'Malaysian', 'john.bin-hussain59@email.com', '159426487', '19 Jalan Utama, Labuan, Sabah', TO_DATE('11/10/2002', 'MM/DD/YYYY'), 'Malay');
INSERT INTO Person VALUES ('PER-020', '731109-15-9070', 'Employee', 'Zaki bin Hussain', 'Malaysian', 'zaki.bin-hussain23@email.com', '188505360', '20 Jalan Utama, Labuan, Sabah', TO_DATE('6/16/2001', 'MM/DD/YYYY'), 'Bumiputera Sabah');
INSERT INTO Person VALUES ('PER-021', '760412-11-1583', 'Applicant', 'Lee Pillai', 'Malaysian', 'lee.pillai81@email.com', '194223472', '21 Jalan Utama, Labuan, Sabah', TO_DATE('3/10/1983', 'MM/DD/YYYY'), 'Chinese');
INSERT INTO Person VALUES ('PER-022', '760206-10-7895', 'Applicant', 'Lim Low', 'Malaysian', 'lim.low46@email.com', '168710352', '22 Jalan Utama, Labuan, Sabah', TO_DATE('12/10/2002', 'MM/DD/YYYY'), 'Bumiputera Sarawak');
INSERT INTO Person VALUES ('PER-023', '880704-16-3436', 'Applicant', 'Ahmad Gopal', 'Malaysian', 'ahmad.gopal84@email.com', '151275693', '23 Jalan Utama, Labuan, Sabah', TO_DATE('5/24/1980', 'MM/DD/YYYY'), 'Bumiputera Sabah');
INSERT INTO Person VALUES ('PER-024', '700801-10-3585', 'Applicant', 'Ravi binti Hassan', 'Malaysian', 'ravi.binti-hassan24@email.com', '141312925', '24 Jalan Utama, Labuan, Sabah', TO_DATE('2/28/1982', 'MM/DD/YYYY'), 'Malay');
INSERT INTO Person VALUES ('PER-025', '820219-10-7087', 'Applicant', 'Karen Low', 'Malaysian', 'karen.low96@email.com', '187948070', '25 Jalan Utama, Labuan, Sabah', TO_DATE('6/9/1992', 'MM/DD/YYYY'), 'Malay');
INSERT INTO Person VALUES ('PER-026', '891221-14-6965', 'Applicant', 'Yusof Pillai', 'Malaysian', 'yusof.pillai58@email.com', '135222879', '26 Jalan Utama, Labuan, Sabah', TO_DATE('6/24/1996', 'MM/DD/YYYY'), 'Indian');
INSERT INTO Person VALUES ('PER-027', '810114-15-2235', 'Applicant', 'Siti Ng', 'Malaysian', 'siti.ng48@email.com', '184490757', '27 Jalan Utama, Labuan, Sabah', TO_DATE('2/20/2006', 'MM/DD/YYYY'), 'Indian');
INSERT INTO Person VALUES ('PER-028', '881017-14-8500', 'Applicant', 'Farah binti Hassan', 'Malaysian', 'farah.binti-hassan97@email.com', '127630183', '28 Jalan Utama, Labuan, Sabah', TO_DATE('4/15/2001', 'MM/DD/YYYY'), 'Chinese');
INSERT INTO Person VALUES ('PER-029', '790412-16-9493', 'Applicant', 'Ravi Pillai', 'Malaysian', 'ravi.pillai27@email.com', '176660334', '29 Jalan Utama, Labuan, Sabah', TO_DATE('6/5/1987', 'MM/DD/YYYY'), 'Bumiputera Sabah');
INSERT INTO Person VALUES ('PER-030', '740706-15-1837', 'Applicant', 'Zaki bin Hussain', 'Malaysian', 'zaki.bin-hussain39@email.com', '166758718', '30 Jalan Utama, Labuan, Sabah', TO_DATE('3/27/1993', 'MM/DD/YYYY'), 'Bumiputera Sabah');
INSERT INTO Person VALUES ('PER-031', '700819-11-5409', 'Representative', 'Nur Devi', 'Malaysian', 'nur.devi83@email.com', '127392712', '31 Jalan Utama, Labuan, Sabah', TO_DATE('11/24/1992', 'MM/DD/YYYY'), 'Indian');
INSERT INTO Person VALUES ('PER-032', '980212-11-9732', 'Representative', 'Ravi binti Yusof', 'Malaysian', 'ravi.binti-yusof99@email.com', '187828547', '32 Jalan Utama, Labuan, Sabah', TO_DATE('1/25/2004', 'MM/DD/YYYY'), 'Bumiputera Sabah');
INSERT INTO Person VALUES ('PER-033', '770210-11-6764', 'Representative', 'Prema binti Ahmad', 'Malaysian', 'prema.binti-ahmad42@email.com', '181012403', '33 Jalan Utama, Labuan, Sabah', TO_DATE('3/16/2002', 'MM/DD/YYYY'), 'Bumiputera Sabah');
INSERT INTO Person VALUES ('PER-034', '710826-14-7421', 'Representative', 'Hassan bin Hussain', 'Malaysian', 'hassan.bin-hussain48@email.com', '138352041', '34 Jalan Utama, Labuan, Sabah', TO_DATE('7/4/1985', 'MM/DD/YYYY'), 'Malay');
INSERT INTO Person VALUES ('PER-035', '730804-16-7429', 'Representative', 'Karen Devi', 'Malaysian', 'karen.devi13@email.com', '192828506', '35 Jalan Utama, Labuan, Sabah', TO_DATE('7/25/1987', 'MM/DD/YYYY'), 'Indian');
INSERT INTO Person VALUES ('PER-036', '900917-16-3670', 'Representative', 'Hassan Ng', 'Malaysian', 'hassan.ng76@email.com', '145586375', '36 Jalan Utama, Labuan, Sabah', TO_DATE('3/24/1988', 'MM/DD/YYYY'), 'Bumiputera Sarawak');
INSERT INTO Person VALUES ('PER-037', '990702-14-7804', 'Representative', 'Kumar binti Othman', 'Malaysian', 'kumar.binti-othman65@email.com', '141760159', '37 Jalan Utama, Labuan, Sabah', TO_DATE('3/21/1992', 'MM/DD/YYYY'), 'Indian');
INSERT INTO Person VALUES ('PER-038', '790606-13-7285', 'Representative', 'Ravi binti Hassan', 'Malaysian', 'ravi.binti-hassan16@email.com', '192114444', '38 Jalan Utama, Labuan, Sabah', TO_DATE('7/26/1994', 'MM/DD/YYYY'), 'Bumiputera Sarawak');
INSERT INTO Person VALUES ('PER-039', '860716-12-4595', 'Representative', 'Lim Low', 'Malaysian', 'lim.low29@email.com', '183942732', '39 Jalan Utama, Labuan, Sabah', TO_DATE('4/20/1997', 'MM/DD/YYYY'), 'Malay');
INSERT INTO Person VALUES ('PER-040', '960522-11-5364', 'Representative', 'Prema Lim', 'Malaysian', 'prema.lim59@email.com', '121359799', '40 Jalan Utama, Labuan, Sabah', TO_DATE('1/25/2006', 'MM/DD/YYYY'), 'Chinese');
COMMIT;

--INVEST_LABUAN
INSERT INTO Invest_Labuan VALUES ('DEPT-LBN-001', 'FDI', 'Foreign Direct Investment', 'fdi@investlabuan.gov.my', '6087-33914', 'Level 10, Financial Park Complex, Labuan', 15000000.00, 'Attracts and manages international corporate investments.', 92.50, 'RT-IL-001');
INSERT INTO Invest_Labuan VALUES ('DEPT-LBN-002', 'DDI', 'Domestic Investment', 'ddi@investlabuan.gov.my', '6087-33915', 'Level 10, Financial Park Complex, Labuan', 8500000.00, 'Supports local businesses and domestic capital growth.', 88.00, 'RT-IL-002');
INSERT INTO Invest_Labuan VALUES ('DEPT-LBN-003', 'TECH', 'Technology & Innovation', 'tech@investlabuan.gov.my', '6087-33916', 'Level 11, Financial Park Complex, Labuan', 5000000.00, 'Promotes digital economy and smart city initiatives.', 75.50, 'RT-IL-003');
INSERT INTO Invest_Labuan VALUES ('DEPT-LBN-004', 'ISF', 'Islamic Finance', 'isf@investlabuan.gov.my', '6087-33917', 'Level 11, Financial Park Complex, Labuan', 12000000.00, 'Develops Labuan as a premier offshore Islamic financial hub.', 95.00, 'RT-IL-004');
INSERT INTO Invest_Labuan VALUES ('DEPT-LBN-005', 'MAR', 'Maritime & Logistics', 'maritime@investlabuan.gov.my', '6087-33918', 'Level 12, Financial Park Complex, Labuan', 7500000.00, NULL, NULL, 'RT-IL-005');
INSERT INTO Invest_Labuan VALUES ('DEPT-LBN-006', 'TOUR', 'Tourism & Hospitality', 'tourism@investlabuan.gov.my', '6087-33919', 'Level 12, Financial Park Complex, Labuan', 4000000.00, 'Enhances tourism infrastructure and hospitality investments.', 82.00, 'RT-IL-006');
INSERT INTO Invest_Labuan VALUES ('DEPT-LBN-007', 'OAG', 'Oil & Gas Hub', 'oag@investlabuan.gov.my', '6087-33920', 'Level 14, Financial Park Complex, Labuan', 20000000.00, 'Manages investments related to deepwater oil and gas operations.', 98.50, 'RT-IL-007');
INSERT INTO Invest_Labuan VALUES ('DEPT-LBN-008', 'CORP', 'Corporate Services', 'corporate@investlabuan.gov.my', '6087-33921', 'Level 9, Financial Park Complex, Labuan', 3500000.00, 'Handles internal HR, finance, and administrative duties.', 90.00, 'RT-IL-008');
INSERT INTO Invest_Labuan VALUES ('DEPT-LBN-009', 'LGL', 'Legal & Compliance', 'legal@investlabuan.gov.my', '6087-33922', 'Level 9, Financial Park Complex, Labuan', 20000000.00, NULL, NULL, 'RT-IL-009');
INSERT INTO Invest_Labuan VALUES ('DEPT-LBN-010', 'SCOM', 'Strategic Communications', 'comms@investlabuan.gov.my', '6087-33923', 'Level 9, Financial Park Complex, Labuan', 2500000.00, 'Manages public relations, foreign relations, and international media.', 85.00, 'RT-IL-010');
COMMIT;

--PROPOSAL_SCREENING
INSERT INTO Proposal_Screening VALUES ('MEET-2026-001', 'MOM-26-08-01', 88, NULL, 'No', 'Shortlisted', TO_DATE('2026-08-01 09:00:00', 'YYYY-MM-DD HH24:MI:SS'), 90, 'Preliminary', NULL);
INSERT INTO Proposal_Screening VALUES ('MEET-2026-002', 'MOM-26-08-02', 45, NULL, 'No', 'Rejected', TO_DATE('2026-08-01 10:30:00', 'YYYY-MM-DD HH24:MI:SS'), 45, 'Technical', NULL);
INSERT INTO Proposal_Screening VALUES ('MEET-2026-003', 'MOM-26-08-03', 75, 'Board member has shares in the vendor company.', 'Yes', 'KIV', TO_DATE('2026-08-02 14:00:00', 'YYYY-MM-DD HH24:MI:SS'), 120, 'Financial', 'Requires updated financial statements to proceed.');
INSERT INTO Proposal_Screening VALUES ('MEET-2026-004', 'MOM-26-08-04', 92, NULL, 'No', 'Shortlisted', TO_DATE('2026-08-03 09:15:00', 'YYYY-MM-DD HH24:MI:SS'), 60, 'Final Review', 'Pending final CEO signature.');
INSERT INTO Proposal_Screening VALUES ('MEET-2026-005', 'MOM-26-08-05', 55, NULL, 'No', 'Rejected', TO_DATE('2026-08-03 11:00:00', 'YYYY-MM-DD HH24:MI:SS'), 30, 'Preliminary', NULL);
INSERT INTO Proposal_Screening VALUES ('MEET-2026-006', 'MOM-26-08-06', 68, NULL, 'No', 'Requires Revision', TO_DATE('2026-08-05 13:30:00', 'YYYY-MM-DD HH24:MI:SS'), 90, 'Technical', 'Update technical specs to match Labuan Corp standards.');
INSERT INTO Proposal_Screening VALUES ('MEET-2026-007', 'MOM-26-08-07', 95, NULL, 'No', 'Shortlisted', TO_DATE('2026-08-06 10:00:00', 'YYYY-MM-DD HH24:MI:SS'), 60, 'Final Review', NULL);
INSERT INTO Proposal_Screening VALUES ('MEET-2026-008', 'MOM-26-08-08', 82, 'Reviewer is a former employee of the applicant firm.', 'Yes', 'KIV', TO_DATE('2026-08-08 15:00:00', 'YYYY-MM-DD HH24:MI:SS'), 120, 'Financial', 'Submit a formal conflict mitigation plan.');
INSERT INTO Proposal_Screening VALUES ('MEET-2026-009', 'MOM-26-08-09', 40, NULL, 'No', 'Rejected', TO_DATE('2026-08-10 09:00:00', 'YYYY-MM-DD HH24:MI:SS'), 45, 'Preliminary', NULL);
INSERT INTO Proposal_Screening VALUES ('MEET-2026-010', 'MOM-26-08-10', 78, NULL, 'No', 'Requires Revision', TO_DATE('2026-08-12 14:45:00', 'YYYY-MM-DD HH24:MI:SS'), 90, 'Technical', 'Revise budget allocation for Q3.');
COMMIT;

--JOB_DESCRIPTION
INSERT INTO Job_Description VALUES ('JOB-2026-001', TO_DATE('2026-05-01', 'YYYY-MM-DD'), 'Senior Software Engineer', 'Senior', 'Full-Time', 'Bachelor Degree', 12000.00, 'Hybrid', TO_DATE('2026-05-31', 'YYYY-MM-DD'), 'Open');
INSERT INTO Job_Description VALUES ('JOB-2026-002', TO_DATE('2026-05-05', 'YYYY-MM-DD'), 'HR Executive', 'Junior', 'Contract', 'Diploma', 3500.00, 'On-Site', TO_DATE('2026-05-20', 'YYYY-MM-DD'), 'Closed');
INSERT INTO Job_Description VALUES ('JOB-2026-003', TO_DATE('2026-05-10', 'YYYY-MM-DD'), 'Chief Financial Officer', 'Director', 'Full-Time', 'Master Degree', 25000.00, 'On-Site', TO_DATE('2026-06-30', 'YYYY-MM-DD'), 'Open');
INSERT INTO Job_Description VALUES ('JOB-2026-004', TO_DATE('2026-05-12', 'YYYY-MM-DD'), 'Data Science Intern', 'Fresh/Entry', 'Internship', 'Bachelor Degree', 1500.00, 'Remote', TO_DATE('2026-05-25', 'YYYY-MM-DD'), 'Open');
INSERT INTO Job_Description VALUES ('JOB-2026-005', TO_DATE('2026-05-15', 'YYYY-MM-DD'), 'Marketing Manager', 'Mid-Level', 'Full-Time', 'Bachelor Degree', 8500.00, 'Hybrid', TO_DATE('2026-06-15', 'YYYY-MM-DD'), 'Draft');
INSERT INTO Job_Description VALUES ('JOB-2026-006', TO_DATE('2026-05-18', 'YYYY-MM-DD'), 'Network Architect', 'Senior', 'Full-Time', 'Professional Cert', 15000.00, 'Remote', TO_DATE('2026-06-18', 'YYYY-MM-DD'), 'Open');
INSERT INTO Job_Description VALUES ('JOB-2026-007', TO_DATE('2026-05-20', 'YYYY-MM-DD'), 'Research Scientist', 'Mid-Level', 'Contract', 'PhD', 11000.00, 'On-Site', TO_DATE('2026-07-20', 'YYYY-MM-DD'), 'Open');
INSERT INTO Job_Description VALUES ('JOB-2026-008', TO_DATE('2026-05-22', 'YYYY-MM-DD'), 'Customer Support Rep', 'Fresh/Entry', 'Part-Time', 'Diploma', 2000.00, 'Remote', TO_DATE('2026-06-05', 'YYYY-MM-DD'), 'Suspended');
INSERT INTO Job_Description VALUES ('JOB-2026-009', TO_DATE('2026-05-25', 'YYYY-MM-DD'), 'Legal Counsel', 'Senior', 'Full-Time', 'Bachelor Degree', 14000.00, 'Hybrid', TO_DATE('2026-06-25', 'YYYY-MM-DD'), 'Open');
INSERT INTO Job_Description VALUES ('JOB-2026-010', TO_DATE('2026-05-28', 'YYYY-MM-DD'), 'IT Support Specialist', 'Junior', 'Full-Time', 'Diploma', 4000.00, 'On-Site', TO_DATE('2026-06-10', 'YYYY-MM-DD'), 'Open');
COMMIT;

-- =====================================================================
-- LEVEL 1: Depends on Level 0
-- =====================================================================

--REPRESENTATIVE
INSERT INTO Representative VALUES ('REP-001', 'RES-LBN-2026-101', 'Head of Legal Affairs', 'Lead Bidder', TO_DATE('1/1/2026', 'MM/DD/YYYY'), 'Active', 'Full Power of Attorney', TO_DATE('1/1/2027', 'MM/DD/YYYY'), 'Yes', 'L1 - Executive Board', 'DEPT-LBN-001', 'PER-001');
INSERT INTO Representative VALUES ('REP-002', 'RES-LBN-2026-102', 'Chief Technical Officer', 'Technical Liaison', TO_DATE('1/16/2026', 'MM/DD/YYYY'), 'Active', 'Liaison Only', TO_DATE('1/31/2027', 'MM/DD/YYYY'), 'No', 'L2 - Senior Management', 'DEPT-LBN-002', 'PER-002');
INSERT INTO Representative VALUES ('REP-003', 'RES-LBN-2026-103', 'Senior Financial Analyst', 'Financial Officer', TO_DATE('1/31/2026', 'MM/DD/YYYY'), 'Suspended', 'Limited Signing Rights', TO_DATE('3/2/2027', 'MM/DD/YYYY'), 'No', 'L3 - Middle Management', 'DEPT-LBN-003', 'PER-003');
INSERT INTO Representative VALUES ('REP-004', 'RES-LBN-2026-104', 'Operations Director', 'Lead Bidder', TO_DATE('2/15/2026', 'MM/DD/YYYY'), 'Active', 'Full Power of Attorney', TO_DATE('4/1/2027', 'MM/DD/YYYY'), 'Yes', 'L1 - Executive Board', 'DEPT-LBN-004', 'PER-004');
INSERT INTO Representative VALUES ('REP-005', 'RES-LBN-2026-105', 'Compliance Manager', 'Legal Counsel', TO_DATE('3/2/2026', 'MM/DD/YYYY'), 'Active', 'Limited Signing Rights', TO_DATE('5/1/2027', 'MM/DD/YYYY'), 'No', 'L2 - Senior Management', 'DEPT-LBN-005', 'PER-005');
INSERT INTO Representative VALUES ('REP-006', 'RES-LBN-2026-106', 'Project Liaison Officer', 'Technical Liaison', TO_DATE('3/17/2026', 'MM/DD/YYYY'), 'Active', 'Liaison Only', TO_DATE('5/31/2027', 'MM/DD/YYYY'), 'No', 'L3 - Middle Management', 'DEPT-LBN-006', 'PER-006');
INSERT INTO Representative VALUES ('REP-007', 'RES-LBN-2026-107', 'Strategic Advisor', 'Financial Officer', TO_DATE('4/1/2026', 'MM/DD/YYYY'), 'Revoked', 'Liaison Only', TO_DATE('6/30/2027', 'MM/DD/YYYY'), 'No', 'L3 - Middle Management', 'DEPT-LBN-007', 'PER-007');
INSERT INTO Representative VALUES ('REP-008', 'RES-LBN-2026-108', 'Infrastructure Lead', 'Technical Liaison', TO_DATE('4/16/2026', 'MM/DD/YYYY'), 'Active', 'Limited Signing Rights', TO_DATE('7/30/2027', 'MM/DD/YYYY'), 'No', 'L2 - Senior Management', 'DEPT-LBN-008', 'PER-008');
INSERT INTO Representative VALUES ('REP-009', 'RES-LBN-2026-109', 'Corporate Secretary', 'Legal Counsel', TO_DATE('5/1/2026', 'MM/DD/YYYY'), 'Active', 'Limited Signing Rights', TO_DATE('8/29/2027', 'MM/DD/YYYY'), 'No', 'L2 - Senior Management', 'DEPT-LBN-009', 'PER-009');
INSERT INTO Representative VALUES ('REP-010', 'RES-LBN-2026-110', 'Executive Coordinator', 'Lead Bidder', TO_DATE('5/16/2026', 'MM/DD/YYYY'), 'Active', 'Full Power of Attorney', TO_DATE('9/28/2027', 'MM/DD/YYYY'), 'Yes', 'L1 - Executive Board', 'DEPT-LBN-001', 'PER-010');
COMMIT;

--JOB_APPLICANT
INSERT INTO Job_Applicant VALUES ('APP-2026-001', 'azman_labuan90', 'Bachelor', 8, 'Employed', 'linkedin.com/in/azman-realestate', 'Civil Engineering', 'Yes', 'B.Eng in Civil Engineering', '6012-3456789', 'PER-011');
INSERT INTO Job_Applicant VALUES ('APP-2026-002', 'sarah_tan_prop', 'Master', 12, 'Employed', 'linkedin.com/in/sarahtan-investment', 'Business Administration', 'No', 'MBA in Finance', '6013-9876543', 'PER-012');
INSERT INTO Job_Applicant VALUES ('APP-2026-003', 'devakumar_eco', 'PhD', 6, 'Self-Employed', NULL, 'Environmental Science', 'Yes', 'PhD in Environmental Dynamics', '6017-2234455', 'PER-013');
INSERT INTO Job_Applicant VALUES ('APP-2026-004', 'fatimah_lands', 'Diploma', 4, 'Employed', 'linkedin.com/in/fatimah-sabah-aqri', 'Agriculture', 'No', 'Diploma in Agricultural Science', '6019-5556677', 'PER-014');
INSERT INTO Job_Applicant VALUES ('APP-2026-005', 'john_doe_borneo', 'Bachelor', 15, 'Self-Employed', 'linkedin.com/in/johndoe-landuse', 'Urban Planning', 'Yes', 'BSc in Urban & Regional Planning', '6011-3444556', 'PER-015');
INSERT INTO Job_Applicant VALUES ('APP-2026-006', 'elena_mp', 'Master', 0, 'Unemployed', 'linkedin.com/in/elena-marinelabuan', 'Marine Biology', 'Yes', 'MSc in Marine Resource Management', '6014-7778899', 'PER-016');
INSERT INTO Job_Applicant VALUES ('APP-2026-007', 'ling_const88', 'Diploma', 10, 'Employed', NULL, 'Building Surveying', 'No', 'Diploma in Building Surveying', '6016-4433221', 'PER-017');
INSERT INTO Job_Applicant VALUES ('APP-2026-008', 'amirul_agro26', 'Bachelor', 3, 'Employed', 'linkedin.com/in/amirul-landinvest', 'Agricultural Economics', 'Yes', 'BSc in Agribusiness', '6018-9988776', 'PER-018');
INSERT INTO Job_Applicant VALUES ('APP-2026-009', 'chong_v_capital', 'PhD', 18, 'Employed', 'linkedin.com/in/drchong-proposals', 'Economics', 'No', 'PhD in Development Economics', '6015-6677889', 'PER-019');
INSERT INTO Job_Applicant VALUES ('APP-2026-010', 'nisha_s_legal', 'Master', 5, 'Self-Employed', 'linkedin.com/in/nisha-sabahlegal', 'Law', 'Yes', 'Master of Laws (LLM)', '6012-8889900', 'PER-020');
COMMIT;

--EMPLOYEE
INSERT INTO Employee VALUES ('EMP001', 'LBN-2021-001A', 'Permanent', 'Active', TO_DATE('2021-03-15', 'YYYY-MM-DD'), 8500.00, 'Yes', 'Senior Land Inspector', 12000.00, 88.5, 'Staff', 'DEPT-LBN-001', 'PER-021');
INSERT INTO Employee VALUES ('EMP002', 'LBN-2021-002A', 'Permanent', 'Active', TO_DATE('2021-04-12', 'YYYY-MM-DD'), 14500.00, 'Yes', 'Investment Committee Chair', 3500.00, 92, 'Manager', 'DEPT-LBN-002', 'PER-022');
INSERT INTO Employee VALUES ('EMP003', 'LBN-2022-014B', 'Contract', 'Active', TO_DATE('2022-01-10', 'YYYY-MM-DD'), 5200.00, 'Yes', 'Field Site Inspector', 0.00, 79.25, 'Staff', 'DEPT-LBN-003', 'PER-023');
INSERT INTO Employee VALUES ('EMP004', 'LBN-2022-019A', 'Permanent', 'Active', TO_DATE('2022-06-01', 'YYYY-MM-DD'), 11000.00, 'Yes', 'Investment Committee Member', 2200.00, 85, 'Manager', 'DEPT-LBN-004', 'PER-024');
INSERT INTO Employee VALUES ('EMP005', 'LBN-2023-005A', 'Permanent', 'Resigned', TO_DATE('2023-02-15', 'YYYY-MM-DD'), 6000.00, 'No', 'Junior Land Inspector', 0.00, NULL, 'Staff', 'DEPT-LBN-005', 'PER-025');
INSERT INTO Employee VALUES ('EMP006', 'LBN-2023-011A', 'Permanent', 'Active', TO_DATE('2023-05-18', 'YYYY-MM-DD'), 12500.00, 'Yes', 'Risk Valuation Specialist (IC)', 2800.00, 90.1, 'Manager', 'DEPT-LBN-006', 'PER-026');
INSERT INTO Employee VALUES ('EMP007', 'LBN-2023-044B', 'Contract', 'Active', TO_DATE('2023-09-01', 'YYYY-MM-DD'), 5500.00, 'Yes', 'Environmental Compliance Inspector', 500.00, 82, 'Staff', 'DEPT-LBN-007', 'PER-027');
INSERT INTO Employee VALUES ('EMP008', 'LBN-2024-002A', 'Permanent', 'Active', TO_DATE('2024-01-08', 'YYYY-MM-DD'), 11500.00, 'Yes', 'Portfolio Asset Analyst (IC)', 1800.00, 86.4, 'Staff', 'DEPT-LBN-008', 'PER-028');
INSERT INTO Employee VALUES ('EMP009', 'LBN-2024-015B', 'Contract', 'Suspended', TO_DATE('2024-03-22', 'YYYY-MM-DD'), 5200.00, 'No', 'Technical Zoning Inspector', 0.00, 45, 'Viewer', 'DEPT-LBN-009', 'PER-029');
INSERT INTO Employee VALUES ('EMP010', 'LBN-2024-033A', 'Permanent', 'Active', TO_DATE('2024-07-11', 'YYYY-MM-DD'), 13000.00, 'Yes', 'Legal Framework Specialist (IC)', 3000.00, 94.5, 'Manager', 'DEPT-LBN-010', 'PER-030');
INSERT INTO Employee VALUES ('EMP011', 'LBN-2025-001C', 'Intern', 'Resigned', TO_DATE('2025-01-05', 'YYYY-MM-DD'), 2000.00, 'No', 'Trainee Land Inspector', 0.00, NULL, 'Viewer', 'DEPT-LBN-001', 'PER-031');
INSERT INTO Employee VALUES ('EMP012', 'LBN-2025-009A', 'Permanent', 'Active', TO_DATE('2025-02-14', 'YYYY-MM-DD'), 10500.00, 'Yes', 'Infrastructure Strategy Advisor (IC)', 1500.00, 81.2, 'Staff', 'DEPT-LBN-002', 'PER-032');
INSERT INTO Employee VALUES ('EMP013', 'LBN-2025-012B', 'Contract', 'Active', TO_DATE('2025-04-01', 'YYYY-MM-DD'), 5800.00, 'Yes', 'Agricultural Land Inspector', 600.00, 78.9, 'Staff', 'DEPT-LBN-003', 'PER-033');
INSERT INTO Employee VALUES ('EMP014', 'LBN-2025-022A', 'Permanent', 'Active', TO_DATE('2025-06-18', 'YYYY-MM-DD'), 12000.00, 'Yes', 'Financial Proposal Evaluator (IC)', 2500.00, 89, 'Manager', 'DEPT-LBN-004', 'PER-034');
INSERT INTO Employee VALUES ('EMP015', 'LBN-2025-040B', 'Contract', 'Active', TO_DATE('2025-10-01', 'YYYY-MM-DD'), 6200.00, 'Yes', 'Commercial Property Inspector', 0.00, 83.15, 'Staff', 'DEPT-LBN-005', 'PER-035');
INSERT INTO Employee VALUES ('EMP016', 'LBN-2026-002A', 'Permanent', 'Active', TO_DATE('2026-01-12', 'YYYY-MM-DD'), 11800.00, 'Yes', 'Joint-Venture Structuring Expert (IC)', 0.00, 75, 'Staff', 'DEPT-LBN-006', 'PER-036');
INSERT INTO Employee VALUES ('EMP017', 'LBN-2026-005C', 'Intern', 'Active', TO_DATE('2026-03-02', 'YYYY-MM-DD'), 2200.00, 'No', 'Investment Committee Coordinator', 0.00, NULL, 'Viewer', 'DEPT-LBN-007', 'PER-037');
INSERT INTO Employee VALUES ('EMP018', 'LBN-2026-011B', 'Contract', 'Active', TO_DATE('2026-04-15', 'YYYY-MM-DD'), 6500.00, 'Yes', 'Senior Boundaries Inspector', 0.00, 80, 'Staff', 'DEPT-LBN-008', 'PER-038');
INSERT INTO Employee VALUES ('EMP019', 'LBN-2026-014A', 'Permanent', 'Active', TO_DATE('2026-05-02', 'YYYY-MM-DD'), 16000.00, 'Yes', 'Chief Investment Officer (IC)', 5000.00, 96.8, 'Admin', 'DEPT-LBN-009', 'PER-039');
INSERT INTO Employee VALUES ('EMP020', 'LBN-2026-018C', 'Intern', 'Active', TO_DATE('2026-06-01', 'YYYY-MM-DD'), 1800.00, 'No', 'Land Surveying Intern (Inspector)', 0.00, NULL, 'Viewer', 'DEPT-LBN-010', 'PER-040');
COMMIT;

--ADVERTISEMENT
INSERT INTO Advertisement VALUES ('ADV-1001', TO_DATE('2026-07-01', 'YYYY-MM-DD'), 'Digital', 'Senior IT Engineer', '30', 'JobStreet', 'Urgent hiring', TO_DATE('2026-07-31', 'YYYY-MM-DD'), 1500.00, 'Tech Professionals', 'DEPT-LBN-001');
INSERT INTO Advertisement VALUES ('ADV-1002', TO_DATE('2026-08-01', 'YYYY-MM-DD'), 'Print', 'Papan Island Marina Development', '60', 'Labuan Daily', 'Multi-million resort project', TO_DATE('2026-09-30', 'YYYY-MM-DD'), 50000.00, 'Foreign Investors', 'DEPT-LBN-002');
INSERT INTO Advertisement VALUES ('ADV-1003', TO_DATE('2026-07-15', 'YYYY-MM-DD'), 'Digital', 'Halal Hub Warehouse Lot', '45', 'Official Portal', 'Subsidized rates for locals', TO_DATE('2026-08-29', 'YYYY-MM-DD'), 10000.00, 'Local SMEs', 'DEPT-LBN-003');
INSERT INTO Advertisement VALUES ('ADV-1004', TO_DATE('2026-06-20', 'YYYY-MM-DD'), 'Digital', 'Finance Auditor', '30', 'LinkedIn', 'Requires CPA certification', TO_DATE('2026-07-20', 'YYYY-MM-DD'), 800.00, 'Finance Professionals', 'DEPT-LBN-004');
INSERT INTO Advertisement VALUES ('ADV-1005', TO_DATE('2026-09-01', 'YYYY-MM-DD'), 'Print', 'Financial Park Office Block Bid', '90', 'The Edge Markets', 'Prime real estate offering', TO_DATE('2026-11-30', 'YYYY-MM-DD'), 100000.00, 'Corporate Developers', 'DEPT-LBN-005');
INSERT INTO Advertisement VALUES ('ADV-1006', TO_DATE('2026-07-10', 'YYYY-MM-DD'), 'Digital', 'Legal Counsel', '30', 'JobStreet', 'Minimum 5 years experience', TO_DATE('2026-08-09', 'YYYY-MM-DD'), 12000.00, 'Legal Professionals', 'DEPT-LBN-006');
INSERT INTO Advertisement VALUES ('ADV-1007', TO_DATE('2026-08-15', 'YYYY-MM-DD'), 'Digital', 'Port Maintenance Services', '45', 'Official Portal', 'Open to Labuan registered companies', TO_DATE('2026-09-29', 'YYYY-MM-DD'), 5000.00, 'Marine Engineers', 'DEPT-LBN-007');
INSERT INTO Advertisement VALUES ('ADV-1008', TO_DATE('2026-10-01', 'YYYY-MM-DD'), 'Print', 'Labuan Sentral Retail Lot', '30', 'Labuan Times', 'High foot traffic area', TO_DATE('2026-10-31', 'YYYY-MM-DD'), 15000.00, 'Retail Chains', 'DEPT-LBN-008');
INSERT INTO Advertisement VALUES ('ADV-1009', TO_DATE('2026-06-25', 'YYYY-MM-DD'), 'Digital', 'Civil Engineer', '30', 'LinkedIn', 'Project-based contract', TO_DATE('2026-07-25', 'YYYY-MM-DD'), 1000.00, 'Engineering Graduates', 'DEPT-LBN-009');
INSERT INTO Advertisement VALUES ('ADV-1010', TO_DATE('2026-07-05', 'YYYY-MM-DD'), 'Digital', 'Digital Learning Centre Kiosk', '30', 'Official Portal', 'Targeted for F&B vendors', TO_DATE('2026-08-04', 'YYYY-MM-DD'), 2000.00, 'F&B Startups', 'DEPT-LBN-010');
COMMIT;

-- =====================================================================
-- LEVEL 2: Depends on Level 1
-- =====================================================================

--COMPANY
INSERT INTO Company VALUES ('C000000000021', 'LLP0098112-LBN', 'Borneo Alpha Capital LLP', 'LLP', 'Local', 12500000.00, 'Level 3, Financial Park Labuan, Complex Main Office, 87000 Labuan, Malaysia', 'borneoalphacom', 'invest@borneoalpha.com', '6087411221', 'MEET-2026-001', 'REP-001');
INSERT INTO Company VALUES ('C000000000022', '201501099812', 'Pacific Rim Ventures Bhd', 'Bhd', 'Foreign', 45000000.00, 'Lot 15, Federal Avenue, Financial Park Towers, 87000 Labuan, Malaysia', 'pacrimventures.co', 'deals@pacrimventures.co', '6087422334', 'MEET-2026-002', 'REP-002');
INSERT INTO Company VALUES ('C000000000023', '202101034512', 'Nusantara Land Holdings Sdn Bhd', 'Sdn Bhd', 'Local', 5000000.00, 'Suite 5A, Lazenda Commercial Centre, Phase 3, 87000 Labuan, Malaysia', 'nusantaraland.my', 'admin@nusantaraland.my', '6087466123', 'MEET-2026-003', 'REP-003');
INSERT INTO Company VALUES ('C000000000024', 'LLP0044551-LBN', 'Equator Green Fund LLP', 'LLP', 'Foreign', 18000000.00, 'Level 7(B), Main Office Tower, Financial Park Complex, 87000 Labuan, Malaysia', 'equatorgreen.com', 'funding@equatorgreen.com', '6087415599', 'MEET-2026-004', 'REP-004');
INSERT INTO Company VALUES ('C000000000025', '201001022314', 'Labuan Global Trust Berhad', 'Bhd', 'Local', 25000000.00, 'Kensington House, Jalan OKK Awang Besar, 87000 Labuan, Malaysia', 'labuantrust.com.my', 'trustee@labuantrust.com.my', '6087413344', 'MEET-2026-005', 'REP-005');
INSERT INTO Company VALUES ('C000000000026', '202303991245', 'Kinabalu Wealth Partners', 'Sole Proprietorship', 'Local', 250000.00, 'No. 42, Taman Perumahan Lazenda, Jalan Kerma, 87000 Labuan, Malaysia', NULL, 'kwpartners@yahoo.com', '60198734412', 'MEET-2026-006', 'REP-006');
INSERT INTO Company VALUES ('C000000000027', '201801088712', 'Asean Real Estate Fund Bhd', 'Bhd', 'Foreign', 60000000.00, 'Level 11, Energy Complex, Financial Park Labuan, 87000 Labuan, Malaysia', 'aseanrefund.com', 'contact@aseanrefund.com', '6087499211', 'MEET-2026-007', 'REP-007');
INSERT INTO Company VALUES ('C000000000028', '201901044231', 'EcoTerra Agri-Invest Sdn Bhd', 'Sdn Bhd', 'Local', 3500000.00, 'Lot 8, Industrial Zone, Kampung Rancha-Rancha, 87000 Labuan, Malaysia', 'ecoterrainvest.my', 'proposals@ecoterrainvest.my', '6087511662', 'MEET-2026-008', 'REP-008');
INSERT INTO Company VALUES ('C000000000029', 'LLP0033118-LBN', 'Oceanic Yield Solutions LLP', 'LLP', 'Foreign', 8500000.00, 'Unit 1C, Brumby House, Jalan Kiansam, 87000 Labuan, Malaysia', 'oceanicyield.com', 'info@oceanicyield.com', '6087421155', 'MEET-2026-009', 'REP-009');
INSERT INTO Company VALUES ('C000000000030', '202201044556', 'Bayview Horizon Capital Sdn Bhd', 'Sdn Bhd', 'Local', 12000000.00, 'Level 4, Financial Park Complex, Block 4, 87000 Labuan, Malaysia', 'bayviewhorizon.com', 'investment@bayviewhorizon.com', '6087418822', 'MEET-2026-010', 'REP-010');
INSERT INTO Company VALUES ('C000000000031', '201201033221', 'Mega Structure Builders Sdn Bhd', 'Sdn Bhd', 'Local', 15000000.00, 'Lot 102, Lazenda Warehouse Phase 2, Jalan Papan, 87000 Labuan, Malaysia', 'megastructure.my', 'tender@megastructure.my', '6087433211', 'MEET-2026-001', 'REP-001');
INSERT INTO Company VALUES ('C000000000032', '201601077551', 'Borneo Infra Development Bhd', 'Bhd', 'Local', 35000000.00, 'Level 8, Tower A, Financial Park Complex, 87000 Labuan, Malaysia', 'borneoinfra.com.my', 'projects@borneoinfra.com.my', '6087455881', 'MEET-2026-002', 'REP-002');
INSERT INTO Company VALUES ('C000000000033', 'LLP0077882-LBN', 'Apex Eco-Constructors LLP', 'LLP', 'Local', 2000000.00, 'Suite 3, Block C, Lazenda Centre, Jalan Tun Mustapha, 87000 Labuan, Malaysia', 'apexconstruct.my', 'bizdev@apexconstruct.my', '6087466551', 'MEET-2026-003', 'REP-003');
INSERT INTO Company VALUES ('C000000000034', '202403112245', 'Sinar Utama Builders', 'Sole Proprietorship', 'Local', 180000.00, 'Kampung Sungai Bedaun, Jalan Kiansam, 87000 Labuan, Malaysia', NULL, 'sinarutamabn@gmail.com', '60138765431', 'MEET-2026-004', 'REP-004');
INSERT INTO Company VALUES ('C000000000035', '201101044321', 'Pacific Coastal Property Bhd', 'Bhd', 'Foreign', 50000000.00, 'Level 14, Main Office Tower, Financial Park Labuan, 87000 Labuan, Malaysia', 'pacificcoastal.com', 'procurement@pacificcoastal.com', '6087412288', 'MEET-2026-005', 'REP-005');
INSERT INTO Company VALUES ('C000000000036', '202001044112', 'Island View Engineering Sdn Bhd', 'Sdn Bhd', 'Local', 4500000.00, 'No. 18, Lazenda Industrial Park, Jalan Saguking, 87000 Labuan, Malaysia', 'islandvieweng.my', 'engineering@islandvieweng.my', '6087488339', 'MEET-2026-006', 'REP-006');
INSERT INTO Company VALUES ('C000000000037', 'LLP0055119-LBN', 'Global Port & Infra Design LLP', 'LLP', 'Foreign', 15000000.00, 'Unit E-2, Level 2, Financial Park Complex, 87000 Labuan, Malaysia', 'globalportdesign.com', 'tender_my@globalportdesign.com', '6087451122', 'MEET-2026-007', 'REP-007');
INSERT INTO Company VALUES ('C000000000038', '201701022441', 'Labuan Marine & Civil Sdn Bhd', 'Sdn Bhd', 'Local', 8000000.00, 'Lot 25, Rancha-Rancha Industrial Estate, 87000 Labuan, Malaysia', 'labuanmarine.com', 'ops@labuanmarine.com', '6087512233', 'MEET-2026-008', 'REP-008');
INSERT INTO Company VALUES ('C000000000039', '201401033445', 'Zenith Property Developers Bhd', 'Bhd', 'Local', 22000000.00, 'Suite 12, Level 2, Lazenda Commercial Centre, 87000 Labuan, Malaysia', 'zenithproperty.my', 'proposal@zenithproperty.my', '6087441166', 'MEET-2026-009', 'REP-009');
INSERT INTO Company VALUES ('C000000000040', '202301055612', 'EcoHorizon Urban Green Sdn Bhd', 'Sdn Bhd', 'Foreign', 11000000.00, 'Level 6, Main Office Tower, Financial Park Labuan, 87000 Labuan, Malaysia', 'ecohorizon.sg', 'landproposals@ecohorizon.sg', '6087419955', 'MEET-2026-010', 'REP-010');
COMMIT;

--INVESTMENT_COMMITTEE
INSERT INTO Investment_Committee VALUES ('COM000000000001', 'TERM-2026-S1', 'Technical', TO_DATE('2026-01-01', 'YYYY-MM-DD'), TO_DATE('2026-06-30', 'YYYY-MM-DD'), 'AUTH-HIGH', 'Review engineering, physical mapping, and zoning feasibility of Labuan land lease proposals.', 98.5, 'Weekly', 1.5, 'EMP011');
INSERT INTO Investment_Committee VALUES ('COM000000000002', 'TERM-2026-S1', 'Financial', TO_DATE('2026-01-01', 'YYYY-MM-DD'), TO_DATE('2026-12-31', 'YYYY-MM-DD'), 'AUTH-HIGH', 'Evaluate ROI, rental yield, and financial capability of outer company proposal submittals.', 100, 'Bi-Weekly', 2, 'EMP012');
INSERT INTO Investment_Committee VALUES ('COM000000000003', 'TERM-2026-S1', 'Environmental', TO_DATE('2026-02-01', 'YYYY-MM-DD'), TO_DATE('2026-08-31', 'YYYY-MM-DD'), 'AUTH-MID', 'Assess EIA (Environmental Impact Assessment) compliance for agricultural/industrial land usage.', 92.25, 'Monthly', 1, 'EMP013');
INSERT INTO Investment_Committee VALUES ('COM000000000004', 'TERM-2026-S1', 'Legal', TO_DATE('2026-01-15', 'YYYY-MM-DD'), TO_DATE('2026-12-15', 'YYYY-MM-DD'), 'AUTH-HIGH', 'Review land lease agreements, indemnity clauses, and Labuan regulatory compliance structure.', 95, 'Monthly', 1.75, 'EMP014');
INSERT INTO Investment_Committee VALUES ('COM000000000005', 'TERM-2026-S1', 'Socio-Economic', TO_DATE('2026-03-01', 'YYYY-MM-DD'), TO_DATE('2026-12-31', 'YYYY-MM-DD'), 'AUTH-LOW', 'Analyze local employment opportunities and economic spin-off impacts on the Sabah region.', 88, 'Quarterly', 0.75, 'EMP015');
INSERT INTO Investment_Committee VALUES ('COM000000000006', 'TERM-2026-S2', 'Technical', TO_DATE('2026-07-01', 'YYYY-MM-DD'), TO_DATE('2026-12-31', 'YYYY-MM-DD'), 'AUTH-HIGH', 'Structural and infrastructure connectivity evaluation for mid-term commercial land bids.', 96, 'Weekly', 1.5, 'EMP016');
INSERT INTO Investment_Committee VALUES ('COM000000000007', 'TERM-2026-S1', 'Financial', TO_DATE('2026-04-01', 'YYYY-MM-DD'), TO_DATE('2027-04-01', 'YYYY-MM-DD'), 'AUTH-MID', 'Audit joint-venture capital accounts and escrow validation for commercial land partnerships.', 94.5, 'Bi-Weekly', 1.25, 'EMP017');
INSERT INTO Investment_Committee VALUES ('COM000000000008', 'TERM-2026-S1', 'Environmental', TO_DATE('2026-05-15', 'YYYY-MM-DD'), TO_DATE('2026-11-15', 'YYYY-MM-DD'), 'AUTH-LOW', 'Analyze temporary land clearing permits and waste-management proposals from third parties.', 100, 'Monthly', 1, 'EMP018');
INSERT INTO Investment_Committee VALUES ('COM000000000009', 'TERM-2026-S1', 'Legal', TO_DATE('2026-01-01', 'YYYY-MM-DD'), TO_DATE('2026-12-31', 'YYYY-MM-DD'), 'AUTH-HIGH', 'Dispute resolution and optimization of multi-tenant land zoning lease frameworks.', NULL, 'Quarterly', 1.5, 'EMP019');
INSERT INTO Investment_Committee VALUES ('COM000000000010', 'TERM-2026-S1', 'Technical', TO_DATE('2026-06-01', 'YYYY-MM-DD'), TO_DATE('2027-06-01', 'YYYY-MM-DD'), 'AUTH-MID', 'Infrastructure assessment for logistics and warehousing layout blueprints on corporate plots.', 91, 'Bi-Weekly', 1, 'EMP020');
COMMIT;

--INSPECTOR
INSERT INTO Inspector VALUES ('INS-2026-001', 'DOSH/LBN/2021/089', 'Structural Safety', TO_DATE('2025-03-15', 'YYYY-MM-DD'), 'Zone A', 4.85, 142, '6087412211', TO_DATE('2027-03-15', 'YYYY-MM-DD'), 'CERT-STR-9912', 'EMP001');
INSERT INTO Inspector VALUES ('INS-2026-002', 'DOSH/SBH/2023/142', 'Mechanical and Electrical', TO_DATE('2025-05-20', 'YYYY-MM-DD'), 'Zone B', 4.5, 88, '6087422334', TO_DATE('2028-05-20', 'YYYY-MM-DD'), 'CERT-ME-4451', 'EMP002');
INSERT INTO Inspector VALUES ('INS-2026-003', 'DOSH/LBN/2020/011', 'Environmental Hazard', TO_DATE('2024-11-10', 'YYYY-MM-DD'), 'Zone C', 4.9, 210, '6087466123', TO_DATE('2026-11-10', 'YYYY-MM-DD'), 'CERT-ENV-1034', 'EMP003');
INSERT INTO Inspector VALUES ('INS-2026-004', 'DOSH/SBH/2024/301', 'Fire Protection', TO_DATE('2026-01-15', 'YYYY-MM-DD'), 'Zone D', 4.2, 34, '6087415599', TO_DATE('2029-01-15', 'YYYY-MM-DD'), 'CERT-FIRE-2288', 'EMP004');
INSERT INTO Inspector VALUES ('INS-2026-005', 'DOSH/LBN/2022/224', 'Civil Construction', TO_DATE('2025-08-12', 'YYYY-MM-DD'), 'Zone A', 3.95, 95, '6087413344', TO_DATE('2027-08-12', 'YYYY-MM-DD'), 'CERT-CIV-8891', 'EMP005');
INSERT INTO Inspector VALUES ('INS-2026-006', 'DOSH/LBN/2025/005', 'Structural Safety', TO_DATE('2025-12-01', 'YYYY-MM-DD'), 'Zone C', NULL, 12, '60198734412', TO_DATE('2028-12-01', 'YYYY-MM-DD'), 'CERT-STR-3041', 'EMP006');
INSERT INTO Inspector VALUES ('INS-2026-007', 'DOSH/SBH/2019/512', 'Environmental Hazard', TO_DATE('2024-06-18', 'YYYY-MM-DD'), 'Zone B', 4.75, 315, '6087499211', TO_DATE('2026-06-18', 'YYYY-MM-DD'), 'CERT-ENV-7712', 'EMP007');
INSERT INTO Inspector VALUES ('INS-2026-008', 'DOSH/LBN/2023/055', 'Mechanical and Electrical', TO_DATE('2025-02-28', 'YYYY-MM-DD'), 'Zone D', 4.1, 67, '6087511662', TO_DATE('2027-02-28', 'YYYY-MM-DD'), 'CERT-ME-0442', 'EMP008');
INSERT INTO Inspector VALUES ('INS-2026-009', 'DOSH/SBH/2021/119', 'Civil Construction', TO_DATE('2024-09-05', 'YYYY-MM-DD'), 'Zone A', 4.6, 180, '6087455219', TO_DATE('2026-09-05', 'YYYY-MM-DD'), 'CERT-CIV-5512', 'EMP009');
INSERT INTO Inspector VALUES ('INS-2026-010', 'DOSH/LBN/2024/094', 'Fire Protection', TO_DATE('2025-10-22', 'YYYY-MM-DD'), 'Zone B', 4.35, 43, '6087411225', TO_DATE('2028-10-22', 'YYYY-MM-DD'), 'CERT-FIRE-9411', 'EMP010');
COMMIT;

--JOB_APPLICATION
INSERT INTO Job_Application VALUES ('APP-2026-001', TO_TIMESTAMP('2026-03-01 09:15:00', 'YYYY-MM-DD HH24:MI:SS'), 30, 4500.00, 'LinkedIn', 85.5, TO_DATE('2026-03-10', 'YYYY-MM-DD'), 'Yes', 'Offered', 'Excellent technical skills. Highly recommended.', 'APP-2026-001');
INSERT INTO Job_Application VALUES ('APP-2026-002', TO_TIMESTAMP('2026-03-01 10:45:00', 'YYYY-MM-DD HH24:MI:SS'), 60, 8000.00, 'JobStreet', 92, TO_DATE('2026-03-12', 'YYYY-MM-DD'), 'No', 'Withdrawn', 'Candidate withdrew due to counter-offer.', 'APP-2026-002');
INSERT INTO Job_Application VALUES ('APP-2026-003', TO_TIMESTAMP('2026-03-02 14:30:00', 'YYYY-MM-DD HH24:MI:SS'), 0, 3000.00, 'Recruitment Agency', 45, NULL, NULL, 'Rejected', 'Lacks required experience in Flutter.', 'APP-2026-003');
INSERT INTO Job_Application VALUES ('APP-2026-004', TO_TIMESTAMP('2026-03-05 08:00:00', 'YYYY-MM-DD HH24:MI:SS'), 14, 5500.00, 'Company Website', 78.5, TO_DATE('2026-03-20', 'YYYY-MM-DD'), 'Yes', 'Offered', 'Good cultural fit. Strong communication.', 'APP-2026-004');
INSERT INTO Job_Application VALUES ('APP-2026-005', TO_TIMESTAMP('2026-03-06 16:20:00', 'YYYY-MM-DD HH24:MI:SS'), 90, 12000.00, 'Employee Referral', 95, TO_DATE('2026-03-25', 'YYYY-MM-DD'), 'Yes', 'Offered', 'Exceptional leadership qualities. Make offer ASAP.', 'APP-2026-005');
INSERT INTO Job_Application VALUES ('APP-2026-006', TO_TIMESTAMP('2026-03-10 11:15:00', 'YYYY-MM-DD HH24:MI:SS'), 30, 6000.00, 'Facebook Jobs', 88, TO_DATE('2026-03-22', 'YYYY-MM-DD'), NULL, 'Interviewing', 'Awaiting final technical assessment.', 'APP-2026-006');
INSERT INTO Job_Application VALUES ('APP-2026-007', TO_TIMESTAMP('2026-03-12 15:45:00', 'YYYY-MM-DD HH24:MI:SS'), 0, 3500.00, 'Career Fair', 55, NULL, NULL, 'Rejected', 'Not a fit for this seniority level.', 'APP-2026-007');
INSERT INTO Job_Application VALUES ('APP-2026-008', TO_TIMESTAMP('2026-03-15 09:05:00', 'YYYY-MM-DD HH24:MI:SS'), 60, 7500.00, 'Recruitment Agency', NULL, NULL, NULL, 'Applied', NULL, 'APP-2026-008');
INSERT INTO Job_Application VALUES ('APP-2026-009', TO_TIMESTAMP('2026-03-18 13:20:00', 'YYYY-MM-DD HH24:MI:SS'), 30, 4800.00, 'Walk-in Application', 72, TO_DATE('2026-03-28', 'YYYY-MM-DD'), NULL, 'Interviewing', 'Follow up on notice period flexibility.', 'APP-2026-009');
INSERT INTO Job_Application VALUES ('APP-2026-010', TO_TIMESTAMP('2026-03-20 17:50:00', 'YYYY-MM-DD HH24:MI:SS'), 14, 5000.00, 'University Career Portal', NULL, NULL, NULL, 'Applied', NULL, 'APP-2026-010');
COMMIT;

-- =====================================================================
-- LEVEL 3: Depends on Level 2
-- =====================================================================

--INVESTOR
INSERT INTO Investor VALUES ('MIDA/LBN/2026/INV-21', 'C00000000000021', 'Infrastructure', 'Institutional', 12500000.00, 3, 'Conservative', 12, 'Yes', 'AA', 'C00000000000021');
INSERT INTO Investor VALUES ('MIDA/INT/2026/INV-22', 'C00000000000022', 'Digital Tech', 'Venture Capital', 45000000.00, 8, 'Aggressive', 7, 'No', 'A', 'C00000000000022');
INSERT INTO Investor VALUES ('MIDA/LBN/2026/INV-23', 'C00000000000023', 'Manufacturing', 'Corporate', 5000000.00, 2, 'Moderate', 10, 'Yes', 'BBB', 'C00000000000023');
INSERT INTO Investor VALUES ('MIDA/INT/2026/INV-24', 'C00000000000024', 'Services', 'Institutional', 18000000.00, 4, 'Conservative', 15, 'Yes', 'AA', 'C00000000000024');
INSERT INTO Investor VALUES ('MIDA/LBN/2026/INV-25', 'C00000000000025', 'Primary', 'Corporate', 25000000.00, 5, 'Moderate', 8, 'Yes', 'A', 'C00000000000025');
INSERT INTO Investor VALUES ('MIDA/LBN/2026/INV-26', 'C00000000000026', 'Digital Tech', 'Angel Investor', 250000.00, 1, 'Aggressive', 3, 'Yes', NULL, 'C00000000000026');
INSERT INTO Investor VALUES ('MIDA/INT/2026/INV-27', 'C00000000000027', 'Infrastructure', 'Institutional', 60000000.00, 6, 'Conservative', 20, 'No', 'AAA', 'C00000000000027');
INSERT INTO Investor VALUES ('MIDA/LBN/2026/INV-28', 'C00000000000028', 'Primary', 'Corporate', 3500000.00, 2, 'Moderate', 6, 'Yes', 'BB', 'C00000000000028');
INSERT INTO Investor VALUES ('MIDA/LBN/2026/INV-29', 'C00000000000029', 'Digital Tech', 'Venture Capital', 15000000.00, 4, 'Aggressive', 5, 'No', 'BBB', 'C00000000000029');
INSERT INTO Investor VALUES ('MIDA/SAB/2026/INV-30', 'C00000000000030', 'Primary', 'Corporate', 8000000.00, 0, 'Conservative', 10, 'Yes', NULL, 'C00000000000030');
COMMIT;

--DEVELOPER
INSERT INTO Developer VALUES ('DEV000000000001', 'CIDB/LBN/A1/00234-20', '14 Years', 28, 142000000.00, 14, 'Excellent', 145, 'Marine Infrastructure & Harbor Reclamation', 4.8, 'C00000000000031');
INSERT INTO Developer VALUES ('DEV000000000002', 'CIDB/KLA/B2/05611-16', '10 Years', 15, 89500000.00, 10, 'Good', 98, 'High-Rise Commercial Buildings & Office Complexes', 4.2, 'C00000000000032');
INSERT INTO Developer VALUES ('DEV000000000003', 'CIDB/LBN/G7/08831-21', '5 Years', 8, 12400000.00, 5, 'Stable', 34, 'Eco-Friendly Modular Industrial Warehouses', 3.9, 'C00000000000033');
INSERT INTO Developer VALUES ('DEV000000000004', 'CIDB/SAB/G3/11045-24', '2 Years', 3, 450000.00, 2, 'Audited', 12, 'Small-scale Civil Site Clearing & Earthworks', NULL, 'C00000000000034');
INSERT INTO Developer VALUES ('DEV000000000005', 'CIDB/HQ/A1/00991-11', '15 Years', 42, 310000000.00, 15, 'Excellent', 280, 'Deep Sea Port Terminals & Marine Civil Works', 4.9, 'C00000000000035');
INSERT INTO Developer VALUES ('DEV000000000006', 'CIDB/LBN/G5/04412-20', '6 Years', 11, 24500000.00, 6, 'Good', 45, 'Industrial Plant Piping & Structural Engineering', 4.0, 'C00000000000036');
INSERT INTO Developer VALUES ('DEV000000000007', 'CIDB/INT/G7/00551-17', '9 Years', 19, 185000000.00, 9, 'Excellent', 110, 'Smart City Infrastructure & Sustainable Roads', 4.5, 'C00000000000037');
INSERT INTO Developer VALUES ('DEV000000000008', 'CIDB/LBN/G6/02241-17', '9 Years', 22, 68000000.00, 9, 'Stable', 75, 'Coastal Erosion Walls & Dredging Engineering', 4.1, 'C00000000000038');
INSERT INTO Developer VALUES ('DEV000000000009', 'CIDB/SAB/G7/03344-14', '12 Years', 31, 195000000.00, 12, 'Excellent', 160, 'Mixed-use Commercial Townships & Modern Retails', 4.7, 'C00000000000039');
INSERT INTO Developer VALUES ('DEV000000000010', 'CIDB/SGP/G7/05561-23', '3 Years', 5, 45000000.00, 3, 'Audited', 28, 'Green Building Commercial Solar Farm Developments', 4.3, 'C00000000000040');
COMMIT;

-- =====================================================================
-- LEVEL 4: Depends on Level 3
-- =====================================================================

--INVESTMENT_APPLICATION
INSERT INTO Investment_Application VALUES ('APP-2026-8001', TO_DATE('2026-01-05', 'YYYY-MM-DD'), TO_DATE('2026-01-08', 'YYYY-MM-DD'), 'Approved', 'Strong networking background.', '5 days', 0.00, 'C00000000000021', 'REP-001');
INSERT INTO Investment_Application VALUES ('APP-2026-8002', TO_DATE('2026-01-10', 'YYYY-MM-DD'), TO_DATE('2026-01-12', 'YYYY-MM-DD'), 'Rejected', 'Lacks required experience.', '6 days', 0.00, 'C00000000000022', 'REP-002');
INSERT INTO Investment_Application VALUES ('APP-2026-8003', TO_DATE('2026-01-15', 'YYYY-MM-DD'), TO_DATE('2026-01-18', 'YYYY-MM-DD'), 'Under Review', 'Expanding digital infrastructure.', '9 days', 1500.00, 'C00000000000023', 'REP-003');
INSERT INTO Investment_Application VALUES ('APP-2026-8004', TO_DATE('2026-01-20', 'YYYY-MM-DD'), TO_DATE('2026-01-25', 'YYYY-MM-DD'), 'Approved', 'Accepted offer on July 2nd.', '5 days', 0.00, 'C00000000000024', 'REP-004');
INSERT INTO Investment_Application VALUES ('APP-2026-8005', TO_DATE('2026-01-22', 'YYYY-MM-DD'), NULL, 'Pending', 'High paid-up capital verified.', '10 days', 5000.00, 'C00000000000025', 'REP-005');
INSERT INTO Investment_Application VALUES ('APP-2026-8006', TO_DATE('2026-02-01', 'YYYY-MM-DD'), TO_DATE('2026-02-05', 'YYYY-MM-DD'), 'Approved', 'Awaiting HR initial screen.', NULL, 0.00, 'C00000000000026', 'REP-006');
INSERT INTO Investment_Application VALUES ('APP-2026-8007', TO_DATE('2026-02-07', 'YYYY-MM-DD'), TO_DATE('2026-02-10', 'YYYY-MM-DD'), 'Rejected', 'Incomplete documentation.', '5 days', 0.00, 'C00000000000027', 'REP-007');
INSERT INTO Investment_Application VALUES ('APP-2026-8008', TO_DATE('2026-02-12', 'YYYY-MM-DD'), NULL, 'Pending', 'Pending financial audit.', NULL, 1500.00, 'C00000000000028', 'REP-008');
INSERT INTO Investment_Application VALUES ('APP-2026-8009', TO_DATE('2026-02-18', 'YYYY-MM-DD'), TO_DATE('2026-02-22', 'YYYY-MM-DD'), 'Under Review', 'Good portfolio.', '6 days', 0.00, 'C00000000000029', 'REP-009');
INSERT INTO Investment_Application VALUES ('APP-2026-8010', TO_DATE('2026-02-25', 'YYYY-MM-DD'), TO_DATE('2026-02-28', 'YYYY-MM-DD'), 'Approved', 'Met all strict conditions.', '5 days', 5000.00, 'C00000000000030', 'REP-010');
COMMIT;

--TERMINATION
INSERT INTO Termination VALUES ('TERM-2026-101', TO_DATE('2026-10-01', 'YYYY-MM-DD'), 'Executed', 250000.00, 'Completed', TO_DATE('2026-09-01', 'YYYY-MM-DD'), TO_DATE('2026-10-02 08:30:00', 'YYYY-MM-DD HH24:MI:SS'), 'Not Required', 'BRCH-FIN-04', 14, 'C00000000000021');
INSERT INTO Termination VALUES ('TERM-2026-102', TO_DATE('2026-10-05', 'YYYY-MM-DD'), 'Under Legal Review', 0.00, 'Pending', TO_DATE('2026-09-15', 'YYYY-MM-DD'), NULL, 'Notice Served', 'BRCH-DLAY-01', 30, 'C00000000000022');
INSERT INTO Termination VALUES ('TERM-2026-103', TO_DATE('2026-10-12', 'YYYY-MM-DD'), 'Appealed', 50000.00, 'In Progress', TO_DATE('2026-09-12', 'YYYY-MM-DD'), NULL, 'Notice Served', 'BRCH-QUAL-02', 30, 'C00000000000023');
INSERT INTO Termination VALUES ('TERM-2026-104', TO_DATE('2026-10-15', 'YYYY-MM-DD'), 'Executed', 1500000.00, 'Completed', TO_DATE('2026-09-01', 'YYYY-MM-DD'), TO_DATE('2026-10-16 10:00:00', 'YYYY-MM-DD HH24:MI:SS'), 'Evicted', 'BRCH-ABND-09', 7, 'C00000000000024');
INSERT INTO Termination VALUES ('TERM-2026-105', TO_DATE('2026-10-20', 'YYYY-MM-DD'), 'Pending', 0.00, 'Pending', TO_DATE('2026-10-01', 'YYYY-MM-DD'), NULL, 'Not Required', 'BRCH-COMP-01', 60, 'C00000000000025');
INSERT INTO Termination VALUES ('TERM-2026-106', TO_DATE('2026-10-22', 'YYYY-MM-DD'), 'Executed', 75000.00, 'Failed', TO_DATE('2026-09-20', 'YYYY-MM-DD'), TO_DATE('2026-10-23 14:15:00', 'YYYY-MM-DD HH24:MI:SS'), 'Resisting', 'BRCH-SAFE-03', 14, 'C00000000000026');
INSERT INTO Termination VALUES ('TERM-2026-107', TO_DATE('2026-10-25', 'YYYY-MM-DD'), 'Under Legal Review', 0.00, 'Pending', TO_DATE('2026-09-25', 'YYYY-MM-DD'), NULL, 'Notice Served', 'BRCH-FIN-02', 30, 'C00000000000027');
INSERT INTO Termination VALUES ('TERM-2026-108', TO_DATE('2026-11-02', 'YYYY-MM-DD'), 'Appealed', 120000.00, 'In Progress', TO_DATE('2026-10-02', 'YYYY-MM-DD'), NULL, 'Not Required', 'BRCH-DLAY-03', 45, 'C00000000000028');
INSERT INTO Termination VALUES ('TERM-2026-109', TO_DATE('2026-11-05', 'YYYY-MM-DD'), 'Executed', 300000.00, 'Completed', TO_DATE('2026-10-05', 'YYYY-MM-DD'), TO_DATE('2026-11-06 09:00:00', 'YYYY-MM-DD HH24:MI:SS'), 'Evicted', 'BRCH-ABND-01', 14, 'C00000000000029');
INSERT INTO Termination VALUES ('TERM-2026-110', TO_DATE('2026-11-10', 'YYYY-MM-DD'), 'Pending', 0.00, 'Pending', TO_DATE('2026-10-20', 'YYYY-MM-DD'), NULL, 'Not Required', 'BRCH-COMP-02', 90, 'C00000000000030');
COMMIT;

-- =====================================================================
-- LEVEL 5: Proposal_Content (The Superclass)
-- =====================================================================

--PROPOSAL_CONTENT
-- Economic Sub-Proposal Blocks
INSERT INTO Proposal_Content VALUES ('PRP-ECO-001', 'ECO000000000001', TO_DATE('2026-03-15', 'YYYY-MM-DD'), 'Approved', 'Verified', 'Certified Financial Economist (Sabah)', 'DEV000000000001', 'REP-001', 'MEET-2026-001', 'APP-2026-8001');
INSERT INTO Proposal_Content VALUES ('PRP-ECO-002', 'ECO000000000002', TO_DATE('2026-03-18', 'YYYY-MM-DD'), 'Approved', 'Verified', 'Certified Financial Economist (Sabah)', 'DEV000000000002', 'REP-002', 'MEET-2026-002', 'APP-2026-8002');
INSERT INTO Proposal_Content VALUES ('PRP-ECO-003', 'ECO000000000003', TO_DATE('2026-04-02', 'YYYY-MM-DD'), 'Approved', 'Verified', 'Certified Financial Economist (Sabah)', 'DEV000000000003', 'REP-003', 'MEET-2026-003', 'APP-2026-8003');
INSERT INTO Proposal_Content VALUES ('PRP-ECO-004', 'ECO000000000004', TO_DATE('2026-04-10', 'YYYY-MM-DD'), 'Requires Revision', 'Verified', 'Certified Financial Economist (Sabah)', 'DEV000000000004', 'REP-004', 'MEET-2026-004', 'APP-2026-8004');
INSERT INTO Proposal_Content VALUES ('PRP-ECO-005', 'ECO000000000005', TO_DATE('2026-04-15', 'YYYY-MM-DD'), 'Approved', 'Verified', 'Certified Financial Economist (Sabah)', 'DEV000000000005', 'REP-005', 'MEET-2026-005', 'APP-2026-8005');
INSERT INTO Proposal_Content VALUES ('PRP-ECO-006', 'ECO000000000006', TO_DATE('2026-04-22', 'YYYY-MM-DD'), 'Approved', 'Verified', 'Certified Financial Economist (Sabah)', 'DEV000000000006', 'REP-006', 'MEET-2026-006', 'APP-2026-8006');
INSERT INTO Proposal_Content VALUES ('PRP-ECO-007', 'ECO000000000007', TO_DATE('2026-05-02', 'YYYY-MM-DD'), 'Approved', 'Verified', 'Certified Financial Economist (Sabah)', 'DEV000000000007', 'REP-007', 'MEET-2026-007', 'APP-2026-8007');
INSERT INTO Proposal_Content VALUES ('PRP-ECO-008', 'ECO000000000008', TO_DATE('2026-05-05', 'YYYY-MM-DD'), 'Requires Revision', 'Verified', 'Certified Financial Economist (Sabah)', 'DEV000000000008', 'REP-008', 'MEET-2026-008', 'APP-2026-8008');
INSERT INTO Proposal_Content VALUES ('PRP-ECO-009', 'ECO000000000009', TO_DATE('2026-05-12', 'YYYY-MM-DD'), 'Approved', 'Verified', 'Certified Financial Economist (Sabah)', 'DEV000000000009', 'REP-009', 'MEET-2026-009', 'APP-2026-8009');
INSERT INTO Proposal_Content VALUES ('PRP-ECO-010', 'ECO000000000010', TO_DATE('2026-05-20', 'YYYY-MM-DD'), 'Requires Revision', 'Verified', 'Certified Financial Economist (Sabah)', 'DEV000000000010', 'REP-010', 'MEET-2026-010', 'APP-2026-8010');

-- Environmental Sub-Proposal Blocks
INSERT INTO Proposal_Content VALUES ('PRP-ENV-001', 'ENV000000000001', TO_DATE('2026-03-14', 'YYYY-MM-DD'), 'Approved', 'Verified', 'EIA Registered Consultant (Sabah DOE)', 'DEV000000000001', 'REP-001', 'MEET-2026-001', 'APP-2026-8001');
INSERT INTO Proposal_Content VALUES ('PRP-ENV-002', 'ENV000000000002', TO_DATE('2026-03-19', 'YYYY-MM-DD'), 'Approved', 'Verified', 'EIA Registered Consultant (Sabah DOE)', 'DEV000000000002', 'REP-002', 'MEET-2026-002', 'APP-2026-8002');
INSERT INTO Proposal_Content VALUES ('PRP-ENV-003', 'ENV000000000003', TO_DATE('2026-04-01', 'YYYY-MM-DD'), 'Approved', 'Verified', 'EIA Registered Consultant (Sabah DOE)', 'DEV000000000003', 'REP-003', 'MEET-2026-003', 'APP-2026-8003');
INSERT INTO Proposal_Content VALUES ('PRP-ENV-004', 'ENV000000000004', TO_DATE('2026-04-11', 'YYYY-MM-DD'), 'Pending', 'Verified', 'EIA Registered Consultant (Sabah DOE)', 'DEV000000000004', 'REP-004', 'MEET-2026-004', 'APP-2026-8004');
INSERT INTO Proposal_Content VALUES ('PRP-ENV-005', 'ENV000000000005', TO_DATE('2026-04-16', 'YYYY-MM-DD'), 'Approved', 'Verified', 'EIA Registered Consultant (Sabah DOE)', 'DEV000000000005', 'REP-005', 'MEET-2026-005', 'APP-2026-8005');
INSERT INTO Proposal_Content VALUES ('PRP-ENV-006', 'ENV000000000006', TO_DATE('2026-04-25', 'YYYY-MM-DD'), 'Approved', 'Verified', 'EIA Registered Consultant (Sabah DOE)', 'DEV000000000006', 'REP-006', 'MEET-2026-006', 'APP-2026-8006');
INSERT INTO Proposal_Content VALUES ('PRP-ENV-007', 'ENV000000000007', TO_DATE('2026-05-03', 'YYYY-MM-DD'), 'Pending', 'Verified', 'EIA Registered Consultant (Sabah DOE)', 'DEV000000000007', 'REP-007', 'MEET-2026-007', 'APP-2026-8007');
INSERT INTO Proposal_Content VALUES ('PRP-ENV-008', 'ENV000000000008', TO_DATE('2026-05-06', 'YYYY-MM-DD'), 'Requires Revision', 'Verified', 'EIA Registered Consultant (Sabah DOE)', 'DEV000000000008', 'REP-008', 'MEET-2026-008', 'APP-2026-8008');
INSERT INTO Proposal_Content VALUES ('PRP-ENV-009', 'ENV000000000009', TO_DATE('2026-05-14', 'YYYY-MM-DD'), 'Approved', 'Verified', 'EIA Registered Consultant (Sabah DOE)', 'DEV000000000009', 'REP-009', 'MEET-2026-009', 'APP-2026-8009');
INSERT INTO Proposal_Content VALUES ('PRP-ENV-010', 'ENV000000000010', TO_DATE('2026-05-21', 'YYYY-MM-DD'), 'Approved', 'Verified', 'EIA Registered Consultant (Sabah DOE)', 'DEV000000000010', 'REP-010', 'MEET-2026-010', 'APP-2026-8010');

-- Social Sub-Proposal Blocks
INSERT INTO Proposal_Content VALUES ('PRP-SOC-001', 'SOC000000000001', TO_DATE('2026-03-16', 'YYYY-MM-DD'), 'Approved', 'Verified', 'Social Impact Assessment (SIA) Specialist', 'DEV000000000001', 'REP-001', 'MEET-2026-001', 'APP-2026-8001');
INSERT INTO Proposal_Content VALUES ('PRP-SOC-002', 'SOC000000000002', TO_DATE('2026-03-20', 'YYYY-MM-DD'), 'Approved', 'Verified', 'Social Impact Assessment (SIA) Specialist', 'DEV000000000002', 'REP-002', 'MEET-2026-002', 'APP-2026-8002');
INSERT INTO Proposal_Content VALUES ('PRP-SOC-003', 'SOC000000000003', TO_DATE('2026-04-03', 'YYYY-MM-DD'), 'Approved', 'Verified', 'Social Impact Assessment (SIA) Specialist', 'DEV000000000003', 'REP-003', 'MEET-2026-003', 'APP-2026-8003');
INSERT INTO Proposal_Content VALUES ('PRP-SOC-004', 'SOC000000000004', TO_DATE('2026-04-12', 'YYYY-MM-DD'), 'Pending', 'Verified', 'Social Impact Assessment (SIA) Specialist', 'DEV000000000004', 'REP-004', 'MEET-2026-004', 'APP-2026-8004');
INSERT INTO Proposal_Content VALUES ('PRP-SOC-005', 'SOC000000000005', TO_DATE('2026-04-17', 'YYYY-MM-DD'), 'Approved', 'Verified', 'Social Impact Assessment (SIA) Specialist', 'DEV000000000005', 'REP-005', 'MEET-2026-005', 'APP-2026-8005');
INSERT INTO Proposal_Content VALUES ('PRP-SOC-006', 'SOC000000000006', TO_DATE('2026-04-26', 'YYYY-MM-DD'), 'Requires Revision', 'Verified', 'Social Impact Assessment (SIA) Specialist', 'DEV000000000006', 'REP-006', 'MEET-2026-006', 'APP-2026-8006');
INSERT INTO Proposal_Content VALUES ('PRP-SOC-007', 'SOC000000000007', TO_DATE('2026-05-04', 'YYYY-MM-DD'), 'Approved', 'Verified', 'Social Impact Assessment (SIA) Specialist', 'DEV000000000007', 'REP-007', 'MEET-2026-007', 'APP-2026-8007');
INSERT INTO Proposal_Content VALUES ('PRP-SOC-008', 'SOC000000000008', TO_DATE('2026-05-07', 'YYYY-MM-DD'), 'Pending', 'Verified', 'Social Impact Assessment (SIA) Specialist', 'DEV000000000008', 'REP-008', 'MEET-2026-008', 'APP-2026-8008');
INSERT INTO Proposal_Content VALUES ('PRP-SOC-009', 'SOC000000000009', TO_DATE('2026-05-15', 'YYYY-MM-DD'), 'Approved', 'Verified', 'Social Impact Assessment (SIA) Specialist', 'DEV000000000009', 'REP-009', 'MEET-2026-009', 'APP-2026-8009');
INSERT INTO Proposal_Content VALUES ('PRP-SOC-010', 'SOC000000000010', TO_DATE('2026-05-22', 'YYYY-MM-DD'), 'Approved', 'Verified', 'Social Impact Assessment (SIA) Specialist', 'DEV000000000010', 'REP-010', 'MEET-2026-010', 'APP-2026-8010');

-- Digital Sub-Proposal Blocks
INSERT INTO Proposal_Content VALUES ('PRP-DIG-001', 'DIG000000000001', TO_DATE('2026-02-15', 'YYYY-MM-DD'), 'Approved', 'Verified', 'MDEC Tech Transformation Officer', 'DEV000000000001', 'REP-001', 'MEET-2026-001', 'APP-2026-8001');
INSERT INTO Proposal_Content VALUES ('PRP-DIG-002', 'DIG000000000002', TO_DATE('2026-02-15', 'YYYY-MM-DD'), 'Approved', 'Verified', 'MDEC Tech Transformation Officer', 'DEV000000000002', 'REP-002', 'MEET-2026-002', 'APP-2026-8002');
INSERT INTO Proposal_Content VALUES ('PRP-DIG-003', 'DIG000000000003', TO_DATE('2026-02-15', 'YYYY-MM-DD'), 'Under Review', 'Verified', 'MDEC Tech Transformation Officer', 'DEV000000000003', 'REP-003', 'MEET-2026-003', 'APP-2026-8003');
INSERT INTO Proposal_Content VALUES ('PRP-DIG-004', 'DIG000000000004', TO_DATE('2026-02-15', 'YYYY-MM-DD'), 'Approved', 'Verified', 'MDEC Tech Transformation Officer', 'DEV000000000004', 'REP-004', 'MEET-2026-004', 'APP-2026-8004');
INSERT INTO Proposal_Content VALUES ('PRP-DIG-005', 'DIG000000000005', TO_DATE('2026-02-15', 'YYYY-MM-DD'), 'Approved', 'Verified', 'MDEC Tech Transformation Officer', 'DEV000000000005', 'REP-005', 'MEET-2026-005', 'APP-2026-8005');
INSERT INTO Proposal_Content VALUES ('PRP-DIG-006', 'DIG000000000006', TO_DATE('2026-02-15', 'YYYY-MM-DD'), 'Requires Revision', 'Verified', 'MDEC Tech Transformation Officer', 'DEV000000000006', 'REP-006', 'MEET-2026-006', 'APP-2026-8006');
INSERT INTO Proposal_Content VALUES ('PRP-DIG-007', 'DIG000000000007', TO_DATE('2026-02-15', 'YYYY-MM-DD'), 'Under Review', 'Verified', 'MDEC Tech Transformation Officer', 'DEV000000000007', 'REP-007', 'MEET-2026-007', 'APP-2026-8007');
INSERT INTO Proposal_Content VALUES ('PRP-DIG-008', 'DIG000000000008', TO_DATE('2026-02-15', 'YYYY-MM-DD'), 'Approved', 'Verified', 'MDEC Tech Transformation Officer', 'DEV000000000008', 'REP-008', 'MEET-2026-008', 'APP-2026-8008');
INSERT INTO Proposal_Content VALUES ('PRP-DIG-009', 'DIG000000000009', TO_DATE('2026-02-15', 'YYYY-MM-DD'), 'Under Review', 'Verified', 'MDEC Tech Transformation Officer', 'DEV000000000009', 'REP-009', 'MEET-2026-009', 'APP-2026-8009');
INSERT INTO Proposal_Content VALUES ('PRP-DIG-010', 'DIG000000000010', TO_DATE('2026-02-15', 'YYYY-MM-DD'), 'Approved', 'Verified', 'MDEC Tech Transformation Officer', 'DEV000000000010', 'REP-010', 'MEET-2026-010', 'APP-2026-8010');

-- Infrastructure Sub-Proposal Blocks
INSERT INTO Proposal_Content VALUES ('PRP-INF-001', 'INF000000000001', TO_DATE('2026-01-20', 'YYYY-MM-DD'), 'Approved', 'Verified', 'Registered Professional Engineer (BEM)', 'DEV000000000001', 'REP-001', 'MEET-2026-001', 'APP-2026-8001');
INSERT INTO Proposal_Content VALUES ('PRP-INF-002', 'INF000000000002', TO_DATE('2026-01-20', 'YYYY-MM-DD'), 'Approved', 'Verified', 'Registered Professional Engineer (BEM)', 'DEV000000000002', 'REP-002', 'MEET-2026-002', 'APP-2026-8002');
INSERT INTO Proposal_Content VALUES ('PRP-INF-003', 'INF000000000003', TO_DATE('2026-01-20', 'YYYY-MM-DD'), 'Approved', 'Verified', 'Registered Professional Engineer (BEM)', 'DEV000000000003', 'REP-003', 'MEET-2026-003', 'APP-2026-8003');
INSERT INTO Proposal_Content VALUES ('PRP-INF-004', 'INF000000000004', TO_DATE('2026-01-20', 'YYYY-MM-DD'), 'Approved', 'Verified', 'Registered Professional Engineer (BEM)', 'DEV000000000004', 'REP-004', 'MEET-2026-004', 'APP-2026-8004');
INSERT INTO Proposal_Content VALUES ('PRP-INF-005', 'INF000000000005', TO_DATE('2026-01-20', 'YYYY-MM-DD'), 'Approved', 'Verified', 'Registered Professional Engineer (BEM)', 'DEV000000000005', 'REP-005', 'MEET-2026-005', 'APP-2026-8005');
INSERT INTO Proposal_Content VALUES ('PRP-INF-006', 'INF000000000006', TO_DATE('2026-01-20', 'YYYY-MM-DD'), 'Requires Revision', 'Verified', 'Registered Professional Engineer (BEM)', 'DEV000000000006', 'REP-006', 'MEET-2026-006', 'APP-2026-8006');
INSERT INTO Proposal_Content VALUES ('PRP-INF-007', 'INF000000000007', TO_DATE('2026-01-20', 'YYYY-MM-DD'), 'Approved', 'Verified', 'Registered Professional Engineer (BEM)', 'DEV000000000007', 'REP-007', 'MEET-2026-007', 'APP-2026-8007');
INSERT INTO Proposal_Content VALUES ('PRP-INF-008', 'INF000000000008', TO_DATE('2026-01-20', 'YYYY-MM-DD'), 'Approved', 'Verified', 'Registered Professional Engineer (BEM)', 'DEV000000000008', 'REP-008', 'MEET-2026-008', 'APP-2026-8008');
INSERT INTO Proposal_Content VALUES ('PRP-INF-009', 'INF000000000009', TO_DATE('2026-01-20', 'YYYY-MM-DD'), 'Approved', 'Verified', 'Registered Professional Engineer (BEM)', 'DEV000000000009', 'REP-009', 'MEET-2026-009', 'APP-2026-8009');
INSERT INTO Proposal_Content VALUES ('PRP-INF-010', 'INF000000000010', TO_DATE('2026-01-20', 'YYYY-MM-DD'), 'Approved', 'Verified', 'Registered Professional Engineer (BEM)', 'DEV000000000010', 'REP-010', 'MEET-2026-010', 'APP-2026-8010');

-- Viability Sub-Proposal Blocks
INSERT INTO Proposal_Content VALUES ('PRP-IVB-001', 'IVB-2026-00001', TO_DATE('2026-03-01', 'YYYY-MM-DD'), 'Requires Revision', 'Verified', 'Chartered Financial Analyst (CFA)', 'DEV000000000001', 'REP-001', 'MEET-2026-001', 'APP-2026-8001');
INSERT INTO Proposal_Content VALUES ('PRP-IVB-002', 'IVB-2026-00001', TO_DATE('2026-03-01', 'YYYY-MM-DD'), 'Approved', 'Verified', 'Chartered Financial Analyst (CFA)', 'DEV000000000002', 'REP-002', 'MEET-2026-002', 'APP-2026-8002');
INSERT INTO Proposal_Content VALUES ('PRP-IVB-003', 'IVB-2026-00002', TO_DATE('2026-03-01', 'YYYY-MM-DD'), 'Approved', 'Verified', 'Chartered Financial Analyst (CFA)', 'DEV000000000003', 'REP-003', 'MEET-2026-003', 'APP-2026-8003');
INSERT INTO Proposal_Content VALUES ('PRP-IVB-004', 'IVB-2026-00003', TO_DATE('2026-03-01', 'YYYY-MM-DD'), 'Approved', 'Verified', 'Chartered Financial Analyst (CFA)', 'DEV000000000004', 'REP-004', 'MEET-2026-004', 'APP-2026-8004');
INSERT INTO Proposal_Content VALUES ('PRP-IVB-005', 'IVB-2026-00004', TO_DATE('2026-03-01', 'YYYY-MM-DD'), 'Approved', 'Verified', 'Chartered Financial Analyst (CFA)', 'DEV000000000005', 'REP-005', 'MEET-2026-005', 'APP-2026-8005');
INSERT INTO Proposal_Content VALUES ('PRP-IVB-006', 'IVB-2026-00005', TO_DATE('2026-03-01', 'YYYY-MM-DD'), 'Under Review', 'Verified', 'Chartered Financial Analyst (CFA)', 'DEV000000000006', 'REP-006', 'MEET-2026-006', 'APP-2026-8006');
INSERT INTO Proposal_Content VALUES ('PRP-IVB-007', 'IVB-2026-00006', TO_DATE('2026-03-01', 'YYYY-MM-DD'), 'Requires Revision', 'Verified', 'Chartered Financial Analyst (CFA)', 'DEV000000000007', 'REP-007', 'MEET-2026-007', 'APP-2026-8007');
INSERT INTO Proposal_Content VALUES ('PRP-IVB-008', 'IVB-2026-00006', TO_DATE('2026-03-01', 'YYYY-MM-DD'), 'Approved', 'Verified', 'Chartered Financial Analyst (CFA)', 'DEV000000000008', 'REP-008', 'MEET-2026-008', 'APP-2026-8008');
INSERT INTO Proposal_Content VALUES ('PRP-IVB-009', 'IVB-2026-00007', TO_DATE('2026-03-01', 'YYYY-MM-DD'), 'Approved', 'Verified', 'Chartered Financial Analyst (CFA)', 'DEV000000000009', 'REP-009', 'MEET-2026-009', 'APP-2026-8009');
INSERT INTO Proposal_Content VALUES ('PRP-IVB-010', 'IVB-2026-00008', TO_DATE('2026-03-01', 'YYYY-MM-DD'), 'Approved', 'Verified', 'Chartered Financial Analyst (CFA)', 'DEV000000000010', 'REP-010', 'MEET-2026-010', 'APP-2026-8010');

-- Business Plan Sub-Proposal Blocks
INSERT INTO Proposal_Content VALUES ('PRP-PLN-001', 'PLN001', TO_DATE('2026-01-01', 'YYYY-MM-DD'), 'Approved', 'Verified', 'Corporate Strategy Lead Advisor', 'DEV000000000001', 'REP-001', 'MEET-2026-001', 'APP-2026-8001');
INSERT INTO Proposal_Content VALUES ('PRP-PLN-002', 'PLN002', TO_DATE('2026-03-15', 'YYYY-MM-DD'), 'Approved', 'Verified', 'Corporate Strategy Lead Advisor', 'DEV000000000002', 'REP-002', 'MEET-2026-002', 'APP-2026-8002');
INSERT INTO Proposal_Content VALUES ('PRP-PLN-003', 'PLN003', TO_DATE('2026-05-01', 'YYYY-MM-DD'), 'Approved', 'Verified', 'Corporate Strategy Lead Advisor', 'DEV000000000003', 'REP-003', 'MEET-2026-003', 'APP-2026-8003');
INSERT INTO Proposal_Content VALUES ('PRP-PLN-004', 'PLN004', TO_DATE('2026-08-01', 'YYYY-MM-DD'), 'Approved', 'Verified', 'Corporate Strategy Lead Advisor', 'DEV000000000004', 'REP-004', 'MEET-2026-004', 'APP-2026-8004');
INSERT INTO Proposal_Content VALUES ('PRP-PLN-005', 'PLN005', TO_DATE('2026-02-10', 'YYYY-MM-DD'), 'Approved', 'Verified', 'Corporate Strategy Lead Advisor', 'DEV000000000005', 'REP-005', 'MEET-2026-005', 'APP-2026-8005');
INSERT INTO Proposal_Content VALUES ('PRP-PLN-006', 'PLN006', TO_DATE('2027-01-01', 'YYYY-MM-DD'), 'Approved', 'Verified', 'Corporate Strategy Lead Advisor', 'DEV000000000006', 'REP-006', 'MEET-2026-006', 'APP-2026-8006');
INSERT INTO Proposal_Content VALUES ('PRP-PLN-007', 'PLN007', TO_DATE('2026-04-01', 'YYYY-MM-DD'), 'Approved', 'Verified', 'Corporate Strategy Lead Advisor', 'DEV000000000007', 'REP-007', 'MEET-2026-007', 'APP-2026-8007');
INSERT INTO Proposal_Content VALUES ('PRP-PLN-008', 'PLN008', TO_DATE('2026-09-20', 'YYYY-MM-DD'), 'Approved', 'Verified', 'Corporate Strategy Lead Advisor', 'DEV000000000008', 'REP-008', 'MEET-2026-008', 'APP-2026-8008');
INSERT INTO Proposal_Content VALUES ('PRP-PLN-009', 'PLN009', TO_DATE('2026-11-01', 'YYYY-MM-DD'), 'Approved', 'Verified', 'Corporate Strategy Lead Advisor', 'DEV000000000009', 'REP-009', 'MEET-2026-009', 'APP-2026-8009');
INSERT INTO Proposal_Content VALUES ('PRP-PLN-010', 'PLN010', TO_DATE('2027-03-01', 'YYYY-MM-DD'), 'Approved', 'Verified', 'Corporate Strategy Lead Advisor', 'DEV000000000010', 'REP-010', 'MEET-2026-010', 'APP-2026-8010');

-- Legal Commercial Terms Sub-Proposal Blocks
INSERT INTO Proposal_Content VALUES ('PRP-MTM-001', 'MTM001', TO_DATE('2026-01-01', 'YYYY-MM-DD'), 'Approved', 'Verified', 'Senior Legal Counsel (Commercial Law)', 'DEV000000000001', 'REP-001', 'MEET-2026-001', 'APP-2026-8001');
INSERT INTO Proposal_Content VALUES ('PRP-MTM-002', 'MTM002', TO_DATE('2026-03-15', 'YYYY-MM-DD'), 'Approved', 'Verified', 'Senior Legal Counsel (Commercial Law)', 'DEV000000000002', 'REP-002', 'MEET-2026-002', 'APP-2026-8002');
INSERT INTO Proposal_Content VALUES ('PRP-MTM-003', 'MTM003', TO_DATE('2026-05-01', 'YYYY-MM-DD'), 'Approved', 'Verified', 'Senior Legal Counsel (Commercial Law)', 'DEV000000000003', 'REP-003', 'MEET-2026-003', 'APP-2026-8003');
INSERT INTO Proposal_Content VALUES ('PRP-MTM-004', 'MTM004', TO_DATE('2026-08-01', 'YYYY-MM-DD'), 'Approved', 'Verified', 'Senior Legal Counsel (Commercial Law)', 'DEV000000000004', 'REP-004', 'MEET-2026-004', 'APP-2026-8004');
INSERT INTO Proposal_Content VALUES ('PRP-MTM-005', 'MTM005', TO_DATE('2026-02-10', 'YYYY-MM-DD'), 'Approved', 'Verified', 'Senior Legal Counsel (Commercial Law)', 'DEV000000000005', 'REP-005', 'MEET-2026-005', 'APP-2026-8005');
INSERT INTO Proposal_Content VALUES ('PRP-MTM-006', 'MTM006', TO_DATE('2027-01-01', 'YYYY-MM-DD'), 'Approved', 'Verified', 'Senior Legal Counsel (Commercial Law)', 'DEV000000000006', 'REP-006', 'MEET-2026-006', 'APP-2026-8006');
INSERT INTO Proposal_Content VALUES ('PRP-MTM-007', 'MTM007', TO_DATE('2026-04-01', 'YYYY-MM-DD'), 'Approved', 'Verified', 'Senior Legal Counsel (Commercial Law)', 'DEV000000000007', 'REP-007', 'MEET-2026-007', 'APP-2026-8007');
INSERT INTO Proposal_Content VALUES ('PRP-MTM-008', 'MTM008', TO_DATE('2026-09-20', 'YYYY-MM-DD'), 'Approved', 'Verified', 'Senior Legal Counsel (Commercial Law)', 'DEV000000000008', 'REP-008', 'MEET-2026-008', 'APP-2026-8008');
INSERT INTO Proposal_Content VALUES ('PRP-MTM-009', 'MTM009', TO_DATE('2026-11-01', 'YYYY-MM-DD'), 'Approved', 'Verified', 'Senior Legal Counsel (Commercial Law)', 'DEV000000000009', 'REP-009', 'MEET-2026-009', 'APP-2026-8009');
INSERT INTO Proposal_Content VALUES ('PRP-MTM-010', 'MTM010', TO_DATE('2027-03-01', 'YYYY-MM-DD'), 'Approved', 'Verified', 'Senior Legal Counsel (Commercial Law)', 'DEV000000000010', 'REP-010', 'MEET-2026-010', 'APP-2026-8010');

-- Milestone Project Management Sub-Proposal Blocks
INSERT INTO Proposal_Content VALUES ('PRP-TL-001', 'MLS-001', TO_DATE('2026-05-10', 'YYYY-MM-DD'), 'Approved', 'Not Applicable', 'Internal Project Management Office', 'DEV000000000001', 'REP-001', 'MEET-2026-001', 'APP-2026-8001');
INSERT INTO Proposal_Content VALUES ('PRP-TL-002', 'MLS-002', TO_DATE('2026-05-10', 'YYYY-MM-DD'), 'Approved', 'Not Applicable', 'Internal Project Management Office', 'DEV000000000002', 'REP-002', 'MEET-2026-002', 'APP-2026-8002');
INSERT INTO Proposal_Content VALUES ('PRP-TL-003', 'MLS-003', TO_DATE('2026-05-10', 'YYYY-MM-DD'), 'Approved', 'Not Applicable', 'Internal Project Management Office', 'DEV000000000003', 'REP-003', 'MEET-2026-003', 'APP-2026-8003');
INSERT INTO Proposal_Content VALUES ('PRP-TL-004', 'MLS-004', TO_DATE('2026-05-10', 'YYYY-MM-DD'), 'Approved', 'Not Applicable', 'Internal Project Management Office', 'DEV000000000004', 'REP-004', 'MEET-2026-004', 'APP-2026-8004');
INSERT INTO Proposal_Content VALUES ('PRP-TL-005', 'MLS-005', TO_DATE('2026-05-10', 'YYYY-MM-DD'), 'Approved', 'Not Applicable', 'Internal Project Management Office', 'DEV000000000005', 'REP-005', 'MEET-2026-005', 'APP-2026-8005');
INSERT INTO Proposal_Content VALUES ('PRP-TL-006', 'MLS-006', TO_DATE('2026-05-10', 'YYYY-MM-DD'), 'Approved', 'Not Applicable', 'Internal Project Management Office', 'DEV000000000006', 'REP-006', 'MEET-2026-006', 'APP-2026-8006');
INSERT INTO Proposal_Content VALUES ('PRP-TL-007', 'MLS-007', TO_DATE('2026-05-10', 'YYYY-MM-DD'), 'Approved', 'Not Applicable', 'Internal Project Management Office', 'DEV000000000007', 'REP-007', 'MEET-2026-007', 'APP-2026-8007');
INSERT INTO Proposal_Content VALUES ('PRP-TL-008', 'MLS-008', TO_DATE('2026-05-10', 'YYYY-MM-DD'), 'Approved', 'Not Applicable', 'Internal Project Management Office', 'DEV000000000008', 'REP-008', 'MEET-2026-008', 'APP-2026-8008');
INSERT INTO Proposal_Content VALUES ('PRP-TL-009', 'MLS-009', TO_DATE('2026-05-10', 'YYYY-MM-DD'), 'Approved', 'Not Applicable', 'Internal Project Management Office', 'DEV000000000009', 'REP-009', 'MEET-2026-009', 'APP-2026-8009');
INSERT INTO Proposal_Content VALUES ('PRP-TL-010', 'MLS-010', TO_DATE('2026-05-10', 'YYYY-MM-DD'), 'Approved', 'Not Applicable', 'Internal Project Management Office', 'DEV000000000010', 'REP-010', 'MEET-2026-010', 'APP-2026-8010');
COMMIT;

-- =====================================================================
-- LEVEL 6: Depends on Proposal_Content
-- =====================================================================

--APPROVAL
INSERT INTO Approval VALUES ('APV-2026-9001', 'LC/INV/APP-2026-001', TO_DATE('2026-08-01', 'YYYY-MM-DD'), 'None', 'Approved', '30 days', 'Strategic alignment with Labuan tourism.', TO_DATE('2026-08-31', 'YYYY-MM-DD'), 'No', 'Unanimous (7-0)', 'PRP-ECO-001', 'MEET-2026-001', 'C00000000000021');
INSERT INTO Approval VALUES ('APV-2026-9002', 'LC/INV/APP-2026-002', TO_DATE('2026-08-05', 'YYYY-MM-DD'), 'Subject to RM50,000 security deposit clearance', 'Conditional Approval', '60 days', 'Good financials, but missing initial deposit.', TO_DATE('2026-10-04', 'YYYY-MM-DD'), 'Yes', 'Majority (5-2)', 'PRP-ECO-002', 'MEET-2026-002', 'C00000000000022');
INSERT INTO Approval VALUES ('APV-2026-9003', 'LC/INV/APP-2026-003', TO_DATE('2026-08-10', 'YYYY-MM-DD'), 'None', 'Rejected', '30 days', 'Failed financial viability risk assessment.', TO_DATE('2026-09-09', 'YYYY-MM-DD'), 'Yes', 'Majority (4-3)', 'PRP-ECO-003', 'MEET-2026-003', 'C00000000000023');
INSERT INTO Approval VALUES ('APV-2026-9004', 'LC/INV/APP-2026-004', TO_DATE('2026-08-12', 'YYYY-MM-DD'), 'Must submit official medical checkup', 'Approved', '14 days', 'Strong candidate for IT infrastructure role.', TO_DATE('2026-08-26', 'YYYY-MM-DD'), 'No', 'Unanimous (HR Dir)', 'PRP-ECO-004', 'MEET-2026-004', 'C00000000000024');
INSERT INTO Approval VALUES ('APV-2026-9005', 'LC/INV/APP-2026-005', TO_DATE('2026-08-15', 'YYYY-MM-DD'), 'Pending Federal MIDA policy clearance', 'Rejected', '90 days', 'Awaiting federal policy update on Halal Hubs.', TO_DATE('2026-11-13', 'YYYY-MM-DD'), 'Yes', 'Tie (3-3, KIV)', 'PRP-ECO-005', 'MEET-2026-005', 'C00000000000025');
INSERT INTO Approval VALUES ('APV-2026-9006', 'LC/INV/APP-2026-006', TO_DATE('2026-08-20', 'YYYY-MM-DD'), 'Must submit revised Environmental Impact (EIA) report', 'Conditional Approval', '60 days', 'High carbon emission concerns on plot B.', TO_DATE('2026-10-19', 'YYYY-MM-DD'), 'Yes', 'Majority (6-1)', 'PRP-ECO-006', 'MEET-2026-006', 'C00000000000026');
INSERT INTO Approval VALUES ('APV-2026-9007', 'LC/INV/APP-2026-007', TO_DATE('2026-08-22', 'YYYY-MM-DD'), 'None', 'Rejected', '30 days', 'Developer currently blacklisted in Sabah.', TO_DATE('2026-09-21', 'YYYY-MM-DD'), 'No', 'Unanimous (0-7)', 'PRP-ECO-007', 'MEET-2026-007', 'C00000000000027');
INSERT INTO Approval VALUES ('APV-2026-9008', 'LC/INV/APP-2026-008', TO_DATE('2026-08-25', 'YYYY-MM-DD'), 'Subject to 1-month rental advance', 'Approved', '30 days', 'Standard retail lease agreement.', TO_DATE('2026-09-24', 'YYYY-MM-DD'), 'No', 'Unanimous (5-0)', 'PRP-ECO-008', 'MEET-2026-008', 'C00000000000028');
INSERT INTO Approval VALUES ('APV-2026-9009', 'LC/INV/APP-2026-009', TO_DATE('2026-08-28', 'YYYY-MM-DD'), 'None', 'Approved', '14 days', 'Excellent interview performance.', TO_DATE('2026-09-11', 'YYYY-MM-DD'), 'No', 'Unanimous (HR Dir)', 'PRP-ECO-009', 'MEET-2026-009', 'C00000000000029');
INSERT INTO Approval VALUES ('APV-2026-9010', 'LC/INV/APP-2026-010', TO_DATE('2026-09-01', 'YYYY-MM-DD'), 'Provide proof of heavy machinery ownership', 'Conditional Approval', '45 days', 'Capable contractor but lacks equipment proof.', TO_DATE('2026-10-16', 'YYYY-MM-DD'), 'Yes', 'Majority (4-1)', 'PRP-ECO-010', 'MEET-2026-010', 'C00000000000030');
COMMIT;

--PROJECT_TIMELINE
INSERT INTO Project_Timeline VALUES ('MLS-001', 'TL-2026-001', 'Phase 1: Project Initiation & Mapping', TO_DATE('2026-06-30', 'YYYY-MM-DD'), 1, 'Initial site clearing, zoning boundaries verification, and architectural drafting approvals.', 45, 'Initiation', 'Initiation Phase', 100.00, 'PRP-ECO-001');
INSERT INTO Project_Timeline VALUES ('MLS-002', 'TL-2026-002', 'Phase 1: Structural Foundation Design', TO_DATE('2026-07-15', 'YYYY-MM-DD'), 1, 'Soil stability testing and underground piling reinforcement works.', 60, 'Initiation', 'Initiation Phase', 85.00, 'PRP-ECO-002');
INSERT INTO Project_Timeline VALUES ('MLS-003', 'TL-2026-003', 'Phase 1: Environment Baseline Setup', TO_DATE('2026-06-15', 'YYYY-MM-DD'), 1, 'EIA equipment setup and environmental monitoring post installation.', 30, 'Initiation', 'Initiation Phase', 100.00, 'PRP-ENV-001');
INSERT INTO Project_Timeline VALUES ('MLS-004', 'TL-2026-004', 'Phase 1: Tech Architecture Blueprint', TO_DATE('2026-05-20', 'YYYY-MM-DD'), 1, 'Cloud host provisioning and core application server stack design configuration.', 45, 'Initiation', 'Initiation Phase', 100.00, 'PRP-DIG-001');
INSERT INTO Project_Timeline VALUES ('MLS-005', 'TL-2026-005', 'Phase 1: Structural Engineering Draft', TO_DATE('2026-04-30', 'YYYY-MM-DD'), 1, 'Civil structure blue print submission to BEM for official validation.', 90, 'Initiation', 'Initiation Phase', 100.00, 'PRP-INF-001');
INSERT INTO Project_Timeline VALUES ('MLS-006', 'TL-2026-006', 'Phase 1: Financial Viability Model', TO_DATE('2026-05-01', 'YYYY-MM-DD'), 1, 'Capital asset valuation review and micro-economic risk tracking setup.', 30, 'Initiation', 'Initiation Phase', 90.00, 'PRP-IVB-001');
INSERT INTO Project_Timeline VALUES ('MLS-007', 'TL-2026-007', 'Phase 1: Strategic Stakeholder Scoping', TO_DATE('2026-03-15', 'YYYY-MM-DD'), 1, 'Corporate partnership draft negotiations and master timeline signing.', 40, 'Initiation', 'Initiation Phase', 100.00, 'PRP-PLN-001');
INSERT INTO Project_Timeline VALUES ('MLS-008', 'TL-2026-008', 'Phase 1: Commercial Lease Audit', TO_DATE('2026-04-10', 'YYYY-MM-DD'), 1, 'Corporate asset review and initial tenant background validations.', 30, 'Initiation', 'Initiation Phase', 100.00, 'PRP-MTM-001');
INSERT INTO Project_Timeline VALUES ('MLS-009', 'TL-2026-009', 'Phase 2: Project Resource Deployment', TO_DATE('2026-08-30', 'YYYY-MM-DD'), 2, 'Procurement of heavy machinery and mobilization of localized work staff.', 60, 'Planning', 'Planning Phase', 25.00, 'PRP-ECO-003');
INSERT INTO Project_Timeline VALUES ('MLS-010', 'TL-2026-010', 'Phase 2: Core Network Cable Routing', TO_DATE('2026-07-20', 'YYYY-MM-DD'), 2, 'Fiber-optic ground cabling installation across inner sector pathways.', 45, 'Planning', 'Planning Phase', 40.00, 'PRP-DIG-002');
COMMIT;

--INFRASTRUCTURE
INSERT INTO Infrastructure VALUES ('INF-2026-001', 'SITE-LBN-A1', 'Heavy Haul', 15000.50, 2500.00, 'Dedicated Leased Line', 'Private Developer', 4500000.00, 50, 'No', 'PRP-INF-001');
INSERT INTO Infrastructure VALUES ('INF-2026-002', 'SITE-LBN-A2', 'Dual Carriageway', 8500.00, 1200.00, 'High-Speed Fiber', 'Joint Sharing', 2100000.00, 30, 'Yes', 'PRP-INF-002');
INSERT INTO Infrastructure VALUES ('INF-2026-003', 'SITE-LBN-B1', 'Heavy Haul', 35000.00, 5000.00, 'Dedicated Leased Line', 'Private Developer', 8900000.00, 60, 'No', 'PRP-INF-003');
INSERT INTO Infrastructure VALUES ('INF-2026-004', 'SITE-LBN-B2', 'Single Lane', 3000.25, 500.00, 'Basic Voice/Data', 'Labuan Corp', 650000.00, 15, 'No', 'PRP-INF-004');
INSERT INTO Infrastructure VALUES ('INF-2026-005', 'SITE-LBN-C1', 'Dual Carriageway', 12000.00, 2000.00, 'High-Speed Fiber', 'Labuan Corp', 3200000.00, 40, 'Yes', 'PRP-INF-005');
INSERT INTO Infrastructure VALUES ('INF-2026-006', 'SITE-LBN-C2', 'Heavy Haul', 18500.00, 3000.00, 'Dedicated Leased Line', 'Joint Sharing', 5100000.00, 50, 'No', 'PRP-INF-006');
INSERT INTO Infrastructure VALUES ('INF-2026-007', 'SITE-LBN-D1', 'Unpaved', 1500.00, 250.00, 'Basic Voice/Data', 'Private Developer', 350000.00, 10, 'No', 'PRP-INF-007');
INSERT INTO Infrastructure VALUES ('INF-2026-008', 'SITE-LBN-D2', 'Dual Carriageway', 9000.00, 1500.00, 'High-Speed Fiber', 'Labuan Corp', 1800000.00, 35, 'No', 'PRP-INF-008');
INSERT INTO Infrastructure VALUES ('INF-2026-009', 'SITE-LBN-E1', 'Heavy Haul', 40000.00, 6000.00, 'Dedicated Leased Line', 'Private Developer', 9500000.00, 75, 'Yes', 'PRP-INF-009');
INSERT INTO Infrastructure VALUES ('INF-2026-010', 'SITE-LBN-E2', 'Single Lane', 4500.50, 750.00, 'High-Speed Fiber', 'Joint Sharing', 950000.00, 20, 'No', 'PRP-INF-010');
COMMIT;

--DIGITALISATION
INSERT INTO Digitalisation VALUES ('DIG-2026-001', 'MDEC/APV/2026/01', 'smartport.labuan.my', 'High', 'Yes', 'Yes', 'AWS', 'Compliant', 88, 'Ready', 'PRP-DIG-001');
INSERT INTO Digitalisation VALUES ('DIG-2026-002', 'MDEC/APV/2026/02', 'logistics.io.my', 'Fully Automated', 'Yes', 'Yes', 'Azure', 'Compliant', 95, 'Ready', 'PRP-DIG-002');
INSERT INTO Digitalisation VALUES ('DIG-2026-003', 'MDEC/APV/2026/03', 'ecocloud.platform.net', 'Medium', 'No', 'Yes', 'Google Cloud', 'Pending', 72, 'In Progress', 'PRP-DIG-003');
INSERT INTO Digitalisation VALUES ('DIG-2026-004', 'MDEC/APV/2026/04', 'retailconnect.com', 'Low', 'No', 'No', 'Private Cloud', 'Compliant', 60, 'Ready', 'PRP-DIG-004');
INSERT INTO Digitalisation VALUES ('DIG-2026-005', 'MDEC/APV/2026/05', 'agritech.system.org', 'High', 'Yes', 'Yes', 'Alibaba Cloud', 'Compliant', 84, 'Ready', 'PRP-DIG-005');
INSERT INTO Digitalisation VALUES ('DIG-2026-006', 'MDEC/APV/2026/06', 'securitymesh.gov.my', 'Fully Automated', 'Yes', 'Yes', 'AWS', 'Non-Compliant', 91, 'In Progress', 'PRP-DIG-006');
INSERT INTO Digitalisation VALUES ('DIG-2026-007', 'MDEC/APV/2026/07', 'fintech.hub.labuan', 'High', 'Yes', 'No', 'Azure', 'Pending', 79, 'Not Ready', 'PRP-DIG-007');
INSERT INTO Digitalisation VALUES ('DIG-2026-008', 'MDEC/APV/2026/08', 'marinasensor.net', 'Medium', 'No', 'Yes', 'Google Cloud', 'Compliant', 68, 'Ready', 'PRP-DIG-008');
INSERT INTO Digitalisation VALUES ('DIG-2026-009', 'MDEC/APV/2026/09', 'datamining.core.co', 'Fully Automated', 'Yes', 'Yes', 'Private Cloud', 'Pending', 93, 'In Progress', 'PRP-DIG-009');
INSERT INTO Digitalisation VALUES ('DIG-2026-010', 'MDEC/APV/2026/10', 'smartgrid.energy.my', 'High', 'Yes', 'Yes', 'Others', 'Compliant', 86, 'Ready', 'PRP-DIG-010');
COMMIT;

--BUSINESS_PLAN
INSERT INTO Business_Plan VALUES ('PLAN-LBN-001', 'Papan Island Luxury Eco-Resort Blueprint', TO_DATE('2026-09-01', 'YYYY-MM-DD'), TO_DATE('2036-08-31', 'YYYY-MM-DD'), 'Premium hospitality concept specializing in carbon-neutral accommodation and marine tour modules.', 'Hospitality & Leisure', 'International Tourists & High-Net-Worth Individuals', 'Secured', 'Direct Sales', 'High', 'PRP-PLN-001');
INSERT INTO Business_Plan VALUES ('PLAN-LBN-002', 'Labuan Integrated Deepsea Logistics Hub', TO_DATE('2027-01-01', 'YYYY-MM-DD'), TO_DATE('2042-12-31', 'YYYY-MM-DD'), 'Automated cross-docking distribution operations scaling multi-tier maritime cargo storage.', 'Logistics & Shipping', 'Asia-Pacific Cargo Operators & Trade Conglomerates', 'Secured', 'Transaction Commissions', 'Moderate', 'PRP-PLN-002');
INSERT INTO Business_Plan VALUES ('PLAN-LBN-003', 'Halal Hub Commercial Cold-Chain Warehousing', TO_DATE('2026-06-01', 'YYYY-MM-DD'), TO_DATE('2031-05-31', 'YYYY-MM-DD'), 'Temperature-controlled modular storage solutions optimized for local hypermarket redistribution channels.', 'Storage & Agriculture', 'East Malaysian Food Processing SMEs', 'Negotiating', 'Subscription Fees', 'Low', 'PRP-PLN-003');
INSERT INTO Business_Plan VALUES ('PLAN-LBN-004', 'Financial Park Block B Corporate Upgrades', TO_DATE('2026-11-01', 'YYYY-MM-DD'), TO_DATE('2036-10-31', 'YYYY-MM-DD'), 'Modernizing Grade-A smart workspaces equipped with integrated fiber backbones for offshore institutions.', 'Commercial Real Estate', 'Offshore Banking Entities & International Law Practices', 'Secured', 'Licensing/Royalties', 'High', 'PRP-PLN-004');
INSERT INTO Business_Plan VALUES ('PLAN-LBN-005', 'Rancha-Rancha Green Bio-Diesel Depot', TO_DATE('2027-03-01', 'YYYY-MM-DD'), TO_DATE('2037-02-28', 'YYYY-MM-DD'), 'Refining and distributing standardized low-emission marine fuel vectors for regional cargo fleets.', 'Energy & Utilities', 'Industrial Vessel Fleets & Marine Freight Transit Providers', 'None Required', 'Direct Sales', 'Moderate', 'PRP-PLN-005');
INSERT INTO Business_Plan VALUES ('PLAN-LBN-006', 'Labuan Sentral High-Density Retail Strip', TO_DATE('2026-08-15', 'YYYY-MM-DD'), TO_DATE('2031-08-14', 'YYYY-MM-DD'), 'Multi-tenant open layout lifestyle strip bridging food beverage chains with hyper-localized boutique concepts.', 'Retail & Commercial', 'Labuan Domestic Residents & Weekend Commuters', 'Negotiating', 'Subscription Fees', 'High', 'PRP-PLN-006');
INSERT INTO Business_Plan VALUES ('PLAN-LBN-007', 'Saguking Marine Structural Maintenance Dock', TO_DATE('2026-10-01', 'YYYY-MM-DD'), TO_DATE('2036-09-30', 'YYYY-MM-DD'), 'Dry-dock servicing, predictive maintenance analytics, and protective hull coating operations.', 'Marine Engineering', 'Regional Tugboat Owners & Salvage Fleet Operations', 'Secured', 'Direct Sales', 'Low', 'PRP-PLN-007');
INSERT INTO Business_Plan VALUES ('PLAN-LBN-008', 'Kiansam Industrial Modular Tech Foundry', TO_DATE('2027-02-15', 'YYYY-MM-DD'), TO_DATE('2032-02-14', 'YYYY-MM-DD'), 'Prefabrication assembly facilities focusing on lightweight eco-friendly building materials.', 'Manufacturing', 'Sabah Regional Infrastructure Contractors', 'Secured', 'Direct Sales', 'Moderate', 'PRP-PLN-008');
INSERT INTO Business_Plan VALUES ('PLAN-LBN-009', 'Lazenda Tech Transformation Incubator Hub', TO_DATE('2026-07-01', 'YYYY-MM-DD'), TO_DATE('2029-06-30', 'YYYY-MM-DD'), 'Co-working infrastructure paired with accelerator resources tailored for cloud startup portfolios.', 'Digital Infrastructure', 'Tech Entrepreneurs & Academic Spin-off Teams', 'Negotiating', 'Transaction Commissions', 'Low', 'PRP-PLN-009');
INSERT INTO Business_Plan VALUES ('PLAN-LBN-010', 'Bumi Bedaun Solar Farm Grid Connectivity Plan', TO_DATE('2026-09-15', 'YYYY-MM-DD'), TO_DATE('2046-09-14', 'YYYY-MM-DD'), 'Photovoltaic clean energy capture and storage farm feed setup matching utility load requests.', 'Renewable Energy', 'Labuan Municipal Power Grid Operators', 'Secured', 'Direct Sales', 'Low', 'PRP-PLN-010');
COMMIT;

--METHOD_TERM
INSERT INTO Method_Term VALUES ('MTH-2026-001', 'Build-Operate-Transfer (BOT)', 'Annually', 12, 3.50, 500000.00, TO_DATE('2026-09-01', 'YYYY-MM-DD'), '24 Months Notice', 12.50, 'Transfer ownership to Labuan Corp upon completion of 20-year operational lease period.', 'PRP-PLN-001');
INSERT INTO Method_Term VALUES ('MTH-2026-002', 'Joint Venture', 'Quarterly', 6, 0.00, 1500000.00, TO_DATE('2027-01-01', 'YYYY-MM-DD'), '12 Months Notice', 40.00, 'Profits and assets distributed according to equity shareholdings upon venture expiration.', 'PRP-PLN-002');
INSERT INTO Method_Term VALUES ('MTH-2026-003', 'Lease', 'Monthly', 3, 5.00, 75000.00, TO_DATE('2026-06-01', 'YYYY-MM-DD'), '6 Months Notice', 0.00, 'Standard commercial lease return; structures remain property of lessor unless renewed.', 'PRP-PLN-003');
INSERT INTO Method_Term VALUES ('MTH-2026-004', 'Revenue Sharing', 'Semi-Annually', 0, 2.25, 250000.00, TO_DATE('2026-11-01', 'YYYY-MM-DD'), '18 Months Notice', 8.00, 'Audited gross revenue splits processed through designated Labuan escrow account framework.', 'PRP-PLN-004');
INSERT INTO Method_Term VALUES ('MTH-2026-005', 'Concession', 'Annually', 24, 4.00, 1000000.00, TO_DATE('2027-03-01', 'YYYY-MM-DD'), '36 Months Notice', 15.00, 'Environmental baseline checks required before final asset handback is officially signed.', 'PRP-PLN-005');
INSERT INTO Method_Term VALUES ('MTH-2026-006', 'Lease', 'Monthly', 2, 6.00, 120000.00, TO_DATE('2026-08-15', 'YYYY-MM-DD'), '6 Months Notice', 0.00, 'Renewal options restricted if local vendor engagement target rates drop below compliance.', 'PRP-PLN-006');
INSERT INTO Method_Term VALUES ('MTH-2026-007', 'Joint Venture', 'Quarterly', 6, 0.00, 450000.00, TO_DATE('2026-10-01', 'YYYY-MM-DD'), '12 Months Notice', 30.00, 'Technical liaison team to audit operational structural safety parameters semi-annually.', 'PRP-PLN-007');
INSERT INTO Method_Term VALUES ('MTH-2026-008', 'Build-Operate-Transfer (BOT)', 'Annually', 12, 1.75, 300000.00, TO_DATE('2027-02-15', 'YYYY-MM-DD'), '24 Months Notice', 5.00, 'All manufacturing machinery must be certified operational before transfer protocols execute.', 'PRP-PLN-008');
INSERT INTO Method_Term VALUES ('MTH-2026-009', 'Revenue Sharing', 'Monthly', 1, 0.00, 25000.00, TO_DATE('2026-07-01', 'YYYY-MM-DD'), '3 Months Notice', 10.00, 'Digital transactions log must sync directly to server repository for cloud transparency.', 'PRP-PLN-009');
INSERT INTO Method_Term VALUES ('MTH-2026-010', 'Concession', 'Annually', 18, 3.00, 800000.00, TO_DATE('2026-09-15', 'YYYY-MM-DD'), '24 Months Notice', 7.50, 'Solar grid components transferred to local municipal grid control upon term ending.', 'PRP-PLN-010');
COMMIT;

--IMPACT
INSERT INTO Impact VALUES ('IMP-2026-001', TO_DATE('2026-03-20', 'YYYY-MM-DD'), 'Low', 'Pass', TO_DATE('2026-09-20', 'YYYY-MM-DD'), 'Initial socio-economic score meets minimum development threshold parameters.', 'Yes', 'PRP-ECO-001');
INSERT INTO Impact VALUES ('IMP-2026-002', TO_DATE('2026-03-25', 'YYYY-MM-DD'), 'Moderate', 'Pass', TO_DATE('2026-09-25', 'YYYY-MM-DD'), 'Logistics trade volume multiplier checks show resilient localized spin-offs.', 'Yes', 'PRP-ECO-002');
INSERT INTO Impact VALUES ('IMP-2026-003', TO_DATE('2026-04-10', 'YYYY-MM-DD'), 'High', 'Conditional', TO_DATE('2026-10-10', 'YYYY-MM-DD'), 'Requires updated water pollution treatment run blueprints before next review phase.', 'Yes', 'PRP-ENV-001');
INSERT INTO Impact VALUES ('IMP-2026-004', TO_DATE('2026-02-22', 'YYYY-MM-DD'), 'Low', 'Pass', TO_DATE('2026-08-22', 'YYYY-MM-DD'), 'High tech migration strategy minimizes physical environmental impact risk scores.', 'Yes', 'PRP-DIG-001');
INSERT INTO Impact VALUES ('IMP-2026-005', TO_DATE('2026-01-28', 'YYYY-MM-DD'), 'Moderate', 'Pass', TO_DATE('2026-07-28', 'YYYY-MM-DD'), 'Civil safety road structures verified up to standard heavy tonnage specifications.', 'Yes', 'PRP-INF-001');
INSERT INTO Impact VALUES ('IMP-2026-006', TO_DATE('2026-03-10', 'YYYY-MM-DD'), 'High', 'Conditional', TO_DATE('2026-09-10', 'YYYY-MM-DD'), 'Escrow financial audit parameters are under revision by legal council advisors.', 'Yes', 'PRP-IVB-001');
INSERT INTO Impact VALUES ('IMP-2026-007', TO_DATE('2026-03-22', 'YYYY-MM-DD'), 'Moderate', 'Pass', TO_DATE('2026-09-22', 'YYYY-MM-DD'), 'Tourism spin-off matrix displays long term commercial sustainability markers.', 'Yes', 'PRP-PLN-001');
INSERT INTO Impact VALUES ('IMP-2026-008', TO_DATE('2026-04-18', 'YYYY-MM-DD'), 'Low', 'Pass', TO_DATE('2026-10-18', 'YYYY-MM-DD'), 'Commercial tenancy structure complies completely with legal land restrictions.', 'Yes', 'PRP-MTM-001');
INSERT INTO Impact VALUES ('IMP-2026-009', TO_DATE('2026-05-18', 'YYYY-MM-DD'), 'Low', 'Pass', TO_DATE('2026-11-18', 'YYYY-MM-DD'), 'Local workforce absorption forecasts match state priority investment targets.', 'Yes', 'PRP-ECO-003');
INSERT INTO Impact VALUES ('IMP-2026-010', TO_DATE('2026-02-28', 'YYYY-MM-DD'), 'Low', 'Pass', TO_DATE('2026-08-28', 'YYYY-MM-DD'), 'Cyber security status verified as fully compliant with regulatory tech bodies.', 'Yes', 'PRP-DIG-002');
COMMIT;

--INVESTMENT_VIABILITY
INSERT INTO Investment_Viability VALUES ('VIA-2026-001', 1, 4500000.00, 650000.00, 200000.00, 14.44, 'Private Capital', 'Moderate', 5000000.00, 3500000.00, 1000000.00, 'Commercial Lease', 82, 'Direct Equity Funding Pool', 4700000.00, '10 Years', 45000.00, 'PRP-IVB-001');
INSERT INTO Investment_Viability VALUES ('VIA-2026-002', 1, 12500000.00, 2100000.00, 850000.00, 16.80, 'Joint Venture', 'Low', 13000000.00, 9000000.00, 3500000.00, 'Infrastructure', 90, 'Consortium Bank Escrow Guarantee', 13200000.00, '20 Years', 0.00, 'PRP-IVB-002');
INSERT INTO Investment_Viability VALUES ('VIA-2026-003', 1, 2200000.00, 350000.00, 95000.00, 15.90, 'Private Capital', 'Low', 2500000.00, 1800000.00, 400000.00, 'Industrial Hub', 76, 'Internal Corporate Retained Earnings', 2350000.00, '5 Years', 18000.00, 'PRP-IVB-003');
INSERT INTO Investment_Viability VALUES ('VIA-2026-004', 1, 18000000.00, 3200000.00, 1400000.00, 17.77, 'Foreign Direct Investment', 'High', 20000000.00, 14500000.00, 3500000.00, 'Commercial Lease', 88, 'Offshore Venture Placement Allocations', 19100000.00, '10 Years', 150000.00, 'PRP-IVB-004');
INSERT INTO Investment_Viability VALUES ('VIA-2026-005', 1, 25000000.00, 4100000.00, 1950000.00, 16.40, 'Private Capital', 'Low', 27000000.00, 19000000.00, 6000000.00, 'Industrial Hub', 85, 'Institutional Trust Underwriter Capital', 26500000.00, '10 Years', 0.00, 'PRP-IVB-005');
INSERT INTO Investment_Viability VALUES ('VIA-2026-006', 1, 650000.00, 120000.00, 35000.00, 18.46, 'Private Capital', 'Speculative', 700000.00, 500000.00, 150000.00, 'Digital Tech Upgrade', 64, 'Angel Investor Structured Seed Round', 680000.00, '3 Years', 5000.00, 'PRP-IVB-006');
INSERT INTO Investment_Viability VALUES ('VIA-2026-007', 1, 55000000.00, 8900000.00, 4100000.00, 16.18, 'Foreign Direct Investment', 'Moderate', 60000000.00, 42000000.00, 13000000.00, 'Infrastructure', 89, 'International Infrastructure Syndicated Loan', 57500000.00, '20 Years', 0.00, 'PRP-IVB-007');
INSERT INTO Investment_Viability VALUES ('VIA-2026-008', 1, 3200000.00, 480000.00, 110000.00, 15.00, 'Government Grant', 'Low', 3500000.00, 2400000.00, 800000.00, 'Industrial Hub', 79, 'SME Bio-Development Incentive Grant Plan', 3400000.00, '5 Years', 12000.00, 'PRP-IVB-008');
INSERT INTO Investment_Viability VALUES ('VIA-2026-009', 1, 14500000.00, 2800000.00, 950000.00, 19.31, 'Private Capital', 'High', 15000000.00, 11000000.00, 3500000.00, 'Digital Tech Upgrade', 91, 'Venture Capital Round-A Financed Facility', 15200000.00, '5 Years', 0.00, 'PRP-IVB-009');
INSERT INTO Investment_Viability VALUES ('VIA-2026-010', 1, 9500000.00, 1800000.00, 650000.00, 18.94, 'Joint Venture', 'Low', 11000000.00, 7500000.00, 2000000.00, 'Infrastructure', 87, 'Public-Private Sustainable Power Bond Pool', 10200000.00, '20 Years', 0.00, 'PRP-IVB-010');
COMMIT;


-- =====================================================================
-- LEVEL 7: Depends on Level 6
-- =====================================================================
