SET DEFINE OFF;
-- =====================================================================
-- LEVEL 0: No FK dependencies 
-- =====================================================================

--PERSON
INSERT INTO Person VALUES ('PER-001', '731210-13-1269', 'Employee', 'Hassan Tan', 'Malaysian', 'hassan.tan34@email.com', '131754095', '1 Jalan Utama, Labuan, Sabah', TO_DATE('3/13/2002', 'MM/DD/YYYY'), 'Bumiputera Sabah');
INSERT INTO Person VALUES ('PER-002', '810601-16-8949', 'Employee', 'Ahmad bin Yusuf', 'Malaysian', 'ahmad.bin-yusuf26@email.com', '147481407', '2 Jalan Utama, Labuan, Sabah', TO_DATE('3/18/1997', 'MM/DD/YYYY'), 'Bumiputera Sarawak');
INSERT INTO Person VALUES ('PER-003', '950308-12-9050', 'Employee', 'Nur Ng', 'Malaysian', 'nur.ng44@email.com', '138681663', '3 Jalan Utama, Labuan, Sabah', TO_DATE('10/30/2003', 'MM/DD/YYYY'), 'Indian');
INSERT INTO Person VALUES ('PER-004', '910106-16-1013', 'Employee', 'Ahmad bin Razak', 'Malaysian', 'ahmad.bin-razak62@email.com', '159383517', '4 Jalan Utama, Labuan, Sabah', TO_DATE('12/11/1985', 'MM/DD/YYYY'), 'Bumiputera Sarawak');
INSERT INTO Person VALUES ('PER-005', '840928-10-5266', 'Employee', 'John Devi', 'Malaysian', 'john.devi76@email.com', '149809375', '5 Jalan Utama, Labuan, Sabah', TO_DATE('2/2/2002', 'MM/DD/YYYY'), 'Bumiputera Sarawak');
INSERT INTO Person VALUES ('PER-006', '700606-16-4019', 'Employee', 'John binti Ahmad', 'Malaysian', 'john.binti-ahmad19@email.com', '159693739', '6 Jalan Utama, Labuan, Sabah', TO_DATE('5/16/1988', 'MM/DD/YYYY'), 'Chinese');
INSERT INTO Person VALUES ('PER-007', '860628-16-2607', 'Employee', 'Mei Lim', 'Malaysian', 'mei.lim34@email.com', '179422214', '7 Jalan Utama, Labuan, Sabah', TO_DATE('7/17/1987', 'MM/DD/YYYY'), 'Indian');
INSERT INTO Person VALUES ('PER-008', '850114-16-7863', 'Employee', 'Zaki binti Ahmad', 'Malaysian', 'zaki.binti-ahmad16@email.com', '166867894', '8 Jalan Utama, Labuan, Sabah', TO_DATE('1/2/1981', 'MM/DD/YYYY'), 'Indian');
INSERT INTO Person VALUES ('PER-009', '791209-13-4685', 'Employee', 'Ahmad binti Othman', 'Malaysian', 'ahmad.binti-othman46@email.com', '143565931', '9 Jalan Utama, Labuan, Sabah', TO_DATE('2/26/1988', 'MM/DD/YYYY'), 'Indian');
INSERT INTO Person VALUES ('PER-010', '860315-12-5366', 'Employee', 'Ahmad bin Ismail', 'Malaysian', 'ahmad.bin-ismail68@email.com', '187355377', '10 Jalan Utama, Labuan, Sabah', TO_DATE('8/3/2003', 'MM/DD/YYYY'), 'Bumiputera Sarawak');
INSERT INTO Person VALUES ('PER-011', '860802-15-4628', 'Employee', 'John Lim', 'Malaysian', 'john.lim44@email.com', '177132678', '11 Jalan Utama, Labuan, Sabah', TO_DATE('8/22/2000', 'MM/DD/YYYY'), 'Bumiputera Sabah');
INSERT INTO Person VALUES ('PER-012', '731216-13-8534', 'Employee', 'Nor bin Hussain', 'Malaysian', 'nor.bin-hussain90@email.com', '166630280', '12 Jalan Utama, Labuan, Sabah', TO_DATE('8/10/1983', 'MM/DD/YYYY'), 'Indian');
INSERT INTO Person VALUES ('PER-013', '821202-11-3416', 'Employee', 'Ravi Wong', 'Malaysian', 'ravi.wong13@email.com', '134879579', '13 Jalan Utama, Labuan, Sabah', TO_DATE('11/10/2005', 'MM/DD/YYYY'), 'Bumiputera Sarawak');
INSERT INTO Person VALUES ('PER-014', '830903-10-8864', 'Employee', 'Hassan binti Othman', 'Malaysian', 'hassan.binti-othman44@email.com', '136414575', '14 Jalan Utama, Labuan, Sabah', TO_DATE('11/22/1986', 'MM/DD/YYYY'), 'Chinese');
INSERT INTO Person VALUES ('PER-015', '831124-13-7543', 'Employee', 'Lee Devi', 'Malaysian', 'lee.devi45@email.com', '132533289', '15 Jalan Utama, Labuan, Sabah', TO_DATE('10/13/2001', 'MM/DD/YYYY'), 'Bumiputera Sabah');
INSERT INTO Person VALUES ('PER-016', '880407-15-6502', 'Employee', 'Farah binti Ali', 'Malaysian', 'farah.binti-ali82@email.com', '197175767', '16 Jalan Utama, Labuan, Sabah', TO_DATE('10/14/1997', 'MM/DD/YYYY'), 'Chinese');
INSERT INTO Person VALUES ('PER-017', '731222-16-3682', 'Employee', 'Prema bin Yusuf', 'Malaysian', 'prema.bin-yusuf75@email.com', '156400698', '17 Jalan Utama, Labuan, Sabah', TO_DATE('10/16/1985', 'MM/DD/YYYY'), 'Bumiputera Sabah');
INSERT INTO Person VALUES ('PER-018', '801018-14-9786', 'Employee', 'Kumar Pillai', 'Malaysian', 'kumar.pillai27@email.com', '152195646', '18 Jalan Utama, Labuan, Sabah', TO_DATE('12/15/2004', 'MM/DD/YYYY'), 'Bumiputera Sarawak');
INSERT INTO Person VALUES ('PER-019', '790203-14-7664', 'Employee', 'John bin Hussain', 'Malaysian', 'john.bin-hussain59@email.com', '159426487', '19 Jalan Utama, Labuan, Sabah', TO_DATE('11/10/2002', 'MM/DD/YYYY'), 'Malay');
INSERT INTO Person VALUES ('PER-020', '731109-15-9070', 'Employee', 'Zaki bin Hussain', 'Malaysian', 'zaki.bin-hussain23@email.com', '188505360', '20 Jalan Utama, Labuan, Sabah', TO_DATE('6/16/2001', 'MM/DD/YYYY'), 'Bumiputera Sabah');
INSERT INTO Person VALUES ('PER-021', '760412-11-1583', 'Applicant', 'Lee Pillai', 'Malaysian', 'lee.pillai81@email.com', '194223472', '21 Jalan Utama, Labuan, Sabah', TO_DATE('3/10/1983', 'MM/DD/YYYY'), 'Chinese');
INSERT INTO Person VALUES ('PER-022', '760206-10-7895', 'Applicant', 'Lim Low', 'Malaysian', 'lim.low46@email.com', '168710352', '22 Jalan Utama, Labuan, Sabah', TO_DATE('12/10/2002', 'MM/DD/YYYY'), 'Bumiputera Sarawak');
INSERT INTO Person VALUES ('PER-023', '880704-16-3436', 'Applicant', 'Ahmad Gopal', 'Malaysian', 'ahmad.gopal84@email.com', '151275693', '23 Jalan Utama, Labuan, Sabah', TO_DATE('5/24/1980', 'MM/DD/YYYY'), 'Bumiputera Sabah');
INSERT INTO Person VALUES ('PER-024', '700801-10-3585', 'Applicant', 'Ravi binti Hassan', 'Malaysian', 'ravi.binti-hassan24@email.com', '141312925', '24 Jalan Utama, Labuan, Sabah', TO_DATE('2/28/1982', 'MM/DD/YYYY'), 'Malay');
INSERT INTO Person VALUES ('PER-025', '820219-10-7087', 'Applicant', 'Karen Low', 'Malaysian', 'karen.low96@email.com', '187948070', '25 Jalan Utama, Labuan, Sabah', TO_DATE('6/9/1992', 'MM/DD/YYYY'), 'Malay');
INSERT INTO Person VALUES ('PER-026', '891221-14-6965', 'Applicant', 'Yusof Pillai', 'Malaysian', 'yusof.pillai58@email.com', '135222879', '26 Jalan Utama, Labuan, Sabah', TO_DATE('6/24/1996', 'MM/DD/YYYY'), 'Indian');
INSERT INTO Person VALUES ('PER-027', '810114-15-2235', 'Applicant', 'Siti Ng', 'Malaysian', 'siti.ng48@email.com', '184490757', '27 Jalan Utama, Labuan, Sabah', TO_DATE('2/20/2006', 'MM/DD/YYYY'), 'Indian');
INSERT INTO Person VALUES ('PER-028', '881017-14-8500', 'Applicant', 'Farah binti Hassan', 'Malaysian', 'farah.binti-hassan97@email.com', '127630183', '28 Jalan Utama, Labuan, Sabah', TO_DATE('4/15/2001', 'MM/DD/YYYY'), 'Chinese');
INSERT INTO Person VALUES ('PER-029', '790412-16-9493', 'Applicant', 'Ravi Pillai', 'Malaysian', 'ravi.pillai27@email.com', '176660334', '29 Jalan Utama, Labuan, Sabah', TO_DATE('6/5/1987', 'MM/DD/YYYY'), 'Bumiputera Sabah');
INSERT INTO Person VALUES ('PER-030', '740706-15-1837', 'Applicant', 'Zaki bin Hussain', 'Malaysian', 'zaki.bin-hussain39@email.com', '166758718', '30 Jalan Utama, Labuan, Sabah', TO_DATE('3/27/1993', 'MM/DD/YYYY'), 'Bumiputera Sabah');
INSERT INTO Person VALUES ('PER-031', '700819-11-5409', 'Representative', 'Nur Devi', 'Malaysian', 'nur.devi83@email.com', '127392712', '31 Jalan Utama, Labuan, Sabah', TO_DATE('11/24/1992', 'MM/DD/YYYY'), 'Indian');
INSERT INTO Person VALUES ('PER-032', '980212-11-9732', 'Representative', 'Ravi binti Yusof', 'Malaysian', 'ravi.binti-yusof99@email.com', '187828547', '32 Jalan Utama, Labuan, Sabah', TO_DATE('1/25/2004', 'MM/DD/YYYY'), 'Bumiputera Sabah');
INSERT INTO Person VALUES ('PER-033', '770210-11-6764', 'Representative', 'Prema binti Ahmad', 'Malaysian', 'prema.binti-ahmad42@email.com', '181012403', '33 Jalan Utama, Labuan, Sabah', TO_DATE('3/16/2002', 'MM/DD/YYYY'), 'Bumiputera Sabah');
INSERT INTO Person VALUES ('PER-034', '710826-14-7421', 'Representative', 'Hassan bin Hussain', 'Malaysian', 'hassan.bin-hussain48@email.com', '138352041', '34 Jalan Utama, Labuan, Sabah', TO_DATE('7/4/1985', 'MM/DD/YYYY'), 'Malay');
INSERT INTO Person VALUES ('PER-035', '730804-16-7429', 'Representative', 'Karen Devi', 'Malaysian', 'karen.devi13@email.com', '192828506', '35 Jalan Utama, Labuan, Sabah', TO_DATE('7/25/1987', 'MM/DD/YYYY'), 'Indian');
INSERT INTO Person VALUES ('PER-036', '900917-16-3670', 'Representative', 'Hassan Ng', 'Malaysian', 'hassan.ng76@email.com', '145586375', '36 Jalan Utama, Labuan, Sabah', TO_DATE('3/24/1988', 'MM/DD/YYYY'), 'Bumiputera Sarawak');
INSERT INTO Person VALUES ('PER-037', '990702-14-7804', 'Representative', 'Kumar binti Othman', 'Malaysian', 'kumar.binti-othman65@email.com', '141760159', '37 Jalan Utama, Labuan, Sabah', TO_DATE('3/21/1992', 'MM/DD/YYYY'), 'Indian');
INSERT INTO Person VALUES ('PER-038', '790606-13-7285', 'Representative', 'Ravi binti Hassan', 'Malaysian', 'ravi.binti-hassan16@email.com', '192114444', '38 Jalan Utama, Labuan, Sabah', TO_DATE('7/26/1994', 'MM/DD/YYYY'), 'Bumiputera Sarawak');
INSERT INTO Person VALUES ('PER-039', '860716-12-4595', 'Representative', 'Lim Low', 'Malaysian', 'lim.low29@email.com', '183942732', '39 Jalan Utama, Labuan, Sabah', TO_DATE('4/20/1997', 'MM/DD/YYYY'), 'Malay');
INSERT INTO Person VALUES ('PER-040', '960522-11-5364', 'Representative', 'Prema Lim', 'Malaysian', 'prema.lim59@email.com', '121359799', '40 Jalan Utama, Labuan, Sabah', TO_DATE('1/25/2006', 'MM/DD/YYYY'), 'Chinese');
COMMIT;

--INVEST_LABUAN
INSERT INTO Invest_Labuan VALUES ('DEPT-LBN-001', 'FDI', 'Foreign Direct Investment', 'fdi@investlabuan.gov.my', '6087-40001', 'Level 10, Financial Park Complex, Labuan', 15000000.00, 'Attracts and manages international corporate investments.', 92.50, 'RT-IL-001');
INSERT INTO Invest_Labuan VALUES ('DEPT-LBN-002', 'DDI', 'Domestic Investment', 'ddi@investlabuan.gov.my', '6087-40002', 'Level 10, Financial Park Complex, Labuan', 8500000.00, 'Supports local businesses and domestic capital growth.', 88.00, 'RT-IL-002');
INSERT INTO Invest_Labuan VALUES ('DEPT-LBN-003', 'TECH', 'Technology & Innovation', 'tech@investlabuan.gov.my', '6087-40003', 'Level 11, Financial Park Complex, Labuan', 5000000.00, 'Promotes digital economy and smart city initiatives.', 75.50, 'RT-IL-003');
INSERT INTO Invest_Labuan VALUES ('DEPT-LBN-004', 'ISF', 'Islamic Finance', 'isf@investlabuan.gov.my', '6087-40004', 'Level 11, Financial Park Complex, Labuan', 12000000.00, 'Develops Labuan as a premier offshore Islamic financial hub.', 95.00, 'RT-IL-004');
INSERT INTO Invest_Labuan VALUES ('DEPT-LBN-005', 'MAR', 'Maritime & Logistics', 'maritime@investlabuan.gov.my', '6087-40005', 'Level 12, Financial Park Complex, Labuan', 7500000.00, NULL, NULL, 'RT-IL-005');
INSERT INTO Invest_Labuan VALUES ('DEPT-LBN-006', 'TOUR', 'Tourism & Hospitality', 'tourism@investlabuan.gov.my', '6087-40006', 'Level 12, Financial Park Complex, Labuan', 4000000.00, 'Enhances tourism infrastructure and hospitality investments.', 82.00, 'RT-IL-006');
INSERT INTO Invest_Labuan VALUES ('DEPT-LBN-007', 'OAG', 'Oil & Gas Hub', 'oag@investlabuan.gov.my', '6087-40007', 'Level 14, Financial Park Complex, Labuan', 20000000.00, 'Manages investments related to deepwater oil and gas operations.', 98.50, 'RT-IL-007');
INSERT INTO Invest_Labuan VALUES ('DEPT-LBN-008', 'CORP', 'Corporate Services', 'corporate@investlabuan.gov.my', '6087-40008', 'Level 9, Financial Park Complex, Labuan', 3500000.00, 'Handles internal HR, finance, and administrative duties.', 90.00, 'RT-IL-008');
INSERT INTO Invest_Labuan VALUES ('DEPT-LBN-009', 'LGL', 'Legal & Compliance', 'legal@investlabuan.gov.my', '6087-40009', 'Level 9, Financial Park Complex, Labuan', 20000000.00, NULL, NULL, 'RT-IL-009');
INSERT INTO Invest_Labuan VALUES ('DEPT-LBN-010', 'SCOM', 'Strategic Communications', 'comms@investlabuan.gov.my', '6087-40010', 'Level 9, Financial Park Complex, Labuan', 2500000.00, 'Manages public relations, foreign relations, and international media.', 85.00, 'RT-IL-010');
COMMIT;

--PROPOSAL_SCREENING
INSERT INTO Proposal_Screening VALUES ('MEET-2026-001', 'MOM-26-08-01', 88, NULL, 'No', 'Shortlisted', TO_DATE('2026-08-01', 'YYYY-MM-DD'), 90, 'Preliminary', NULL);
INSERT INTO Proposal_Screening VALUES ('MEET-2026-002', 'MOM-26-08-02', 45, NULL, 'No', 'Rejected', TO_DATE('2026-08-01', 'YYYY-MM-DD'), 45, 'Technical', NULL);
INSERT INTO Proposal_Screening VALUES ('MEET-2026-003', 'MOM-26-08-03', 75, 'Board member has shares in the vendor company.', 'Yes', 'KIV', TO_DATE('2026-08-02', 'YYYY-MM-DD'), 120, 'Financial', 'Requires updated financial statements to proceed.');
INSERT INTO Proposal_Screening VALUES ('MEET-2026-004', 'MOM-26-08-04', 92, NULL, 'No', 'Shortlisted', TO_DATE('2026-08-03', 'YYYY-MM-DD'), 60, 'Final Review', 'Pending final CEO signature.');
INSERT INTO Proposal_Screening VALUES ('MEET-2026-005', 'MOM-26-08-05', 55, NULL, 'No', 'Rejected', TO_DATE('2026-08-03', 'YYYY-MM-DD'), 30, 'Preliminary', NULL);
INSERT INTO Proposal_Screening VALUES ('MEET-2026-006', 'MOM-26-08-06', 68, NULL, 'No', 'Requires Revision', TO_DATE('2026-08-05', 'YYYY-MM-DD'), 90, 'Technical', 'Update technical specs to match Labuan Corp standards.');
INSERT INTO Proposal_Screening VALUES ('MEET-2026-007', 'MOM-26-08-07', 95, NULL, 'No', 'Shortlisted', TO_DATE('2026-08-06', 'YYYY-MM-DD'), 60, 'Final Review', NULL);
INSERT INTO Proposal_Screening VALUES ('MEET-2026-008', 'MOM-26-08-08', 82, 'Reviewer is a former employee of the applicant firm.', 'Yes', 'KIV', TO_DATE('2026-08-08', 'YYYY-MM-DD'), 120, 'Financial', 'Submit a formal conflict mitigation plan.');
INSERT INTO Proposal_Screening VALUES ('MEET-2026-009', 'MOM-26-08-09', 40, NULL, 'No', 'Rejected', TO_DATE('2026-08-10', 'YYYY-MM-DD'), 45, 'Preliminary', NULL);
INSERT INTO Proposal_Screening VALUES ('MEET-2026-010', 'MOM-26-08-10', 78, NULL, 'No', 'Requires Revision', TO_DATE('2026-08-12', 'YYYY-MM-DD'), 90, 'Technical', 'Revise budget allocation for Q3.');
COMMIT;

--JOB_DESCRIPTION
INSERT INTO Job_Description VALUES ('JOB-2026-001', TO_DATE('2026-05-01', 'YYYY-MM-DD'), 'Senior Software Engineer', 'Senior', 'Full-Time', 'Bachelor Degree', 12000.00, 'Hybrid', TO_DATE('2026-05-31', 'YYYY-MM-DD'), 'Open');
INSERT INTO Job_Description VALUES ('JOB-2026-002', TO_DATE('2026-05-05', 'YYYY-MM-DD'), 'HR Executive', 'Junior', 'Contract', 'Diploma', 3500.00, 'On-Site', TO_DATE('2026-05-20', 'YYYY-MM-DD'), 'Closed');
INSERT INTO Job_Description VALUES ('JOB-2026-003', TO_DATE('2026-05-10', 'YYYY-MM-DD'), 'Chief Financial Officer', 'Director', 'Full-Time', 'Master Degree', 25000.00, 'On-Site', TO_DATE('2026-06-30', 'YYYY-MM-DD'), 'Open');
INSERT INTO Job_Description VALUES ('JOB-2026-004', TO_DATE('2026-05-12', 'YYYY-MM-DD'), 'Data Science Intern', 'Fresh/Entry', 'Internship', 'Bachelor Degree', 1500.00, 'Remote', TO_DATE('2026-05-25', 'YYYY-MM-DD'), 'Open');
INSERT INTO Job_Description VALUES ('JOB-2026-005', TO_DATE('2026-05-15', 'YYYY-MM-DD'), 'Marketing Manager', 'Mid-Level', 'Full-Time', 'Bachelor Degree', 8500.00, 'Hybrid', TO_DATE('2026-06-15', 'YYYY-MM-DD'), 'Draft');
INSERT INTO Job_Description VALUES ('JOB-2026-006', TO_DATE('2026-05-18', 'YYYY-MM-DD'), 'Network Architect', 'Senior', 'Full-Time', 'Professional Cert', 15000.00, 'Remote', TO_DATE('2026-06-18', 'YYYY-MM-DD'), 'Open');
INSERT INTO Job_Description VALUES ('JOB-2026-007', TO_DATE('2026-05-20', 'YYYY-MM-DD'), 'Research Scientist', 'Mid-Level', 'Contract', 'PhD', 11000.00, 'On-Site', TO_DATE('2026-07-20', 'YYYY-MM-DD'), 'Open');
INSERT INTO Job_Description VALUES ('JOB-2026-008', TO_DATE('2026-05-22', 'YYYY-MM-DD'), 'Customer Support Rep', 'Fresh/Entry', 'Part-Time', 'Diploma', 2000.00, 'Remote', TO_DATE('2026-06-05', 'YYYY-MM-DD'), 'Suspended');
INSERT INTO Job_Description VALUES ('JOB-2026-009', TO_DATE('2026-05-25', 'YYYY-MM-DD'), 'Legal Counsel', 'Senior', 'Full-Time', 'Bachelor Degree', 14000.00, 'Hybrid', TO_DATE('2026-06-25', 'YYYY-MM-DD'), 'Open');
INSERT INTO Job_Description VALUES ('JOB-2026-010', TO_DATE('2026-05-28', 'YYYY-MM-DD'), 'IT Support Specialist', 'Junior', 'Full-Time', 'Diploma', 4000.00, 'On-Site', TO_DATE('2026-06-10', 'YYYY-MM-DD'), 'Open');
COMMIT;

-- =====================================================================
-- LEVEL 1: Depends on Level 0
-- =====================================================================
--COMPANY
INSERT INTO Company VALUES ('C00000000000021', 'LLP0098112-LBN', 'Borneo Alpha Capital LLP', 'LLP', 'Local', 12500000.00, 'Level 3, Financial Park Labuan, Complex Main Office, 87000 Labuan, Malaysia', 'borneoalpha.com', 'invest@borneoalpha.com', '6087411221');
INSERT INTO Company VALUES ('C00000000000022', '201501099812', 'Pacific Rim Ventures Bhd', 'Bhd', 'Foreign', 45000000.00, 'Lot 15, Federal Avenue, Financial Park Towers, 87000 Labuan, Malaysia', 'pacrimventures.co', 'deals@pacrimventures.co', '6087422334');
INSERT INTO Company VALUES ('C00000000000023', '202101034512', 'Nusantara Land Holdings Sdn Bhd', 'Sdn Bhd', 'Local', 5000000.00, 'Suite 5A, Lazenda Commercial Centre, Phase 3, 87000 Labuan, Malaysia', 'nusantaraland.my', 'admin@nusantaraland.my', '6087466123');
INSERT INTO Company VALUES ('C00000000000024', 'LLP0044551-LBN', 'Equator Green Fund LLP', 'LLP', 'Foreign', 18000000.00, 'Level 7(B), Main Office Tower, Financial Park Complex, 87000 Labuan, Malaysia', 'equatorgreen.com', 'funding@equatorgreen.com', '6087415599');
INSERT INTO Company VALUES ('C00000000000025', '201001022314', 'Labuan Global Trust Berhad', 'Bhd', 'Local', 25000000.00, 'Kensington House, Jalan OKK Awang Besar, 87000 Labuan, Malaysia', 'labuantrust.com.my', 'trustee@labuantrust.com.my', '6087413344');
INSERT INTO Company VALUES ('C00000000000026', '202303991245', 'Kinabalu Wealth Partners', 'Sole Proprietorship', 'Local', 250000.00, 'No. 42, Taman Perumahan Lazenda, Jalan Kerma, 87000 Labuan, Malaysia', NULL, 'kwpartners@yahoo.com', '60198734412');
INSERT INTO Company VALUES ('C00000000000027', '201801088712', 'Asean Real Estate Fund Bhd', 'Bhd', 'Foreign', 60000000.00, 'Level 11, Energy Complex, Financial Park Labuan, 87000 Labuan, Malaysia', 'aseanrefund.com', 'contact@aseanrefund.com', '6087499211');
INSERT INTO Company VALUES ('C00000000000028', '201901044231', 'EcoTerra Agri-Invest Sdn Bhd', 'Sdn Bhd', 'Local', 3500000.00, 'Lot 8, Industrial Zone, Kampung Rancha-Rancha, 87000 Labuan, Malaysia', 'ecoterrainvest.my', 'proposals@ecoterrainvest.my', '6087511662');
INSERT INTO Company VALUES ('C00000000000029', 'LLP0033118-LBN', 'Oceanic Yield Solutions LLP', 'LLP', 'Foreign', 8500000.00, 'Unit 1C, Brumby House, Jalan Kiansam, 87000 Labuan, Malaysia', 'oceanicyield.com', 'info@oceanicyield.com', '6087421155');
INSERT INTO Company VALUES ('C00000000000030', '202201044556', 'Bayview Horizon Capital Sdn Bhd', 'Sdn Bhd', 'Local', 12000000.00, 'Level 4, Financial Park Complex, Block 4, 87000 Labuan, Malaysia', 'bayviewhorizon.com', 'investment@bayviewhorizon.com', '6087418822');
INSERT INTO Company VALUES ('C00000000000031', '201201033221', 'Mega Structure Builders Sdn Bhd', 'Sdn Bhd', 'Local', 15000000.00, 'Lot 102, Lazenda Warehouse Phase 2, Jalan Papan, 87000 Labuan, Malaysia', 'megastructure.my', 'tender@megastructure.my', '6087433211');
INSERT INTO Company VALUES ('C00000000000032', '201601077551', 'Borneo Infra Development Bhd', 'Bhd', 'Local', 35000000.00, 'Level 8, Tower A, Financial Park Complex, 87000 Labuan, Malaysia', 'borneoinfra.com.my', 'projects@borneoinfra.com.my', '6087455881');
INSERT INTO Company VALUES ('C00000000000033', 'LLP0077882-LBN', 'Apex Eco-Constructors LLP', 'LLP', 'Local', 2000000.00, 'Suite 3, Block C, Lazenda Centre, Jalan Tun Mustapha, 87000 Labuan, Malaysia', 'apexconstruct.my', 'bizdev@apexconstruct.my', '6087466551');
INSERT INTO Company VALUES ('C00000000000034', '202403112245', 'Sinar Utama Builders', 'Sole Proprietorship', 'Local', 180000.00, 'Kampung Sungai Bedaun, Jalan Kiansam, 87000 Labuan, Malaysia', NULL, 'sinarutamabn@gmail.com', '60138765431');
INSERT INTO Company VALUES ('C00000000000035', '201101044321', 'Pacific Coastal Property Bhd', 'Bhd', 'Foreign', 50000000.00, 'Level 14, Main Office Tower, Financial Park Labuan, 87000 Labuan, Malaysia', 'pacificcoastal.com', 'procurement@pacificcoastal.com', '6087412288');
INSERT INTO Company VALUES ('C00000000000036', '202001044112', 'Island View Engineering Sdn Bhd', 'Sdn Bhd', 'Local', 4500000.00, 'No. 18, Lazenda Industrial Park, Jalan Saguking, 87000 Labuan, Malaysia', 'islandvieweng.my', 'engineering@islandvieweng.my', '6087488339');
INSERT INTO Company VALUES ('C00000000000037', 'LLP0055119-LBN', 'Global Port & Infra Design LLP', 'LLP', 'Foreign', 15000000.00, 'Unit E-2, Level 2, Financial Park Complex, 87000 Labuan, Malaysia', 'globalportdesign.com', 'tender_my@globalportdesign.com', '6087451122');
INSERT INTO Company VALUES ('C00000000000038', '201701022441', 'Labuan Marine & Civil Sdn Bhd', 'Sdn Bhd', 'Local', 8000000.00, 'Lot 25, Rancha-Rancha Industrial Estate, 87000 Labuan, Malaysia', 'labuanmarine.com', 'ops@labuanmarine.com', '6087512233');
INSERT INTO Company VALUES ('C00000000000039', '201401033445', 'Zenith Property Developers Bhd', 'Bhd', 'Local', 22000000.00, 'Suite 12, Level 2, Lazenda Commercial Centre, 87000 Labuan, Malaysia', 'zenithproperty.my', 'proposal@zenithproperty.my', '6087441166');
INSERT INTO Company VALUES ('C00000000000040', '202301055612', 'EcoHorizon Urban Green Sdn Bhd', 'Sdn Bhd', 'Foreign', 11000000.00, 'Level 6, Main Office Tower, Financial Park Labuan, 87000 Labuan, Malaysia', 'ecohorizon.sg', 'landproposals@ecohorizon.sg', '6087419955');
COMMIT;

--REPRESENTATIVE
INSERT INTO Representative VALUES ('REP-001', 'RES-LBN-2026-101', 'Head of Legal Affairs', 'Lead Bidder', TO_DATE('1/1/2026', 'MM/DD/YYYY'), 'Active', 'Full Power of Attorney', TO_DATE('1/1/2027', 'MM/DD/YYYY'), 'Yes', 'L1 - Executive Board', NULL, 'PER-001', 'C00000000000021');
INSERT INTO Representative VALUES ('REP-002', 'RES-LBN-2026-102', 'Chief Technical Officer', 'Technical Liaison', TO_DATE('1/16/2026', 'MM/DD/YYYY'), 'Active', 'Liaison Only', TO_DATE('1/31/2027', 'MM/DD/YYYY'), 'No', 'L2 - Senior Management', NULL, 'PER-002', 'C00000000000022');
INSERT INTO Representative VALUES ('REP-003', 'RES-LBN-2026-103', 'Senior Financial Analyst', 'Financial Officer', TO_DATE('1/31/2026', 'MM/DD/YYYY'), 'Suspended', 'Limited Signing Rights', TO_DATE('3/2/2027', 'MM/DD/YYYY'), 'No', 'L3 - Middle Management', NULL, 'PER-003', 'C00000000000023');
INSERT INTO Representative VALUES ('REP-004', 'RES-LBN-2026-104', 'Operations Director', 'Lead Bidder', TO_DATE('2/15/2026', 'MM/DD/YYYY'), 'Active', 'Full Power of Attorney', TO_DATE('4/1/2027', 'MM/DD/YYYY'), 'Yes', 'L1 - Executive Board', 'DEPT-LBN-004', 'PER-004', NULL);
INSERT INTO Representative VALUES ('REP-005', 'RES-LBN-2026-105', 'Compliance Manager', 'Legal Counsel', TO_DATE('3/2/2026', 'MM/DD/YYYY'), 'Active', 'Limited Signing Rights', TO_DATE('5/1/2027', 'MM/DD/YYYY'), 'No', 'L2 - Senior Management', NULL, 'PER-005', 'C00000000000025');
INSERT INTO Representative VALUES ('REP-006', 'RES-LBN-2026-106', 'Project Liaison Officer', 'Technical Liaison', TO_DATE('3/17/2026', 'MM/DD/YYYY'), 'Active', 'Liaison Only', TO_DATE('5/31/2027', 'MM/DD/YYYY'), 'No', 'L3 - Middle Management', 'DEPT-LBN-006', 'PER-006', NULL);
INSERT INTO Representative VALUES ('REP-007', 'RES-LBN-2026-107', 'Strategic Advisor', 'Financial Officer', TO_DATE('4/1/2026', 'MM/DD/YYYY'), 'Revoked', 'Liaison Only', TO_DATE('6/30/2027', 'MM/DD/YYYY'), 'No', 'L3 - Middle Management', 'DEPT-LBN-007', 'PER-007', NULL);
INSERT INTO Representative VALUES ('REP-008', 'RES-LBN-2026-108', 'Infrastructure Lead', 'Technical Liaison', TO_DATE('4/16/2026', 'MM/DD/YYYY'), 'Active', 'Limited Signing Rights', TO_DATE('7/30/2027', 'MM/DD/YYYY'), 'No', 'L2 - Senior Management', 'DEPT-LBN-008', 'PER-008', NULL);
INSERT INTO Representative VALUES ('REP-009', 'RES-LBN-2026-109', 'Corporate Secretary', 'Legal Counsel', TO_DATE('5/1/2026', 'MM/DD/YYYY'), 'Active', 'Limited Signing Rights', TO_DATE('8/29/2027', 'MM/DD/YYYY'), 'No', 'L2 - Senior Management', NULL, 'PER-009', 'C00000000000029');
INSERT INTO Representative VALUES ('REP-010', 'RES-LBN-2026-110', 'Executive Coordinator', 'Lead Bidder', TO_DATE('5/16/2026', 'MM/DD/YYYY'), 'Active', 'Full Power of Attorney', TO_DATE('9/28/2027', 'MM/DD/YYYY'), 'Yes', 'L1 - Executive Board', 'DEPT-LBN-001', 'PER-010', NULL);
COMMIT;

--JOB_APPLICANT
INSERT INTO Job_Applicant VALUES ('APP-2026-001', 'azman_labuan90', 'Bachelor', 8, 'Employed', 'linkedin.com/in/azman-realestate', 'Civil Engineering', 'Yes', 'B.Eng in Civil Engineering', '6012-3456789', 'PER-011');
INSERT INTO Job_Applicant VALUES ('APP-2026-002', 'sarah_tan_prop', 'Master', 12, 'Employed', 'linkedin.com/in/sarahtan-investment', 'Business Administration', 'No', 'MBA in Finance', '6013-9876543', 'PER-012');
INSERT INTO Job_Applicant VALUES ('APP-2026-003', 'devakumar_eco', 'PhD', 6, 'Self-Employed', NULL, 'Environmental Science', 'Yes', 'PhD in Environmental Dynamics', '6017-2234455', 'PER-013');
INSERT INTO Job_Applicant VALUES ('APP-2026-004', 'fatimah_lands', 'Diploma', 4, 'Employed', 'linkedin.com/in/fatimah-sabah-aqri', 'Agriculture', 'No', 'Diploma in Agricultural Science', '6019-5556677', 'PER-014');
INSERT INTO Job_Applicant VALUES ('APP-2026-005', 'john_doe_borneo', 'Bachelor', 15, 'Self-Employed', 'linkedin.com/in/johndoe-landuse', 'Urban Planning', 'Yes', 'BSc in Urban & Regional Planning', '6011-3444556', 'PER-015');
INSERT INTO Job_Applicant VALUES ('APP-2026-006', 'elena_mp', 'Master', 0, 'Unemployed', 'linkedin.com/in/elena-marinelabuan', 'Marine Biology', 'Yes', 'MSc in Marine Resource Management', '6014-7778899', 'PER-016');
INSERT INTO Job_Applicant VALUES ('APP-2026-007', 'ling_const88', 'Diploma', 10, 'Employed', NULL, 'Building Surveying', 'No', 'Diploma in Building Surveying', '6016-4433221', 'PER-017');
INSERT INTO Job_Applicant VALUES ('APP-2026-008', 'amirul_agro26', 'Bachelor', 3, 'Employed', 'linkedin.com/in/amirul-landinvest', 'Agricultural Economics', 'Yes', 'BSc in Agribusiness', '6018-9988776', 'PER-018');
INSERT INTO Job_Applicant VALUES ('APP-2026-009', 'chong_v_capital', 'PhD', 18, 'Employed', 'linkedin.com/in/drchong-proposals', 'Economics', 'No', 'PhD in Development Economics', '6015-6677889', 'PER-019');
INSERT INTO Job_Applicant VALUES ('APP-2026-010', 'nisha_s_legal', 'Master', 5, 'Self-Employed', 'linkedin.com/in/nisha-sabahlegal', 'Law', 'Yes', 'Master of Laws (LLM)', '6012-8889900', 'PER-020');
COMMIT;

--EMPLOYEE (Corrected: Department_ID removed)
INSERT INTO Employee VALUES ('EMP001', 'LBN-2021-001A', 'Permanent', 'Active', TO_DATE('2021-03-15', 'YYYY-MM-DD'), 8500.00, 'Yes', 'Senior Land Inspector', 12000.00, 88.5, 'Staff', 'PER-021');
INSERT INTO Employee VALUES ('EMP002', 'LBN-2021-002A', 'Permanent', 'Active', TO_DATE('2021-04-12', 'YYYY-MM-DD'), 14500.00, 'Yes', 'Investment Committee Chair', 3500.00, 92, 'Manager', 'PER-022');
INSERT INTO Employee VALUES ('EMP003', 'LBN-2022-014B', 'Contract', 'Active', TO_DATE('2022-01-10', 'YYYY-MM-DD'), 5200.00, 'Yes', 'Field Site Inspector', 0.00, 79.25, 'Staff', 'PER-023');
INSERT INTO Employee VALUES ('EMP004', 'LBN-2022-019A', 'Permanent', 'Active', TO_DATE('2022-06-01', 'YYYY-MM-DD'), 11000.00, 'Yes', 'Investment Committee Member', 2200.00, 85, 'Manager', 'PER-024');
INSERT INTO Employee VALUES ('EMP005', 'LBN-2023-005A', 'Permanent', 'Resigned', TO_DATE('2023-02-15', 'YYYY-MM-DD'), 6000.00, 'No', 'Junior Land Inspector', 0.00, NULL, 'Staff', 'PER-025');
INSERT INTO Employee VALUES ('EMP006', 'LBN-2023-011A', 'Permanent', 'Active', TO_DATE('2023-05-18', 'YYYY-MM-DD'), 12500.00, 'Yes', 'Risk Valuation Specialist (IC)', 2800.00, 90.1, 'Manager', 'PER-026');
INSERT INTO Employee VALUES ('EMP007', 'LBN-2023-044B', 'Contract', 'Active', TO_DATE('2023-09-01', 'YYYY-MM-DD'), 5500.00, 'Yes', 'Environmental Compliance Inspector', 500.00, 82, 'Staff', 'PER-027');
INSERT INTO Employee VALUES ('EMP008', 'LBN-2024-002A', 'Permanent', 'Active', TO_DATE('2024-01-08', 'YYYY-MM-DD'), 11500.00, 'Yes', 'Portfolio Asset Analyst (IC)', 1800.00, 86.4, 'Staff', 'PER-028');
INSERT INTO Employee VALUES ('EMP009', 'LBN-2024-015B', 'Contract', 'Suspended', TO_DATE('2024-03-22', 'YYYY-MM-DD'), 5200.00, 'No', 'Technical Zoning Inspector', 0.00, 45, 'Viewer', 'PER-029');
INSERT INTO Employee VALUES ('EMP010', 'LBN-2024-033A', 'Permanent', 'Active', TO_DATE('2024-07-11', 'YYYY-MM-DD'), 13000.00, 'Yes', 'Legal Framework Specialist (IC)', 3000.00, 94.5, 'Manager', 'PER-030');
INSERT INTO Employee VALUES ('EMP011', 'LBN-2025-001C', 'Intern', 'Resigned', TO_DATE('2025-01-05', 'YYYY-MM-DD'), 2000.00, 'No', 'Trainee Land Inspector', 0.00, NULL, 'Viewer', 'PER-031');
INSERT INTO Employee VALUES ('EMP012', 'LBN-2025-009A', 'Permanent', 'Active', TO_DATE('2025-02-14', 'YYYY-MM-DD'), 10500.00, 'Yes', 'Infrastructure Strategy Advisor (IC)', 1500.00, 81.2, 'Staff', 'PER-032');
INSERT INTO Employee VALUES ('EMP013', 'LBN-2025-012B', 'Contract', 'Active', TO_DATE('2025-04-01', 'YYYY-MM-DD'), 5800.00, 'Yes', 'Agricultural Land Inspector', 600.00, 78.9, 'Staff', 'PER-033');
INSERT INTO Employee VALUES ('EMP014', 'LBN-2025-022A', 'Permanent', 'Active', TO_DATE('2025-06-18', 'YYYY-MM-DD'), 12000.00, 'Yes', 'Financial Proposal Evaluator (IC)', 2500.00, 89, 'Manager', 'PER-034');
INSERT INTO Employee VALUES ('EMP015', 'LBN-2025-040B', 'Contract', 'Active', TO_DATE('2025-10-01', 'YYYY-MM-DD'), 6200.00, 'Yes', 'Commercial Property Inspector', 0.00, 83.15, 'Staff', 'PER-035');
INSERT INTO Employee VALUES ('EMP016', 'LBN-2026-002A', 'Permanent', 'Active', TO_DATE('2026-01-12', 'YYYY-MM-DD'), 11800.00, 'Yes', 'Joint-Venture Structuring Expert (IC)', 0.00, 75, 'Staff', 'PER-036');
INSERT INTO Employee VALUES ('EMP017', 'LBN-2026-005C', 'Intern', 'Active', TO_DATE('2026-03-02', 'YYYY-MM-DD'), 2200.00, 'No', 'Investment Committee Coordinator', 0.00, NULL, 'Viewer', 'PER-037');
INSERT INTO Employee VALUES ('EMP018', 'LBN-2026-011B', 'Contract', 'Active', TO_DATE('2026-04-15', 'YYYY-MM-DD'), 6500.00, 'Yes', 'Senior Boundaries Inspector', 0.00, 80, 'Staff', 'PER-038');
INSERT INTO Employee VALUES ('EMP019', 'LBN-2026-014A', 'Permanent', 'Active', TO_DATE('2026-05-02', 'YYYY-MM-DD'), 16000.00, 'Yes', 'Chief Investment Officer (IC)', 5000.00, 96.8, 'Admin', 'PER-039');
INSERT INTO Employee VALUES ('EMP020', 'LBN-2026-018C', 'Intern', 'Active', TO_DATE('2026-06-01', 'YYYY-MM-DD'), 1800.00, 'No', 'Land Surveying Intern (Inspector)', 0.00, NULL, 'Viewer', 'PER-040');
COMMIT;

--ADVERTISEMENT
INSERT INTO Advertisement VALUES ('ADV-1001', TO_DATE('2026-07-01', 'YYYY-MM-DD'), 'Digital', 'Senior IT Engineer', '30', 'JobStreet', 'Urgent hiring', TO_DATE('2026-07-31', 'YYYY-MM-DD'), 1500.00, 'Tech Professionals', 'DEPT-LBN-001');
INSERT INTO Advertisement VALUES ('ADV-1002', TO_DATE('2026-08-01', 'YYYY-MM-DD'), 'Print', 'Papan Island Marina Development', '60', 'Labuan Daily', 'Multi-million resort project', TO_DATE('2026-09-30', 'YYYY-MM-DD'), 50000.00, 'Foreign Investors', 'DEPT-LBN-002');
INSERT INTO Advertisement VALUES ('ADV-1003', TO_DATE('2026-07-15', 'YYYY-MM-DD'), 'Digital', 'Halal Hub Warehouse Lot', '45', 'Official Portal', 'Subsidized rates for locals', TO_DATE('2026-08-29', 'YYYY-MM-DD'), 10000.00, 'Local SMEs', 'DEPT-LBN-003');
INSERT INTO Advertisement VALUES ('ADV-1004', TO_DATE('2026-06-20', 'YYYY-MM-DD'), 'Digital', 'Finance Auditor', '30', 'LinkedIn', 'Requires CPA certification', TO_DATE('2026-07-20', 'YYYY-MM-DD'), 800.00, 'Finance Professionals', 'DEPT-LBN-004');
INSERT INTO Advertisement VALUES ('ADV-1005', TO_DATE('2026-09-01', 'YYYY-MM-DD'), 'Print', 'Financial Park Office Block Bid', '90', 'The Edge Markets', 'Prime real estate offering', TO_DATE('2026-11-30', 'YYYY-MM-DD'), 100000.00, 'Corporate Developers', 'DEPT-LBN-005');
INSERT INTO Advertisement VALUES ('ADV-1006', TO_DATE('2026-07-10', 'YYYY-MM-DD'), 'Digital', 'Legal Counsel', '30', 'JobStreet', 'Minimum 5 years experience', TO_DATE('2026-08-09', 'YYYY-MM-DD'), 12000.00, 'Legal Professionals', 'DEPT-LBN-006');
INSERT INTO Advertisement VALUES ('ADV-1007', TO_DATE('2026-08-15', 'YYYY-MM-DD'), 'Digital', 'Port Maintenance Services', '45', 'Official Portal', 'Open to Labuan registered companies', TO_DATE('2026-09-29', 'YYYY-MM-DD'), 5000.00, 'Marine Engineers', 'DEPT-LBN-007');
INSERT INTO Advertisement VALUES ('ADV-1008', TO_DATE('2026-10-01', 'YYYY-MM-DD'), 'Print', 'Labuan Sentral Retail Lot', '30', 'Labuan Times', 'High foot traffic area', TO_DATE('2026-10-31', 'YYYY-MM-DD'), 15000.00, 'Retail Chains', 'DEPT-LBN-008');
INSERT INTO Advertisement VALUES ('ADV-1009', TO_DATE('2026-06-25', 'YYYY-MM-DD'), 'Digital', 'Civil Engineer', '30', 'LinkedIn', 'Project-based contract', TO_DATE('2026-07-25', 'YYYY-MM-DD'), 1000.00, 'Engineering Graduates', 'DEPT-LBN-009');
INSERT INTO Advertisement VALUES ('ADV-1010', TO_DATE('2026-07-05', 'YYYY-MM-DD'), 'Digital', 'Digital Learning Centre Kiosk', '30', 'Official Portal', 'Targeted for F&B vendors', TO_DATE('2026-08-04', 'YYYY-MM-DD'), 2000.00, 'F&B Startups', 'DEPT-LBN-010');
COMMIT;

-- =====================================================================
-- LEVEL 2: Depends on Level 1
-- =====================================================================

--INVESTMENT_COMMITTEE
INSERT INTO Investment_Committee VALUES ('COM000000000001', 'TERM-2026-S1', 'Technical', TO_DATE('2026-01-01', 'YYYY-MM-DD'), TO_DATE('2026-06-30', 'YYYY-MM-DD'), 'AUTH-HIGH', 'Review engineering, physical mapping, and zoning feasibility of Labuan land lease proposals.', 98.5, 'Weekly', 1.5, 'EMP011');
INSERT INTO Investment_Committee VALUES ('COM000000000002', 'TERM-2026-S1', 'Financial', TO_DATE('2026-01-01', 'YYYY-MM-DD'), TO_DATE('2026-12-31', 'YYYY-MM-DD'), 'AUTH-HIGH', 'Evaluate ROI, rental yield, and financial capability of outer company proposal submittals.', 100, 'Bi-Weekly', 2, 'EMP012');
INSERT INTO Investment_Committee VALUES ('COM000000000003', 'TERM-2026-S1', 'Environmental', TO_DATE('2026-02-01', 'YYYY-MM-DD'), TO_DATE('2026-08-31', 'YYYY-MM-DD'), 'AUTH-MID', 'Assess EIA (Environmental Impact Assessment) compliance for agricultural/industrial land usage.', 92.25, 'Monthly', 1, 'EMP013');
INSERT INTO Investment_Committee VALUES ('COM000000000004', 'TERM-2026-S1', 'Legal', TO_DATE('2026-01-15', 'YYYY-MM-DD'), TO_DATE('2026-12-15', 'YYYY-MM-DD'), 'AUTH-HIGH', 'Review land lease agreements, indemnity clauses, and Labuan regulatory compliance structure.', 95, 'Monthly', 1.75, 'EMP014');
INSERT INTO Investment_Committee VALUES ('COM000000000005', 'TERM-2026-S1', 'Socio-Economic', TO_DATE('2026-03-01', 'YYYY-MM-DD'), TO_DATE('2026-12-31', 'YYYY-MM-DD'), 'AUTH-LOW', 'Analyze local employment opportunities and economic spin-off impacts on the Sabah region.', 88, 'Quarterly', 0.75, 'EMP015');
INSERT INTO Investment_Committee VALUES ('COM000000000006', 'TERM-2026-S2', 'Technical', TO_DATE('2026-07-01', 'YYYY-MM-DD'), TO_DATE('2026-12-31', 'YYYY-MM-DD'), 'AUTH-HIGH', 'Structural and infrastructure connectivity evaluation for mid-term commercial land bids.', 96, 'Weekly', 1.5, 'EMP016');
INSERT INTO Investment_Committee VALUES ('COM000000000007', 'TERM-2026-S1', 'Financial', TO_DATE('2026-04-01', 'YYYY-MM-DD'), TO_DATE('2027-04-01', 'YYYY-MM-DD'), 'AUTH-MID', 'Audit joint-venture capital accounts and escrow validation for commercial land partnerships.', 94.5, 'Bi-Weekly', 1.25, 'EMP017');
INSERT INTO Investment_Committee VALUES ('COM000000000008', 'TERM-2026-S1', 'Environmental', TO_DATE('2026-05-15', 'YYYY-MM-DD'), TO_DATE('2026-11-15', 'YYYY-MM-DD'), 'AUTH-LOW', 'Analyze temporary land clearing permits and waste-management proposals from third parties.', 100, 'Monthly', 1, 'EMP018');
INSERT INTO Investment_Committee VALUES ('COM000000000009', 'TERM-2026-S1', 'Legal', TO_DATE('2026-01-01', 'YYYY-MM-DD'), TO_DATE('2026-12-31', 'YYYY-MM-DD'), 'AUTH-HIGH', 'Dispute resolution and optimization of multi-tenant land zoning lease frameworks.', NULL, 'Quarterly', 1.5, 'EMP019');
INSERT INTO Investment_Committee VALUES ('COM000000000010', 'TERM-2026-S1', 'Technical', TO_DATE('2026-06-01', 'YYYY-MM-DD'), TO_DATE('2027-06-01', 'YYYY-MM-DD'), 'AUTH-MID', 'Infrastructure assessment for logistics and warehousing layout blueprints on corporate plots.', 91, 'Bi-Weekly', 1, 'EMP020');
COMMIT;

--INSPECTOR
INSERT INTO Inspector VALUES ('INS-2026-001', 'DOSH/LBN/2021/089', 'Structural Safety', TO_DATE('2025-03-15', 'YYYY-MM-DD'), 'Zone A', 4.85, 142, '6087412211', TO_DATE('2027-03-15', 'YYYY-MM-DD'), 'CERT-STR-9912', 'EMP001');
INSERT INTO Inspector VALUES ('INS-2026-002', 'DOSH/SBH/2023/142', 'Mechanical and Electrical', TO_DATE('2025-05-20', 'YYYY-MM-DD'), 'Zone B', 4.5, 88, '6087422334', TO_DATE('2028-05-20', 'YYYY-MM-DD'), 'CERT-ME-4451', 'EMP002');
INSERT INTO Inspector VALUES ('INS-2026-003', 'DOSH/LBN/2020/011', 'Environmental Hazard', TO_DATE('2024-11-10', 'YYYY-MM-DD'), 'Zone C', 4.9, 210, '6087466123', TO_DATE('2026-11-10', 'YYYY-MM-DD'), 'CERT-ENV-1034', 'EMP003');
INSERT INTO Inspector VALUES ('INS-2026-004', 'DOSH/SBH/2024/301', 'Fire Protection', TO_DATE('2026-01-15', 'YYYY-MM-DD'), 'Zone D', 4.2, 34, '6087415599', TO_DATE('2029-01-15', 'YYYY-MM-DD'), 'CERT-FIRE-2288', 'EMP004');
INSERT INTO Inspector VALUES ('INS-2026-005', 'DOSH/LBN/2022/224', 'Civil Construction', TO_DATE('2025-08-12', 'YYYY-MM-DD'), 'Zone A', 3.95, 95, '6087413344', TO_DATE('2027-08-12', 'YYYY-MM-DD'), 'CERT-CIV-8891', 'EMP005');
INSERT INTO Inspector VALUES ('INS-2026-006', 'DOSH/LBN/2025/005', 'Structural Safety', TO_DATE('2025-12-01', 'YYYY-MM-DD'), 'Zone C', NULL, 12, '60198734412', TO_DATE('2028-12-01', 'YYYY-MM-DD'), 'CERT-STR-3041', 'EMP006');
INSERT INTO Inspector VALUES ('INS-2026-007', 'DOSH/SBH/2019/512', 'Environmental Hazard', TO_DATE('2024-06-18', 'YYYY-MM-DD'), 'Zone B', 4.75, 315, '6087499211', TO_DATE('2026-06-18', 'YYYY-MM-DD'), 'CERT-ENV-7712', 'EMP007');
INSERT INTO Inspector VALUES ('INS-2026-008', 'DOSH/LBN/2023/055', 'Mechanical and Electrical', TO_DATE('2025-02-28', 'YYYY-MM-DD'), 'Zone D', 4.1, 67, '6087511662', TO_DATE('2027-02-28', 'YYYY-MM-DD'), 'CERT-ME-0442', 'EMP008');
INSERT INTO Inspector VALUES ('INS-2026-009', 'DOSH/SBH/2021/119', 'Civil Construction', TO_DATE('2024-09-05', 'YYYY-MM-DD'), 'Zone A', 4.6, 180, '6087455219', TO_DATE('2026-09-05', 'YYYY-MM-DD'), 'CERT-CIV-5512', 'EMP009');
INSERT INTO Inspector VALUES ('INS-2026-010', 'DOSH/LBN/2024/094', 'Fire Protection', TO_DATE('2025-10-22', 'YYYY-MM-DD'), 'Zone B', 4.35, 43, '6087411225', TO_DATE('2028-10-22', 'YYYY-MM-DD'), 'CERT-FIRE-9411', 'EMP010');
COMMIT;

--JOB_APPLICATION
INSERT INTO Job_Application VALUES ('APP-2026-001', TO_TIMESTAMP('2026-03-01 09:15:00', 'YYYY-MM-DD HH24:MI:SS'), 30, 4500.00, 'LinkedIn', 85.5, TO_DATE('2026-03-10', 'YYYY-MM-DD'), 'Yes', 'Offered', 'Excellent technical skills. Highly recommended.', 'APP-2026-001');
INSERT INTO Job_Application VALUES ('APP-2026-002', TO_TIMESTAMP('2026-03-01 10:45:00', 'YYYY-MM-DD HH24:MI:SS'), 60, 8000.00, 'JobStreet', 92, TO_DATE('2026-03-12', 'YYYY-MM-DD'), 'No', 'Withdrawn', 'Candidate withdrew due to counter-offer.', 'APP-2026-002');
INSERT INTO Job_Application VALUES ('APP-2026-003', TO_TIMESTAMP('2026-03-02 14:30:00', 'YYYY-MM-DD HH24:MI:SS'), 0, 3000.00, 'Recruitment Agency', 45, NULL, NULL, 'Rejected', 'Lacks required experience in Flutter.', 'APP-2026-003');
INSERT INTO Job_Application VALUES ('APP-2026-004', TO_TIMESTAMP('2026-03-05 08:00:00', 'YYYY-MM-DD HH24:MI:SS'), 14, 5500.00, 'Company Website', 78.5, TO_DATE('2026-03-20', 'YYYY-MM-DD'), 'Yes', 'Offered', 'Good cultural fit. Strong communication.', 'APP-2026-004');
INSERT INTO Job_Application VALUES ('APP-2026-005', TO_TIMESTAMP('2026-03-06 16:20:00', 'YYYY-MM-DD HH24:MI:SS'), 90, 12000.00, 'Employee Referral', 95, TO_DATE('2026-03-25', 'YYYY-MM-DD'), 'Yes', 'Offered', 'Exceptional leadership qualities. Make offer ASAP.', 'APP-2026-005');
INSERT INTO Job_Application VALUES ('APP-2026-006', TO_TIMESTAMP('2026-03-10 11:10:00', 'YYYY-MM-DD HH24:MI:SS'), 30, 6000.00, 'Facebook Jobs', 88, TO_DATE('2026-03-22', 'YYYY-MM-DD'), NULL, 'Interviewing', 'Awaiting final technical assessment.', 'APP-2026-006');
INSERT INTO Job_Application VALUES ('APP-2026-007', TO_TIMESTAMP('2026-03-12 15:45:00', 'YYYY-MM-DD HH24:MI:SS'), 0, 3500.00, 'Career Fair', 55, NULL, NULL, 'Rejected', 'Not a fit for this seniority level.', 'APP-2026-007');
INSERT INTO Job_Application VALUES ('APP-2026-008', TO_TIMESTAMP('2026-03-15 09:05:00', 'YYYY-MM-DD HH24:MI:SS'), 60, 7500.00, 'Recruitment Agency', NULL, NULL, NULL, 'Applied', NULL, 'APP-2026-008');
INSERT INTO Job_Application VALUES ('APP-2026-009', TO_TIMESTAMP('2026-03-18 13:20:00', 'YYYY-MM-DD HH24:MI:SS'), 30, 4800.00, 'Walk-in Application', 72, TO_DATE('2026-03-28', 'YYYY-MM-DD'), NULL, 'Interviewing', 'Follow up on notice period flexibility.', 'APP-2026-009');
INSERT INTO Job_Application VALUES ('APP-2026-010', TO_TIMESTAMP('2026-03-20 17:55:00', 'YYYY-MM-DD HH24:MI:SS'), 14, 5000.00, 'University Career Portal', NULL, NULL, NULL, 'Applied', NULL, 'APP-2026-010');
COMMIT;

--INVESTOR
INSERT INTO Investor VALUES ('MIDA/LBN/2026/INV-21', 'INV000000000001', 'Infrastructure', 'Institutional', 12500000.00, 3, 'Conservative', 12, 'Yes', 'AA', 'C00000000000021');
INSERT INTO Investor VALUES ('MIDA/INT/2026/INV-22', 'INV000000000002', 'Digital Tech', 'Venture Capital', 45000000.00, 8, 'Aggressive', 7, 'No', 'A', 'C00000000000022');
INSERT INTO Investor VALUES ('MIDA/LBN/2026/INV-23', 'INV000000000003', 'Manufacturing', 'Corporate', 5000000.00, 2, 'Moderate', 10, 'Yes', 'BBB', 'C00000000000023');
INSERT INTO Investor VALUES ('MIDA/INT/2026/INV-24', 'INV000000000004', 'Services', 'Institutional', 18000000.00, 4, 'Conservative', 15, 'Yes', 'AA', 'C00000000000024');
INSERT INTO Investor VALUES ('MIDA/LBN/2026/INV-25', 'INV000000000005', 'Primary', 'Corporate', 25000000.00, 5, 'Moderate', 8, 'Yes', 'A', 'C00000000000025');
INSERT INTO Investor VALUES ('MIDA/LBN/2026/INV-26', 'INV000000000006', 'Digital Tech', 'Angel Investor', 250000.00, 1, 'Aggressive', 3, 'Yes', NULL, 'C00000000000026');
INSERT INTO Investor VALUES ('MIDA/INT/2026/INV-27', 'INV000000000007', 'Infrastructure', 'Institutional', 60000000.00, 6, 'Conservative', 20, 'No', 'AAA', 'C00000000000027');
INSERT INTO Investor VALUES ('MIDA/LBN/2026/INV-28', 'INV000000000008', 'Primary', 'Corporate', 3500000.00, 2, 'Moderate', 6, 'Yes', 'BB', 'C00000000000028');
INSERT INTO Investor VALUES ('MIDA/LBN/2026/INV-29', 'INV000000000009', 'Digital Tech', 'Venture Capital', 15000000.00, 4, 'Aggressive', 5, 'No', 'BBB', 'C00000000000029');
INSERT INTO Investor VALUES ('MIDA/SAB/2026/INV-30', 'INV000000000010', 'Primary', 'Corporate', 8000000.00, 0, 'Conservative', 10, 'Yes', NULL, 'C00000000000030');
COMMIT;

--DEVELOPER
INSERT INTO Developer VALUES ('DEV000000000001', 'CIDB/LBN/A1/00234-20', '14 Years', 28, 142000000.00, 14, 'Excellent', 145, 'Marine Infrastructure & Harbor Reclamation', 4.8, 'C00000000000031');
INSERT INTO Developer VALUES ('DEV000000000002', 'CIDB/KLA/B2/05611-16', '10 Years', 15, 89500000.00, 10, 'Good', 98, 'High-Rise Commercial Buildings & Office Complexes', 4.2, 'C00000000000032');
INSERT INTO Developer VALUES ('DEV000000000003', 'CIDB/LBN/G7/08831-21', '5 Years', 8, 12400000.00, 5, 'Stable', 34, 'Eco-Friendly Modular Industrial Warehouses', 3.9, 'C00000000000033');
INSERT INTO Developer VALUES ('DEV000000000004', 'CIDB/SAB/G3/11045-24', '2 Years', 3, 450000.00, 2, 'Audited', 12, 'Small-scale Civil Site Clearing & Earthworks', NULL, 'C00000000000034');
INSERT INTO Developer VALUES ('DEV000000000005', 'CIDB/HQ/A1/00991-11', '15 Years', 42, 310000000.00, 15, 'Excellent', 280, 'Deep Sea Port Terminals & Marine Civil Works', 4.9, 'C00000000000035');
INSERT INTO Developer VALUES ('DEV000000000006', 'CIDB/LBN/G5/04412-20', '6 Years', 11, 24500000.00, 6, 'Good', 45, 'Industrial Plant Piping & Structural Engineering', 4.0, 'C00000000000036');
INSERT INTO Developer VALUES ('DEV000000000007', 'CIDB/INT/G7/00551-17', '9 Years', 19, 185000000.00, 9, 'Excellent', 110, 'Smart City Infrastructure & Sustainable Roads', 4.5, 'C00000000000037');
INSERT INTO Developer VALUES ('DEV000000000008', 'CIDB/LBN/G6/02241-17', '9 Years', 22, 68000000.00, 9, 'Stable', 75, 'Coastal Erosion Walls & Dredging Engineering', 4.1, 'C00000000000038');
INSERT INTO Developer VALUES ('DEV000000000009', 'CIDB/SAB/G7/03344-14', '12 Years', 31, 195000000.00, 12, 'Excellent', 160, 'Mixed-use Commercial Townships & Modern Retails', 4.7, 'C00000000000039');
INSERT INTO Developer VALUES ('DEV000000000010', 'CIDB/SGP/G7/05561-23', '3 Years', 5, 45000000.00, 3, 'Audited', 28, 'Green Building Commercial Solar Farm Developments', 4.3, 'C00000000000040');
COMMIT;
-- =====================================================================
-- LEVEL 3: Depends on Level 2
-- =====================================================================
--INVESTMENT_APPLICATION
INSERT INTO Investment_Application VALUES ('APP-2026-8001', TO_DATE('2026-01-05', 'YYYY-MM-DD'), TO_DATE('2026-01-08', 'YYYY-MM-DD'), 'Approved', 'Strong networking background.', '5 days', 0.00, 'LinkedIn', TO_DATE('2026-11-01', 'YYYY-MM-DD'), 'Series A Tech Startup', 'INV000000000001', 'REP-001');
INSERT INTO Investment_Application VALUES ('APP-2026-8002', TO_DATE('2026-01-10', 'YYYY-MM-DD'), TO_DATE('2026-01-12', 'YYYY-MM-DD'), 'Rejected', 'Lacks required experience.', '6 days', 0.00, 'Company Page', TO_DATE('2026-11-02', 'YYYY-MM-DD'), 'Real Estate Fund II', 'INV000000000002', 'REP-002');
INSERT INTO Investment_Application VALUES ('APP-2026-8003', TO_DATE('2026-01-15', 'YYYY-MM-DD'), TO_DATE('2026-01-18', 'YYYY-MM-DD'), 'Under Review', 'Expanding digital infrastructure.', '9 days', 1500.00, 'Physical Form', NULL, 'Retail Expansion Project', 'INV000000000003', 'REP-003');
INSERT INTO Investment_Application VALUES ('APP-2026-8004', TO_DATE('2026-01-20', 'YYYY-MM-DD'), TO_DATE('2026-01-25', 'YYYY-MM-DD'), 'Approved', 'Accepted offer on July 2nd.', '5 days', 0.00, 'Official Email', TO_DATE('2026-11-10', 'YYYY-MM-DD'), 'Green Energy Initiative', 'INV000000000004', 'REP-004');
INSERT INTO Investment_Application VALUES ('APP-2026-8005', TO_DATE('2026-01-22', 'YYYY-MM-DD'), NULL, 'Pending', 'High paid-up capital verified.', '10 days', 5000.00, 'Agency Referral', TO_DATE('2026-11-12', 'YYYY-MM-DD'), 'Healthcare Seed', 'INV000000000005', 'REP-005');
INSERT INTO Investment_Application VALUES ('APP-2026-8006', TO_DATE('2026-02-01', 'YYYY-MM-DD'), TO_DATE('2026-02-05', 'YYYY-MM-DD'), 'Approved', 'Awaiting HR initial screen.', '7 days', 0.00, 'Company Page', TO_DATE('2026-11-15', 'YYYY-MM-DD'), 'AI Development Lab', 'INV000000000006', 'REP-006');
INSERT INTO Investment_Application VALUES ('APP-2026-8007', TO_DATE('2026-02-07', 'YYYY-MM-DD'), TO_DATE('2026-02-10', 'YYYY-MM-DD'), 'Rejected', 'Incomplete documentation.', '5 days', 0.00, 'Physical Form', NULL, 'Local Restaurant Chain', 'INV000000000007', 'REP-007');
INSERT INTO Investment_Application VALUES ('APP-2026-8008', TO_DATE('2026-02-12', 'YYYY-MM-DD'), NULL, 'Pending', 'Pending financial audit.', '3 days', 1500.00, 'LinkedIn', TO_DATE('2026-11-20', 'YYYY-MM-DD'), 'Fintech Series B', 'INV000000000008', 'REP-008');
INSERT INTO Investment_Application VALUES ('APP-2026-8009', TO_DATE('2026-02-18', 'YYYY-MM-DD'), TO_DATE('2026-02-22', 'YYYY-MM-DD'), 'Under Review', 'Good portfolio.', '6 days', 0.00, 'Agency Referral', TO_DATE('2026-11-22', 'YYYY-MM-DD'), 'AgriTech Fund', 'INV000000000009', 'REP-009');
INSERT INTO Investment_Application VALUES ('APP-2026-8010', TO_DATE('2026-02-25', 'YYYY-MM-DD'), TO_DATE('2026-02-28', 'YYYY-MM-DD'), 'Approved', 'Met all strict conditions.', '5 days', 5000.00, 'Official Email', TO_DATE('2026-11-25', 'YYYY-MM-DD'), 'E-commerce Platform', 'INV000000000010', 'REP-010');
COMMIT;

--TERMINATION
INSERT INTO Termination VALUES ('TERM-2026-101', TO_DATE('2026-10-01', 'YYYY-MM-DD'), 'Executed', 250000.00, 'Completed', TO_DATE('2026-09-01', 'YYYY-MM-DD'), TO_DATE('2026-10-02 08:30:00', 'YYYY-MM-DD HH24:MI:SS'), 'Not Required', 'BRCH-FIN-04', 14, 'INV000000000001');
INSERT INTO Termination VALUES ('TERM-2026-102', TO_DATE('2026-10-05', 'YYYY-MM-DD'), 'Under Legal Review', 0.00, 'Pending', TO_DATE('2026-09-15', 'YYYY-MM-DD'), NULL, 'Notice Served', 'BRCH-DLAY-01', 30, 'INV000000000002');
INSERT INTO Termination VALUES ('TERM-2026-103', TO_DATE('2026-10-12', 'YYYY-MM-DD'), 'Appealed', 50000.00, 'In Progress', TO_DATE('2026-09-12', 'YYYY-MM-DD'), NULL, 'Notice Served', 'BRCH-QUAL-02', 30, 'INV000000000003');
INSERT INTO Termination VALUES ('TERM-2026-104', TO_DATE('2026-10-15', 'YYYY-MM-DD'), 'Executed', 1500000.00, 'Completed', TO_DATE('2026-09-01', 'YYYY-MM-DD'), TO_DATE('2026-10-16 10:00:00', 'YYYY-MM-DD HH24:MI:SS'), 'Evicted', 'BRCH-ABND-09', 7, 'INV000000000004');
INSERT INTO Termination VALUES ('TERM-2026-105', TO_DATE('2026-10-20', 'YYYY-MM-DD'), 'Pending', 0.00, 'Pending', TO_DATE('2026-10-01', 'YYYY-MM-DD'), NULL, 'Not Required', 'BRCH-COMP-01', 60, 'INV000000000005');
INSERT INTO Termination VALUES ('TERM-2026-106', TO_DATE('2026-10-22', 'YYYY-MM-DD'), 'Executed', 75000.00, 'Failed', TO_DATE('2026-09-20', 'YYYY-MM-DD'), TO_DATE('2026-10-23 14:15:00', 'YYYY-MM-DD HH24:MI:SS'), 'Resisting', 'BRCH-SAFE-03', 14, 'INV000000000006');
INSERT INTO Termination VALUES ('TERM-2026-107', TO_DATE('2026-10-25', 'YYYY-MM-DD'), 'Under Legal Review', 0.00, 'Pending', TO_DATE('2026-09-25', 'YYYY-MM-DD'), NULL, 'Notice Served', 'BRCH-FIN-02', 30, 'INV000000000007');
INSERT INTO Termination VALUES ('TERM-2026-108', TO_DATE('2026-11-02', 'YYYY-MM-DD'), 'Appealed', 120000.00, 'In Progress', TO_DATE('2026-10-02', 'YYYY-MM-DD'), NULL, 'Not Required', 'BRCH-DLAY-03', 45, 'INV000000000008');
INSERT INTO Termination VALUES ('TERM-2026-109', TO_DATE('2026-11-05', 'YYYY-MM-DD'), 'Executed', 300000.00, 'Completed', TO_DATE('2026-10-05', 'YYYY-MM-DD'), TO_DATE('2026-11-06 09:00:00', 'YYYY-MM-DD HH24:MI:SS'), 'Evicted', 'BRCH-ABND-01', 14, 'INV000000000009');
INSERT INTO Termination VALUES ('TERM-2026-110', TO_DATE('2026-11-10', 'YYYY-MM-DD'), 'Pending', 0.00, 'Pending', TO_DATE('2026-10-20', 'YYYY-MM-DD'), NULL, 'Not Required', 'BRCH-COMP-02', 90, 'INV000000000010');
COMMIT;

-- =====================================================================
-- LEVEL 4: Proposal Superclass
-- =====================================================================
--PROPOSAL_CONTENT
-- Economic Sub-Proposal Blocks
INSERT INTO Proposal_Content VALUES ('PRP-ECO-001', 'ECO000000000001', TO_DATE('2026-03-15', 'YYYY-MM-DD'), 'Approved', 'Verified', 'Certified Financial Economist (Sabah)', 'DEV000000000001', 'REP-001', 'MEET-2026-001', 'APP-2026-8001');
INSERT INTO Proposal_Content VALUES ('PRP-ECO-002', 'ECO000000000002', TO_DATE('2026-03-18', 'YYYY-MM-DD'), 'Approved', 'Verified', 'Certified Financial Economist (Sabah)', 'DEV000000000002', 'REP-002', 'MEET-2026-002', 'APP-2026-8002');
INSERT INTO Proposal_Content VALUES ('PRP-ECO-003', 'ECO000000000003', TO_DATE('2026-04-02', 'YYYY-MM-DD'), 'Approved', 'Verified', 'Certified Financial Economist (Sabah)', 'DEV000000000003', 'REP-003', 'MEET-2026-003', 'APP-2026-8003');
INSERT INTO Proposal_Content VALUES ('PRP-ECO-004', 'ECO000000000004', TO_DATE('2026-04-10', 'YYYY-MM-DD'), 'Requires Revision', 'Verified', 'Certified Financial Economist (Sabah)', 'DEV000000000004', 'REP-004', 'MEET-2026-004', 'APP-2026-8004');
INSERT INTO Proposal_Content VALUES ('PRP-ECO-005', 'ECO000000000005', TO_DATE('2026-04-15', 'YYYY-MM-DD'), 'Approved', 'Verified', 'Certified Financial Economist (Sabah)', 'DEV000000000005', 'REP-005', 'MEET-2026-005', 'APP-2026-8005');
INSERT INTO Proposal_Content VALUES ('PRP-ECO-006', 'ECO000000000006', TO_DATE('2026-04-22', 'YYYY-MM-DD'), 'Approved', 'Verified', 'Certified Financial Economist (Sabah)', 'DEV000000000006', 'REP-006', 'MEET-2026-006', 'APP-2026-8006');
INSERT INTO Proposal_Content VALUES ('PRP-ECO-007', 'ECO000000000007', TO_DATE('2026-05-02', 'YYYY-MM-DD'), 'Approved', 'Verified', 'Certified Financial Economist (Sabah)', 'DEV000000000007', 'REP-007', 'MEET-2026-007', 'APP-2026-8007');
INSERT INTO Proposal_Content VALUES ('PRP-ECO-008', 'ECO000000000008', TO_DATE('2026-05-05', 'YYYY-MM-DD'), 'Requires Revision', 'Verified', 'Certified Financial Economist (Sabah)', 'DEV000000000008', 'REP-008', 'MEET-2026-008', 'APP-2026-8008');
INSERT INTO Proposal_Content VALUES ('PRP-ECO-009', 'ECO000000000009', TO_DATE('2026-05-12', 'YYYY-MM-DD'), 'Approved', 'Verified', 'Certified Financial Economist (Sabah)', 'DEV000000000009', 'REP-009', 'MEET-2026-009', 'APP-2026-8009');
INSERT INTO Proposal_Content VALUES ('PRP-ECO-010', 'ECO000000000010', TO_DATE('2026-05-20', 'YYYY-MM-DD'), 'Requires Revision', 'Verified', 'Certified Financial Economist (Sabah)', 'DEV000000000010', 'REP-010', 'MEET-2026-010', 'APP-2026-8010');

-- Environmental Sub-Proposal Blocks
INSERT INTO Proposal_Content VALUES ('PRP-ENV-001', 'ENV000000000001', TO_DATE('2026-03-14', 'YYYY-MM-DD'), 'Approved', 'Verified', 'EIA Registered Consultant (Sabah DOE)', 'DEV000000000001', 'REP-001', 'MEET-2026-001', 'APP-2026-8001');
INSERT INTO Proposal_Content VALUES ('PRP-ENV-002', 'ENV000000000002', TO_DATE('2026-03-19', 'YYYY-MM-DD'), 'Approved', 'Verified', 'EIA Registered Consultant (Sabah DOE)', 'DEV000000000002', 'REP-002', 'MEET-2026-002', 'APP-2026-8002');
INSERT INTO Proposal_Content VALUES ('PRP-ENV-003', 'ENV000000000003', TO_DATE('2026-04-01', 'YYYY-MM-DD'), 'Approved', 'Verified', 'EIA Registered Consultant (Sabah DOE)', 'DEV000000000003', 'REP-003', 'MEET-2026-003', 'APP-2026-8003');
INSERT INTO Proposal_Content VALUES ('PRP-ENV-004', 'ENV000000000004', TO_DATE('2026-04-11', 'YYYY-MM-DD'), 'Pending', 'Verified', 'EIA Registered Consultant (Sabah DOE)', 'DEV000000000004', 'REP-004', 'MEET-2026-004', 'APP-2026-8004');
INSERT INTO Proposal_Content VALUES ('PRP-ENV-005', 'ENV000000000005', TO_DATE('2026-04-16', 'YYYY-MM-DD'), 'Approved', 'Verified', 'EIA Registered Consultant (Sabah DOE)', 'DEV000000000005', 'REP-005', 'MEET-2026-005', 'APP-2026-8005');
INSERT INTO Proposal_Content VALUES ('PRP-ENV-006', 'ENV000000000006', TO_DATE('2026-04-25', 'YYYY-MM-DD'), 'Approved', 'Verified', 'EIA Registered Consultant (Sabah DOE)', 'DEV000000000006', 'REP-006', 'MEET-2026-006', 'APP-2026-8006');
INSERT INTO Proposal_Content VALUES ('PRP-ENV-007', 'ENV000000000007', TO_DATE('2026-05-03', 'YYYY-MM-DD'), 'Pending', 'Verified', 'EIA Registered Consultant (Sabah DOE)', 'DEV000000000007', 'REP-007', 'MEET-2026-007', 'APP-2026-8007');
INSERT INTO Proposal_Content VALUES ('PRP-ENV-008', 'ENV000000000008', TO_DATE('2026-05-06', 'YYYY-MM-DD'), 'Requires Revision', 'Verified', 'EIA Registered Consultant (Sabah DOE)', 'DEV000000000008', 'REP-008', 'MEET-2026-008', 'APP-2026-8008');
INSERT INTO Proposal_Content VALUES ('PRP-ENV-009', 'ENV000000000009', TO_DATE('2026-05-14', 'YYYY-MM-DD'), 'Approved', 'Verified', 'EIA Registered Consultant (Sabah DOE)', 'DEV000000000009', 'REP-009', 'MEET-2026-009', 'APP-2026-8009');
INSERT INTO Proposal_Content VALUES ('PRP-ENV-010', 'ENV000000000010', TO_DATE('2026-05-21', 'YYYY-MM-DD'), 'Approved', 'Verified', 'EIA Registered Consultant (Sabah DOE)', 'DEV000000000010', 'REP-010', 'MEET-2026-010', 'APP-2026-8010');

-- Social Sub-Proposal Blocks
INSERT INTO Proposal_Content VALUES ('PRP-SOC-001', 'SOC000000000001', TO_DATE('2026-03-16', 'YYYY-MM-DD'), 'Approved', 'Verified', 'Social Impact Assessment (SIA) Specialist', 'DEV000000000001', 'REP-001', 'MEET-2026-001', 'APP-2026-8001');
INSERT INTO Proposal_Content VALUES ('PRP-SOC-002', 'SOC000000000002', TO_DATE('2026-03-20', 'YYYY-MM-DD'), 'Approved', 'Verified', 'Social Impact Assessment (SIA) Specialist', 'DEV000000000002', 'REP-002', 'MEET-2026-002', 'APP-2026-8002');
INSERT INTO Proposal_Content VALUES ('PRP-SOC-003', 'SOC000000000003', TO_DATE('2026-04-03', 'YYYY-MM-DD'), 'Approved', 'Verified', 'Social Impact Assessment (SIA) Specialist', 'DEV000000000003', 'REP-003', 'MEET-2026-003', 'APP-2026-8003');
INSERT INTO Proposal_Content VALUES ('PRP-SOC-004', 'SOC000000000004', TO_DATE('2026-04-12', 'YYYY-MM-DD'), 'Pending', 'Verified', 'Social Impact Assessment (SIA) Specialist', 'DEV000000000004', 'REP-004', 'MEET-2026-004', 'APP-2026-8004');
INSERT INTO Proposal_Content VALUES ('PRP-SOC-005', 'SOC000000000005', TO_DATE('2026-04-17', 'YYYY-MM-DD'), 'Approved', 'Verified', 'Social Impact Assessment (SIA) Specialist', 'DEV000000000005', 'REP-005', 'MEET-2026-005', 'APP-2026-8005');
INSERT INTO Proposal_Content VALUES ('PRP-SOC-006', 'SOC000000000006', TO_DATE('2026-04-26', 'YYYY-MM-DD'), 'Requires Revision', 'Verified', 'Social Impact Assessment (SIA) Specialist', 'DEV000000000006', 'REP-006', 'MEET-2026-006', 'APP-2026-8006');
INSERT INTO Proposal_Content VALUES ('PRP-SOC-007', 'SOC000000000007', TO_DATE('2026-05-04', 'YYYY-MM-DD'), 'Approved', 'Verified', 'Social Impact Assessment (SIA) Specialist', 'DEV000000000007', 'REP-007', 'MEET-2026-007', 'APP-2026-8007');
INSERT INTO Proposal_Content VALUES ('PRP-SOC-008', 'SOC000000000008', TO_DATE('2026-05-07', 'YYYY-MM-DD'), 'Pending', 'Verified', 'Social Impact Assessment (SIA) Specialist', 'DEV000000000008', 'REP-008', 'MEET-2026-008', 'APP-2026-8008');
INSERT INTO Proposal_Content VALUES ('PRP-SOC-009', 'SOC000000000009', TO_DATE('2026-05-15', 'YYYY-MM-DD'), 'Approved', 'Verified', 'Social Impact Assessment (SIA) Specialist', 'DEV000000000009', 'REP-009', 'MEET-2026-009', 'APP-2026-8009');
INSERT INTO Proposal_Content VALUES ('PRP-SOC-010', 'SOC000000000010', TO_DATE('2026-05-22', 'YYYY-MM-DD'), 'Approved', 'Verified', 'Social Impact Assessment (SIA) Specialist', 'DEV000000000010', 'REP-010', 'MEET-2026-010', 'APP-2026-8010');

-- Digital Sub-Proposal Blocks
INSERT INTO Proposal_Content VALUES ('PRP-DIG-001', 'DIG000000000001', TO_DATE('2026-02-15', 'YYYY-MM-DD'), 'Approved', 'Verified', 'MDEC Tech Transformation Officer', 'DEV000000000001', 'REP-001', 'MEET-2026-001', 'APP-2026-8001');
INSERT INTO Proposal_Content VALUES ('PRP-DIG-002', 'DIG000000000002', TO_DATE('2026-02-15', 'YYYY-MM-DD'), 'Approved', 'Verified', 'MDEC Tech Transformation Officer', 'DEV000000000002', 'REP-002', 'MEET-2026-002', 'APP-2026-8002');
INSERT INTO Proposal_Content VALUES ('PRP-DIG-003', 'DIG000000000003', TO_DATE('2026-02-15', 'YYYY-MM-DD'), 'Under Review', 'Verified', 'MDEC Tech Transformation Officer', 'DEV000000000003', 'REP-003', 'MEET-2026-003', 'APP-2026-8003');
INSERT INTO Proposal_Content VALUES ('PRP-DIG-004', 'DIG000000000004', TO_DATE('2026-02-15', 'YYYY-MM-DD'), 'Approved', 'Verified', 'MDEC Tech Transformation Officer', 'DEV000000000004', 'REP-004', 'MEET-2026-004', 'APP-2026-8004');
INSERT INTO Proposal_Content VALUES ('PRP-DIG-005', 'DIG000000000005', TO_DATE('2026-02-15', 'YYYY-MM-DD'), 'Approved', 'Verified', 'MDEC Tech Transformation Officer', 'DEV000000000005', 'REP-005', 'MEET-2026-005', 'APP-2026-8005');
INSERT INTO Proposal_Content VALUES ('PRP-DIG-006', 'DIG000000000006', TO_DATE('2026-02-15', 'YYYY-MM-DD'), 'Requires Revision', 'Verified', 'MDEC Tech Transformation Officer', 'DEV000000000006', 'REP-006', 'MEET-2026-006', 'APP-2026-8006');
INSERT INTO Proposal_Content VALUES ('PRP-DIG-007', 'DIG000000000007', TO_DATE('2026-02-15', 'YYYY-MM-DD'), 'Under Review', 'Verified', 'MDEC Tech Transformation Officer', 'DEV000000000007', 'REP-007', 'MEET-2026-007', 'APP-2026-8007');
INSERT INTO Proposal_Content VALUES ('PRP-DIG-008', 'DIG000000000008', TO_DATE('2026-02-15', 'YYYY-MM-DD'), 'Approved', 'Verified', 'MDEC Tech Transformation Officer', 'DEV000000000008', 'REP-008', 'MEET-2026-008', 'APP-2026-8008');
INSERT INTO Proposal_Content VALUES ('PRP-DIG-009', 'DIG000000000009', TO_DATE('2026-02-15', 'YYYY-MM-DD'), 'Under Review', 'Verified', 'MDEC Tech Transformation Officer', 'DEV000000000009', 'REP-009', 'MEET-2026-009', 'APP-2026-8009');
INSERT INTO Proposal_Content VALUES ('PRP-DIG-010', 'DIG000000000010', TO_DATE('2026-02-15', 'YYYY-MM-DD'), 'Approved', 'Verified', 'MDEC Tech Transformation Officer', 'DEV000000000010', 'REP-010', 'MEET-2026-010', 'APP-2026-8010');

-- Infrastructure Sub-Proposal Blocks
INSERT INTO Proposal_Content VALUES ('PRP-INF-001', 'INF000000000001', TO_DATE('2026-01-20', 'YYYY-MM-DD'), 'Approved', 'Verified', 'Registered Professional Engineer (BEM)', 'DEV000000000001', 'REP-001', 'MEET-2026-001', 'APP-2026-8001');
INSERT INTO Proposal_Content VALUES ('PRP-INF-002', 'INF000000000002', TO_DATE('2026-01-20', 'YYYY-MM-DD'), 'Approved', 'Verified', 'Registered Professional Engineer (BEM)', 'DEV000000000002', 'REP-002', 'MEET-2026-002', 'APP-2026-8002');
INSERT INTO Proposal_Content VALUES ('PRP-INF-003', 'INF000000000003', TO_DATE('2026-01-20', 'YYYY-MM-DD'), 'Approved', 'Verified', 'Registered Professional Engineer (BEM)', 'DEV000000000003', 'REP-003', 'MEET-2026-003', 'APP-2026-8003');
INSERT INTO Proposal_Content VALUES ('PRP-INF-004', 'INF000000000004', TO_DATE('2026-01-20', 'YYYY-MM-DD'), 'Approved', 'Verified', 'Registered Professional Engineer (BEM)', 'DEV000000000004', 'REP-004', 'MEET-2026-004', 'APP-2026-8004');
INSERT INTO Proposal_Content VALUES ('PRP-INF-005', 'INF000000000005', TO_DATE('2026-01-20', 'YYYY-MM-DD'), 'Approved', 'Verified', 'Registered Professional Engineer (BEM)', 'DEV000000000005', 'REP-005', 'MEET-2026-005', 'APP-2026-8005');
INSERT INTO Proposal_Content VALUES ('PRP-INF-006', 'INF000000000006', TO_DATE('2026-01-20', 'YYYY-MM-DD'), 'Requires Revision', 'Verified', 'Registered Professional Engineer (BEM)', 'DEV000000000006', 'REP-006', 'MEET-2026-006', 'APP-2026-8006');
INSERT INTO Proposal_Content VALUES ('PRP-INF-007', 'INF000000000007', TO_DATE('2026-01-20', 'YYYY-MM-DD'), 'Approved', 'Verified', 'Registered Professional Engineer (BEM)', 'DEV000000000007', 'REP-007', 'MEET-2026-007', 'APP-2026-8007');
INSERT INTO Proposal_Content VALUES ('PRP-INF-008', 'INF000000000008', TO_DATE('2026-01-20', 'YYYY-MM-DD'), 'Approved', 'Verified', 'Registered Professional Engineer (BEM)', 'DEV000000000008', 'REP-008', 'MEET-2026-008', 'APP-2026-8008');
INSERT INTO Proposal_Content VALUES ('PRP-INF-009', 'INF000000000009', TO_DATE('2026-01-20', 'YYYY-MM-DD'), 'Approved', 'Verified', 'Registered Professional Engineer (BEM)', 'DEV000000000009', 'REP-009', 'MEET-2026-009', 'APP-2026-8009');
INSERT INTO Proposal_Content VALUES ('PRP-INF-010', 'INF000000000010', TO_DATE('2026-01-20', 'YYYY-MM-DD'), 'Approved', 'Verified', 'Registered Professional Engineer (BEM)', 'DEV000000000010', 'REP-010', 'MEET-2026-010', 'APP-2026-8010');

-- Viability Sub-Proposal Blocks
INSERT INTO Proposal_Content VALUES ('PRP-IVB-001', 'IVB-2026-00001', TO_DATE('2026-03-01', 'YYYY-MM-DD'), 'Requires Revision', 'Verified', 'Chartered Financial Analyst (CFA)', 'DEV000000000001', 'REP-001', 'MEET-2026-001', 'APP-2026-8001');
INSERT INTO Proposal_Content VALUES ('PRP-IVB-002', 'IVB-2026-00002', TO_DATE('2026-03-01', 'YYYY-MM-DD'), 'Approved', 'Verified', 'Chartered Financial Analyst (CFA)', 'DEV000000000002', 'REP-002', 'MEET-2026-002', 'APP-2026-8002');
INSERT INTO Proposal_Content VALUES ('PRP-IVB-003', 'IVB-2026-00003', TO_DATE('2026-03-01', 'YYYY-MM-DD'), 'Approved', 'Verified', 'Chartered Financial Analyst (CFA)', 'DEV000000000003', 'REP-003', 'MEET-2026-003', 'APP-2026-8003');
INSERT INTO Proposal_Content VALUES ('PRP-IVB-004', 'IVB-2026-00004', TO_DATE('2026-03-01', 'YYYY-MM-DD'), 'Approved', 'Verified', 'Chartered Financial Analyst (CFA)', 'DEV000000000004', 'REP-004', 'MEET-2026-004', 'APP-2026-8004');
INSERT INTO Proposal_Content VALUES ('PRP-IVB-005', 'IVB-2026-00005', TO_DATE('2026-03-01', 'YYYY-MM-DD'), 'Approved', 'Verified', 'Chartered Financial Analyst (CFA)', 'DEV000000000005', 'REP-005', 'MEET-2026-005', 'APP-2026-8005');
INSERT INTO Proposal_Content VALUES ('PRP-IVB-006', 'IVB-2026-00006', TO_DATE('2026-03-01', 'YYYY-MM-DD'), 'Under Review', 'Verified', 'Chartered Financial Analyst (CFA)', 'DEV000000000006', 'REP-006', 'MEET-2026-006', 'APP-2026-8006');
INSERT INTO Proposal_Content VALUES ('PRP-IVB-007', 'IVB-2026-00007', TO_DATE('2026-03-01', 'YYYY-MM-DD'), 'Requires Revision', 'Verified', 'Chartered Financial Analyst (CFA)', 'DEV000000000007', 'REP-007', 'MEET-2026-007', 'APP-2026-8007');
INSERT INTO Proposal_Content VALUES ('PRP-IVB-008', 'IVB-2026-00008', TO_DATE('2026-03-01', 'YYYY-MM-DD'), 'Approved', 'Verified', 'Chartered Financial Analyst (CFA)', 'DEV000000000008', 'REP-008', 'MEET-2026-008', 'APP-2026-8008');
INSERT INTO Proposal_Content VALUES ('PRP-IVB-009', 'IVB-2026-00009', TO_DATE('2026-03-01', 'YYYY-MM-DD'), 'Approved', 'Verified', 'Chartered Financial Analyst (CFA)', 'DEV000000000009', 'REP-009', 'MEET-2026-009', 'APP-2026-8009');
INSERT INTO Proposal_Content VALUES ('PRP-IVB-010', 'IVB-2026-00010', TO_DATE('2026-03-01', 'YYYY-MM-DD'), 'Approved', 'Verified', 'Chartered Financial Analyst (CFA)', 'DEV000000000010', 'REP-010', 'MEET-2026-010', 'APP-2026-8010');

-- Business Plan Sub-Proposal Blocks
INSERT INTO Proposal_Content VALUES ('PRP-PLN-001', 'PLN001', TO_DATE('2026-01-01', 'YYYY-MM-DD'), 'Approved', 'Verified', 'Corporate Strategy Lead Advisor', 'DEV000000000001', 'REP-001', 'MEET-2026-001', 'APP-2026-8001');
INSERT INTO Proposal_Content VALUES ('PRP-PLN-002', 'PLN002', TO_DATE('2026-03-15', 'YYYY-MM-DD'), 'Approved', 'Verified', 'Corporate Strategy Lead Advisor', 'DEV000000000002', 'REP-002', 'MEET-2026-002', 'APP-2026-8002');
INSERT INTO Proposal_Content VALUES ('PRP-PLN-003', 'PLN003', TO_DATE('2026-05-01', 'YYYY-MM-DD'), 'Approved', 'Verified', 'Corporate Strategy Lead Advisor', 'DEV000000000003', 'REP-003', 'MEET-2026-003', 'APP-2026-8003');
INSERT INTO Proposal_Content VALUES ('PRP-PLN-004', 'PLN004', TO_DATE('2026-08-01', 'YYYY-MM-DD'), 'Approved', 'Verified', 'Corporate Strategy Lead Advisor', 'DEV000000000004', 'REP-004', 'MEET-2026-004', 'APP-2026-8004');
INSERT INTO Proposal_Content VALUES ('PRP-PLN-005', 'PLN005', TO_DATE('2026-02-10', 'YYYY-MM-DD'), 'Approved', 'Verified', 'Corporate Strategy Lead Advisor', 'DEV000000000005', 'REP-005', 'MEET-2026-005', 'APP-2026-8005');
INSERT INTO Proposal_Content VALUES ('PRP-PLN-006', 'PLN006', TO_DATE('2027-01-01', 'YYYY-MM-DD'), 'Approved', 'Verified', 'Corporate Strategy Lead Advisor', 'DEV000000000006', 'REP-006', 'MEET-2026-006', 'APP-2026-8006');
INSERT INTO Proposal_Content VALUES ('PRP-PLN-007', 'PLN007', TO_DATE('2026-04-01', 'YYYY-MM-DD'), 'Approved', 'Verified', 'Corporate Strategy Lead Advisor', 'DEV000000000007', 'REP-007', 'MEET-2026-007', 'APP-2026-8007');
INSERT INTO Proposal_Content VALUES ('PRP-PLN-008', 'PLN008', TO_DATE('2026-09-20', 'YYYY-MM-DD'), 'Approved', 'Verified', 'Corporate Strategy Lead Advisor', 'DEV000000000008', 'REP-008', 'MEET-2026-008', 'APP-2026-8008');
INSERT INTO Proposal_Content VALUES ('PRP-PLN-009', 'PLN009', TO_DATE('2026-11-01', 'YYYY-MM-DD'), 'Approved', 'Verified', 'Corporate Strategy Lead Advisor', 'DEV000000000009', 'REP-009', 'MEET-2026-009', 'APP-2026-8009');
INSERT INTO Proposal_Content VALUES ('PRP-PLN-010', 'PLN010', TO_DATE('2027-03-01', 'YYYY-MM-DD'), 'Approved', 'Verified', 'Corporate Strategy Lead Advisor', 'DEV000000000010', 'REP-010', 'MEET-2026-010', 'APP-2026-8010');

-- Legal Commercial Terms Sub-Proposal Blocks
INSERT INTO Proposal_Content VALUES ('PRP-MTM-001', 'MTM001', TO_DATE('2026-01-01', 'YYYY-MM-DD'), 'Approved', 'Verified', 'Senior Legal Counsel (Commercial Law)', 'DEV000000000001', 'REP-001', 'MEET-2026-001', 'APP-2026-8001');
INSERT INTO Proposal_Content VALUES ('PRP-MTM-002', 'MTM002', TO_DATE('2026-03-15', 'YYYY-MM-DD'), 'Approved', 'Verified', 'Senior Legal Counsel (Commercial Law)', 'DEV000000000002', 'REP-002', 'MEET-2026-002', 'APP-2026-8002');
INSERT INTO Proposal_Content VALUES ('PRP-MTM-003', 'MTM003', TO_DATE('2026-05-01', 'YYYY-MM-DD'), 'Approved', 'Verified', 'Senior Legal Counsel (Commercial Law)', 'DEV000000000003', 'REP-003', 'MEET-2026-003', 'APP-2026-8003');
INSERT INTO Proposal_Content VALUES ('PRP-MTM-004', 'MTM004', TO_DATE('2026-08-01', 'YYYY-MM-DD'), 'Approved', 'Verified', 'Senior Legal Counsel (Commercial Law)', 'DEV000000000004', 'REP-004', 'MEET-2026-004', 'APP-2026-8004');
INSERT INTO Proposal_Content VALUES ('PRP-MTM-005', 'MTM005', TO_DATE('2026-02-10', 'YYYY-MM-DD'), 'Approved', 'Verified', 'Senior Legal Counsel (Commercial Law)', 'DEV000000000005', 'REP-005', 'MEET-2026-005', 'APP-2026-8005');
INSERT INTO Proposal_Content VALUES ('PRP-MTM-006', 'MTM006', TO_DATE('2027-01-01', 'YYYY-MM-DD'), 'Approved', 'Verified', 'Senior Legal Counsel (Commercial Law)', 'DEV000000000006', 'REP-006', 'MEET-2026-006', 'APP-2026-8006');
INSERT INTO Proposal_Content VALUES ('PRP-MTM-007', 'MTM007', TO_DATE('2026-04-01', 'YYYY-MM-DD'), 'Approved', 'Verified', 'Senior Legal Counsel (Commercial Law)', 'DEV000000000007', 'REP-007', 'MEET-2026-007', 'APP-2026-8007');
INSERT INTO Proposal_Content VALUES ('PRP-MTM-008', 'MTM008', TO_DATE('2026-09-20', 'YYYY-MM-DD'), 'Approved', 'Verified', 'Senior Legal Counsel (Commercial Law)', 'DEV000000000008', 'REP-008', 'MEET-2026-008', 'APP-2026-8008');
INSERT INTO Proposal_Content VALUES ('PRP-MTM-009', 'MTM009', TO_DATE('2026-11-01', 'YYYY-MM-DD'), 'Approved', 'Verified', 'Senior Legal Counsel (Commercial Law)', 'DEV000000000009', 'REP-009', 'MEET-2026-009', 'APP-2026-8009');
INSERT INTO Proposal_Content VALUES ('PRP-MTM-010', 'MTM010', TO_DATE('2027-03-01', 'YYYY-MM-DD'), 'Approved', 'Verified', 'Senior Legal Counsel (Commercial Law)', 'DEV000000000010', 'REP-010', 'MEET-2026-010', 'APP-2026-8010');

-- Milestone Project Management Sub-Proposal Blocks
INSERT INTO Proposal_Content VALUES ('PRP-TL-001', 'MLS-001', TO_DATE('2026-05-10', 'YYYY-MM-DD'), 'Approved', 'Not Applicable', 'Internal Project Management Office', 'DEV000000000001', 'REP-001', 'MEET-2026-001', 'APP-2026-8001');
INSERT INTO Proposal_Content VALUES ('PRP-TL-002', 'MLS-002', TO_DATE('2026-05-10', 'YYYY-MM-DD'), 'Approved', 'Not Applicable', 'Internal Project Management Office', 'DEV000000000002', 'REP-002', 'MEET-2026-002', 'APP-2026-8002');
INSERT INTO Proposal_Content VALUES ('PRP-TL-003', 'MLS-003', TO_DATE('2026-05-10', 'YYYY-MM-DD'), 'Approved', 'Not Applicable', 'Internal Project Management Office', 'DEV000000000003', 'REP-003', 'MEET-2026-003', 'APP-2026-8003');
INSERT INTO Proposal_Content VALUES ('PRP-TL-004', 'MLS-004', TO_DATE('2026-05-10', 'YYYY-MM-DD'), 'Approved', 'Not Applicable', 'Internal Project Management Office', 'DEV000000000004', 'REP-004', 'MEET-2026-004', 'APP-2026-8004');
INSERT INTO Proposal_Content VALUES ('PRP-TL-005', 'MLS-005', TO_DATE('2026-05-10', 'YYYY-MM-DD'), 'Approved', 'Not Applicable', 'Internal Project Management Office', 'DEV000000000005', 'REP-005', 'MEET-2026-005', 'APP-2026-8005');
INSERT INTO Proposal_Content VALUES ('PRP-TL-006', 'MLS-006', TO_DATE('2026-05-10', 'YYYY-MM-DD'), 'Approved', 'Not Applicable', 'Internal Project Management Office', 'DEV000000000006', 'REP-006', 'MEET-2026-006', 'APP-2026-8006');
INSERT INTO Proposal_Content VALUES ('PRP-TL-007', 'MLS-007', TO_DATE('2026-05-10', 'YYYY-MM-DD'), 'Approved', 'Not Applicable', 'Internal Project Management Office', 'DEV000000000007', 'REP-007', 'MEET-2026-007', 'APP-2026-8007');
INSERT INTO Proposal_Content VALUES ('PRP-TL-008', 'MLS-008', TO_DATE('2026-05-10', 'YYYY-MM-DD'), 'Approved', 'Not Applicable', 'Internal Project Management Office', 'DEV000000000008', 'REP-008', 'MEET-2026-008', 'APP-2026-8008');
INSERT INTO Proposal_Content VALUES ('PRP-TL-009', 'MLS-009', TO_DATE('2026-05-10', 'YYYY-MM-DD'), 'Approved', 'Not Applicable', 'Internal Project Management Office', 'DEV000000000009', 'REP-009', 'MEET-2026-009', 'APP-2026-8009');
INSERT INTO Proposal_Content VALUES ('PRP-TL-010', 'MLS-010', TO_DATE('2026-05-10', 'YYYY-MM-DD'), 'Approved', 'Not Applicable', 'Internal Project Management Office', 'DEV000000000010', 'REP-010', 'MEET-2026-010', 'APP-2026-8010');
COMMIT;



-- =====================================================================
-- LEVEL 5: Proposal_Content (The Childclass)
-- =====================================================================
--APPROVAL
INSERT INTO Approval VALUES ('APV-2026-9001', 'LC/INV/APP-2026-001', TO_DATE('2026-08-01', 'YYYY-MM-DD'), 'None', 'Approved', '30 days', 'Strategic alignment with Labuan tourism.', TO_DATE('2026-08-31', 'YYYY-MM-DD'), 'No', 'Unanimous (7-0)', 'PRP-ECO-001', 'MEET-2026-001', 'C00000000000021');
INSERT INTO Approval VALUES ('APV-2026-9002', 'LC/INV/APP-2026-002', TO_DATE('2026-08-05', 'YYYY-MM-DD'), 'Subject to RM50,000 security deposit clearance', 'Conditional Approval', '60 days', 'Good financials, but missing initial deposit.', TO_DATE('2026-10-04', 'YYYY-MM-DD'), 'Yes', 'Majority (5-2)', 'PRP-ECO-002', 'MEET-2026-002', 'C00000000000022');
INSERT INTO Approval VALUES ('APV-2026-9003', 'LC/INV/APP-2026-003', TO_DATE('2026-08-10', 'YYYY-MM-DD'), 'None', 'Rejected', '30 days', 'Failed financial viability risk assessment.', TO_DATE('2026-09-09', 'YYYY-MM-DD'), 'Yes', 'Majority (4-3)', 'PRP-ECO-003', 'MEET-2026-003', 'C00000000000023');
INSERT INTO Approval VALUES ('APV-2026-9004', 'LC/INV/APP-2026-004', TO_DATE('2026-08-12', 'YYYY-MM-DD'), 'Must submit official medical checkup', 'Approved', '14 days', 'Strong candidate for IT infrastructure role.', TO_DATE('2026-08-26', 'YYYY-MM-DD'), 'No', 'Unanimous (HR Dir)', 'PRP-ECO-004', 'MEET-2026-004', 'C00000000000024');
INSERT INTO Approval VALUES ('APV-2026-9005', 'LC/INV/APP-2026-005', TO_DATE('2026-08-15', 'YYYY-MM-DD'), 'Pending Federal MIDA policy clearance', 'Rejected', '90 days', 'Awaiting federal policy update on Halal Hubs.', TO_DATE('2026-11-13', 'YYYY-MM-DD'), 'Yes', 'Tie (3-3, KIV)', 'PRP-ECO-005', 'MEET-2026-005', 'C00000000000025');
INSERT INTO Approval VALUES ('APV-2026-9006', 'LC/INV/APP-2026-006', TO_DATE('2026-08-20', 'YYYY-MM-DD'), 'Must submit revised Environmental Impact (EIA) report', 'Conditional Approval', '60 days', 'High carbon emission concerns on plot B.', TO_DATE('2026-10-19', 'YYYY-MM-DD'), 'Yes', 'Majority (6-1)', 'PRP-ECO-006', 'MEET-2026-006', 'C00000000000026');
INSERT INTO Approval VALUES ('APV-2026-9007', 'LC/INV/APP-2026-007', TO_DATE('2026-08-22', 'YYYY-MM-DD'), 'None', 'Rejected', '30 days', 'Developer currently blacklisted in Sabah.', TO_DATE('2026-09-21', 'YYYY-MM-DD'), 'No', 'Unanimous (0-7)', 'PRP-ECO-007', 'MEET-2026-007', 'C00000000000027');
INSERT INTO Approval VALUES ('APV-2026-9008', 'LC/INV/APP-2026-008', TO_DATE('2026-08-25', 'YYYY-MM-DD'), 'Subject to 1-month rental advance', 'Approved', '30 days', 'Standard retail lease agreement.', TO_DATE('2026-09-24', 'YYYY-MM-DD'), 'No', 'Unanimous (5-0)', 'PRP-ECO-008', 'MEET-2026-008', 'C00000000000028');
INSERT INTO Approval VALUES ('APV-2026-9009', 'LC/INV/APP-2026-009', TO_DATE('2026-08-28', 'YYYY-MM-DD'), 'None', 'Approved', '14 days', 'Excellent interview performance.', TO_DATE('2026-09-11', 'YYYY-MM-DD'), 'No', 'Unanimous (HR Dir)', 'PRP-ECO-009', 'MEET-2026-009', 'C00000000000029');
INSERT INTO Approval VALUES ('APV-2026-9010', 'LC/INV/APP-2026-010', TO_DATE('2026-09-01', 'YYYY-MM-DD'), 'Provide proof of heavy machinery ownership', 'Conditional Approval', '45 days', 'Capable contractor but lacks equipment proof.', TO_DATE('2026-10-16', 'YYYY-MM-DD'), 'Yes', 'Majority (4-1)', 'PRP-ECO-010', 'MEET-2026-010', 'C00000000000030');
COMMIT;

--PROJECT_TIMELINE
INSERT INTO Project_Timeline VALUES ('MLS-001', 'TL-ECO-101', 'Geotechnical & Land Survey Completion', TO_DATE('2026-08-15', 'YYYY-MM-DD'), 1, 'Detailed topographic map and soil stability certification document from structural engineer', 45, 'Initiation', 'Feasibility & Site Analysis', 100.00, 'PRP-TL-001');
INSERT INTO Project_Timeline VALUES ('MLS-002', 'TL-ECO-101', 'Environmental Impact Assessment Approval', TO_DATE('2026-11-30', 'YYYY-MM-DD'), 2, 'Official EIA clearance report signed by Sabah Department of Environment (DOE)', 90, 'Planning', 'Regulatory Approvals Phase', 45.00, 'PRP-TL-002');
INSERT INTO Project_Timeline VALUES ('MLS-003', 'TL-HYD-202', 'Front-End Engineering Design (FEED) Signoff', TO_DATE('2026-10-01', 'YYYY-MM-DD'), 1, 'Finalized process flow diagrams and layout blue prints for green hydrogen storage tank yards', 60, 'Planning', 'Engineering Design Phase', 80.00, 'PRP-TL-003');
INSERT INTO Project_Timeline VALUES ('MLS-004', 'TL-HYD-202', 'Heavy Equipment Procurement & Logistics', TO_DATE('2027-04-15', 'YYYY-MM-DD'), 2, 'Receipt of import permits and shipping manifests at Labuan deepwater port terminals', 120, 'Execution', 'Procurement & Supply Chain', 15.00, 'PRP-TL-004');
INSERT INTO Project_Timeline VALUES ('MLS-005', 'TL-PRT-303', 'Piling Works & Berth Foundation Laying', TO_DATE('2026-12-20', 'YYYY-MM-DD'), 3, 'Civil engineering sign-off on marine foundation piling load tests', 150, 'Execution', 'Substructure Civil Construction', 60.00, 'PRP-TL-005');
INSERT INTO Project_Timeline VALUES ('MLS-006', 'TL-FIN-404', 'Zoning Structural Clearance Board Review', TO_DATE('2026-07-30', 'YYYY-MM-DD'), 1, 'Submission of corporate lease layout to Labuan Local Authority Board', 30, 'Initiation', 'Preliminary Board Approval', 95.00, 'PRP-TL-006');
INSERT INTO Project_Timeline VALUES ('MLS-007', 'TL-AGR-505', 'Automated Irrigation Framework Grid Setup', TO_DATE('2026-09-10', 'YYYY-MM-DD'), 2, 'Assembled smart water control piping layout across vertical farming zones', 40, 'Execution', 'Infrastructure Assembly', 100.00, 'PRP-TL-007');
INSERT INTO Project_Timeline VALUES ('MLS-008', 'TL-RTL-606', 'Retail Tenant Fit-Out Auditing Checks', TO_DATE('2027-02-28', 'YYYY-MM-DD'), 4, 'Fire safety code inspection compliance certificates issued by Bomba Sabah', 60, 'Monitoring', 'Tenant Handover Readiness', 0.00, 'PRP-TL-008');
INSERT INTO Project_Timeline VALUES ('MLS-009', 'TL-DAT-707', 'Mainframe Server HVAC Testing & Balancing', TO_DATE('2026-10-15', 'YYYY-MM-DD'), 3, 'Climate control validation logs demonstrating continuous 24-hour heat dissipation load stability', 25, 'Monitoring', 'Critical Facility Validation', 30.00, 'PRP-TL-009');
INSERT INTO Project_Timeline VALUES ('MLS-010', 'TL-MAR-808', 'Strategic Land Handover & Lease Closure', TO_DATE('2027-06-01', 'YYYY-MM-DD'), 5, 'Final legal execution document transferring operational keys back to investment firm asset head', 15, 'Closure', 'Contractual Demobilization', 0.00, 'PRP-TL-010');
COMMIT;

--INFRASTRUCTURE
INSERT INTO Infrastructure VALUES ('INF000000000001', 'SITE-LBN-001', 'Dual Carriageway', 1500.50, 500.00, 'Dedicated Leased Line', 'Labuan Corp', 2500000.00, 40, 'No', 'PRP-INF-001');
INSERT INTO Infrastructure VALUES ('INF000000000002', 'SITE-LBN-002', 'Heavy Haul', 3500.00, 1200.75, 'High-Speed Fiber', 'Private Developer', 5800000.50, 60, 'No', 'PRP-INF-002');
INSERT INTO Infrastructure VALUES ('INF000000000003', 'SITE-SAB-011', 'Single Lane', 450.25, 150.00, 'Basic Voice/Data', 'Joint Sharing', 750000.00, 15, 'Yes', 'PRP-INF-003');
INSERT INTO Infrastructure VALUES ('INF000000000004', 'SITE-LBN-004', 'Dual Carriageway', 0.00, 250.00, 'High-Speed Fiber', 'Labuan Corp', 0.00, 30, 'No', 'PRP-INF-004');
INSERT INTO Infrastructure VALUES ('INF000000000005', 'SITE-SAB-015', 'Heavy Haul', 5000.00, 2000.00, 'Dedicated Leased Line', 'Private Developer', 8500000.75, 80, 'No', 'PRP-INF-005');
INSERT INTO Infrastructure VALUES ('INF000000000006', 'SITE-LBN-006', 'Unpaved', 100.00, 50.00, 'Basic Voice/Data', 'Joint Sharing', 150000.00, 10, 'Yes', 'PRP-INF-006');
INSERT INTO Infrastructure VALUES ('INF000000000007', 'SITE-LBN-007', 'Dual Carriageway', 2200.75, 850.00, 'High-Speed Fiber', 'Labuan Corp', 3100000.00, 45, 'No', 'PRP-INF-007');
INSERT INTO Infrastructure VALUES ('INF000000000008', 'SITE-SAB-022', 'Single Lane', 600.00, 300.00, 'High-Speed Fiber', 'Joint Sharing', 980000.25, 20, 'No', 'PRP-INF-008');
INSERT INTO Infrastructure VALUES ('INF000000000009', 'SITE-LBN-009', 'Heavy Haul', 4200.00, 1750.50, 'Dedicated Leased Line', 'Private Developer', 6400000.00, 75, 'No', 'PRP-INF-009');
INSERT INTO Infrastructure VALUES ('INF000000000010', 'SITE-SAB-030', 'Dual Carriageway', 1800.00, 650.00, 'High-Speed Fiber', 'Joint Sharing', 2100000.00, 35, 'Yes', 'PRP-INF-010');
COMMIT;

--DIGITALISATION
INSERT INTO Digitalisation VALUES ('DIG000000000001', 'MDEC/LBN/2026/014', 'Smart Logistics & Autonomous Warehousing', 'Fully Automated', 'Yes', 'Yes', 'AWS', 'Compliant', 94, 'Ready', 'PRP-DIG-001');
INSERT INTO Digitalisation VALUES ('DIG000000000002', 'MDEC/SAB/2026/102', 'Precision Agriculture IoT Framework', 'High', 'Yes', 'Yes', 'Alibaba Cloud', 'Compliant', 85, 'Ready', 'PRP-DIG-002');
INSERT INTO Digitalisation VALUES ('DIG000000000003', 'MDEC/LBN/2026/044', 'Eco-Tourism Smart Guest Management', 'Medium', 'No', 'Yes', 'Azure', 'Pending', 62, 'In Progress', 'PRP-DIG-003');
INSERT INTO Digitalisation VALUES ('DIG000000000004', 'MDEC/SAB/2026/089', 'Green Energy Distribution Grid', 'High', 'Yes', 'Yes', 'Private Cloud', 'Compliant', 89, 'Ready', 'PRP-DIG-004');
INSERT INTO Digitalisation VALUES ('DIG000000000005', 'MDEC/LBN/2026/112', 'Automated Deep-Water Port Freight Tracking', 'Fully Automated', 'Yes', 'Yes', 'Google Cloud', 'Compliant', 97, 'Ready', 'PRP-DIG-005');
INSERT INTO Digitalisation VALUES ('DIG000000000006', 'MDEC/LBN/2026/201', 'Commercial Office Waste Management', 'Low', 'No', 'No', 'Others', 'Non-Compliant', 38, 'Not Ready', 'PRP-DIG-006');
INSERT INTO Digitalisation VALUES ('DIG000000000007', 'MDEC/SAB/2026/055', 'Smart Aquaculture & Coastal Monitoring', 'High', 'No', 'Yes', 'AWS', 'Compliant', 76, 'In Progress', 'PRP-DIG-007');
INSERT INTO Digitalisation VALUES ('DIG000000000008', 'MDEC/LBN/2026/073', 'Offshore Data Center Cooling Infrastructure', 'Fully Automated', 'Yes', 'Yes', 'Private Cloud', 'Compliant', 91, 'Ready', 'PRP-DIG-008');
INSERT INTO Digitalisation VALUES ('DIG000000000009', 'MDEC/LBN/2026/154', NULL, 'Low', 'No', 'No', 'Others', 'Pending', 45, 'In Progress', 'PRP-DIG-009');
INSERT INTO Digitalisation VALUES ('DIG000000000010', 'MDEC/SAB/2026/310', 'Smart Retail & AI Foot-Traffic Analytics', 'Medium', 'Yes', 'No', 'Azure', 'Compliant', 70, 'Ready', 'PRP-DIG-010');
COMMIT;

--BUSINESS_PLAN
INSERT INTO Business_Plan VALUES ('PLN001', 'Labuan Eco-Tourism Resort Complex', TO_DATE('2026-01-01', 'YYYY-MM-DD'), TO_DATE('2036-12-31', 'YYYY-MM-DD'), 'Developing an eco-friendly luxury coastal resort utilizing leased beachfront land to attract regional tourists.', 'Hospitality & Tourism', 'High-net-worth international and domestic tourists visiting Labuan', 'Secured', 'Direct Sales', 'High', 'PRP-PLN-001');
INSERT INTO Business_Plan VALUES ('PLN002', 'Sabah Green Hydrogen Production Facility', TO_DATE('2026-03-15', 'YYYY-MM-DD'), TO_DATE('2046-03-14', 'YYYY-MM-DD'), 'Constructing a renewable energy-powered plant to extract green hydrogen for industrial export.', 'Renewable Energy', 'Multinational industrial manufacturing corporations in Southeast Asia', 'Negotiating', 'Direct Sales', 'Low', 'PRP-PLN-002');
INSERT INTO Business_Plan VALUES ('PLN003', 'Borneo Deepsea Port Logistics Hub', TO_DATE('2026-05-01', 'YYYY-MM-DD'), TO_DATE('2041-04-30', 'YYYY-MM-DD'), 'Building an automated container staging depot and warehousing network adjacent to the shipping channel.', 'Logistics & Maritime', 'International shipping lines and regional freight forwarding agencies', 'Secured', 'Transaction Commissions', 'Moderate', 'PRP-PLN-003');
INSERT INTO Business_Plan VALUES ('PLN004', 'Labuan Smart Financial District Hub', TO_DATE('2026-08-01', 'YYYY-MM-DD'), TO_DATE('2031-07-31', 'YYYY-MM-DD'), 'Leasing a central commercial parcel to erect modular premium flexible shared-office spaces for fintech firms.', 'Commercial Real Estate', 'Offshore financial institutions and regional digital banking startups', 'Negotiating', 'Subscription Fees', 'High', 'PRP-PLN-004');
INSERT INTO Business_Plan VALUES ('PLN005', 'Sabah Agro-Tech Automated Cultivation Center', TO_DATE('2026-02-10', 'YYYY-MM-DD'), TO_DATE('2036-02-09', 'YYYY-MM-DD'), 'Establishing a high-yield automated indoor vertical hydroponic farm specializing in premium organic crops.', 'Agriculture Tech', 'Premium supermarket chains and luxury food distributors across East Malaysia', 'None Required', 'Direct Sales', 'Low', 'PRP-PLN-005');
INSERT INTO Business_Plan VALUES ('PLN006', 'Borneo Retail & Duty-Free Outlet Village', TO_DATE('2027-01-01', 'YYYY-MM-DD'), TO_DATE('2042-12-31', 'YYYY-MM-DD'), 'Creating an expansive outdoor premium shopping enclave utilizing local land to capture local duty-free demand.', 'Retail & Commerce', 'Regional domestic retail shoppers and inbound holiday travelers', 'Secured', 'Licensing/Royalties', 'Moderate', 'PRP-PLN-006');
INSERT INTO Business_Plan VALUES ('PLN007', 'Labuan Aquaculture Hatchery & Processing Plant', TO_DATE('2026-04-01', 'YYYY-MM-DD'), TO_DATE('2036-03-31', 'YYYY-MM-DD'), 'Constructing a sustainable land-based marine shrimp nursery and fast-freeze export packing warehouse.', 'Aquaculture & Seafood', 'Wholesale seafood trade entities in international markets like Japan and China', 'None Required', 'Direct Sales', 'Moderate', 'PRP-PLN-007');
INSERT INTO Business_Plan VALUES ('PLN008', 'Sabah Biomass Waste-to-Energy Facility', TO_DATE('2026-09-20', 'YYYY-MM-DD'), TO_DATE('2046-09-19', 'YYYY-MM-DD'), 'Converting agricultural oil palm waste residue into clean bio-pellets and green grid electricity.', 'Waste Management & Energy', 'State electric utility companies and industrial biomass buyers', 'Negotiating', 'Direct Sales', 'Low', 'PRP-PLN-008');
INSERT INTO Business_Plan VALUES ('PLN009', 'East Malaysia Cloud Data Logistics Facility', TO_DATE('2026-11-01', 'YYYY-MM-DD'), TO_DATE('2036-10-31', 'YYYY-MM-DD'), 'Setting up a tier-3 secure server farm infrastructure built to address regional cloud residency guidelines.', 'Information Technology', 'Regional tech conglomerates and government e-service agencies', 'Secured', 'Subscription Fees', 'Moderate', 'PRP-PLN-009');
INSERT INTO Business_Plan VALUES ('PLN010', 'Labuan Maritime Maintenance & Drydock Yard', TO_DATE('2027-03-01', 'YYYY-MM-DD'), TO_DATE('2047-02-28', 'YYYY-MM-DD'), 'Utilizing strategic waterfront acreage to service and repair offshore oil and gas support vessels.', 'Marine Engineering', 'Offshore vessel operators, energy drilling firms, and coastal transport lines', 'Secured', 'Transaction Commissions', 'High', 'PRP-PLN-010');
COMMIT;

--METHOD_TERM
INSERT INTO Method_Term VALUES ('MTM001', 'Lease', 'Monthly', 3, 5.00, 50000.00, TO_DATE('2026-01-01', 'YYYY-MM-DD'), '6 Months Written Notice', 0.00, NULL, 'PRP-MTM-001');
INSERT INTO Method_Term VALUES ('MTM002', 'Joint Venture', 'Quarterly', 6, 0.00, 150000.00, TO_DATE('2026-03-15', 'YYYY-MM-DD'), 'Mutual Consent Only', 15.50, 'Assets split 60/40 upon venture winding up', 'PRP-MTM-002');
INSERT INTO Method_Term VALUES ('MTM003', 'Revenue Sharing', 'Monthly', 0, 2.50, 30000.00, TO_DATE('2026-05-01', 'YYYY-MM-DD'), '3 Months Default Cure Period', 8.00, NULL, 'PRP-MTM-003');
INSERT INTO Method_Term VALUES ('MTM004', 'Build-Operate-Transfer (BOT)', 'Annually', 12, 0.00, 250000.00, TO_DATE('2026-08-01', 'YYYY-MM-DD'), 'Material Breach Immediate Term', 5.00, 'Full infrastructure title transfer to land owner after 20 years free of encumbrances', 'PRP-MTM-004');
INSERT INTO Method_Term VALUES ('MTM005', 'Concession', 'Semi-Annually', 6, 4.00, 100000.00, TO_DATE('2026-02-10', 'YYYY-MM-DD'), '12 Months Written Notice', 12.00, 'All fixed installations revert to the land owner upon concession expiration', 'PRP-MTM-005');
INSERT INTO Method_Term VALUES ('MTM006', 'Lease', 'Quarterly', 2, 3.50, 45000.00, TO_DATE('2027-01-01', 'YYYY-MM-DD'), '6 Months Written Notice', 0.00, NULL, 'PRP-MTM-006');
INSERT INTO Method_Term VALUES ('MTM007', 'Revenue Sharing', 'Monthly', 0, 0.00, 35000.00, TO_DATE('2026-04-01', 'YYYY-MM-DD'), '3 Months Default Cure Period', 10.00, NULL, 'PRP-MTM-007');
INSERT INTO Method_Term VALUES ('MTM008', 'Build-Operate-Transfer (BOT)', 'Annually', 18, 0.00, 300000.00, TO_DATE('2026-09-20', 'YYYY-MM-DD'), 'Non-performance Term 90 Days', 4.50, 'Structures must undergo certified structural safety audit 6 months prior to handover', 'PRP-MTM-008');
INSERT INTO Method_Term VALUES ('MTM009', 'Joint Venture', 'Semi-Annually', 4, 1.50, 120000.00, TO_DATE('2026-11-01', 'YYYY-MM-DD'), 'Liquidated Damages Clause', 20.00, 'Operational control reverts entirely to land owner if minimum yield is missed for 3 consecutive years', 'PRP-MTM-009');
INSERT INTO Method_Term VALUES ('MTM010', 'Others', 'Quarterly', 3, 6.00, 60000.00, TO_DATE('2027-03-01', 'YYYY-MM-DD'), '90 Days Written Notice', 0.00, 'Easement rights expire immediately upon contract termination', 'PRP-MTM-010');
COMMIT;

--IMPACT
INSERT INTO Impact VALUES ('ECO000000000001', TO_DATE('2026-03-15', 'YYYY-MM-DD'), 'Low', 'Pass', TO_DATE('2026-09-15', 'YYYY-MM-DD'), 'Exceeds regional capital target.', 'Yes', 'PRP-ECO-001');
INSERT INTO Impact VALUES ('ECO000000000002', TO_DATE('2026-03-18', 'YYYY-MM-DD'), 'Low', 'Pass', TO_DATE('2026-09-18', 'YYYY-MM-DD'), 'Significant direct national value.', 'Yes', 'PRP-ECO-002');
INSERT INTO Impact VALUES ('ECO000000000003', TO_DATE('2026-04-02', 'YYYY-MM-DD'), 'Moderate', 'Pass', TO_DATE('2026-10-02', 'YYYY-MM-DD'), 'Viable long-term state yield.', 'Yes', 'PRP-ECO-003');
INSERT INTO Impact VALUES ('ECO000000000004', TO_DATE('2026-04-10', 'YYYY-MM-DD'), 'High', 'Conditional', TO_DATE('2026-07-10', 'YYYY-MM-DD'), 'Requires cash deposit guarantees.', 'No', 'PRP-ECO-004');
INSERT INTO Impact VALUES ('ECO000000000005', TO_DATE('2026-04-15', 'YYYY-MM-DD'), 'Low', 'Pass', TO_DATE('2026-10-15', 'YYYY-MM-DD'), 'Substantial external FDI investment.', 'Yes', 'PRP-ECO-005');
INSERT INTO Impact VALUES ('ECO000000000006', TO_DATE('2026-04-22', 'YYYY-MM-DD'), 'Moderate', 'Pass', TO_DATE('2026-10-22', 'YYYY-MM-DD'), 'Acceptable supply chain integration.', 'Yes', 'PRP-ECO-006');
INSERT INTO Impact VALUES ('ECO000000000007', TO_DATE('2026-05-02', 'YYYY-MM-DD'), 'Low', 'Pass', TO_DATE('2026-11-02', 'YYYY-MM-DD'), 'Highest potential fiscal revenue return.', 'Yes', 'PRP-ECO-007');
INSERT INTO Impact VALUES ('ECO000000000008', TO_DATE('2026-05-05', 'YYYY-MM-DD'), 'Moderate', 'Conditional', TO_DATE('2026-08-05', 'YYYY-MM-DD'), 'Localized impact requires close review.', 'No', 'PRP-ECO-008');
INSERT INTO Impact VALUES ('ECO000000000009', TO_DATE('2026-05-12', 'YYYY-MM-DD'), 'Low', 'Pass', TO_DATE('2026-11-12', 'YYYY-MM-DD'), 'Solid trade network alignment.', 'Yes', 'PRP-ECO-009');
INSERT INTO Impact VALUES ('ECO000000000010', TO_DATE('2026-05-20', 'YYYY-MM-DD'), 'High', 'Fail', TO_DATE('2026-06-20', 'YYYY-MM-DD'), 'Insufficient paid-up capitalization.', 'No', 'PRP-ECO-010');
INSERT INTO Impact VALUES ('ENV000000000001', TO_DATE('2026-03-14', 'YYYY-MM-DD'), 'Low', 'Pass', TO_DATE('2026-09-14', 'YYYY-MM-DD'), 'Excellent circular compost model.', 'Yes', 'PRP-ENV-001');
INSERT INTO Impact VALUES ('ENV000000000002', TO_DATE('2026-03-19', 'YYYY-MM-DD'), 'Low', 'Pass', TO_DATE('2026-09-19', 'YYYY-MM-DD'), 'Robust zero single-use policy framework.', 'Yes', 'PRP-ENV-002');
INSERT INTO Impact VALUES ('ENV000000000003', TO_DATE('2026-04-01', 'YYYY-MM-DD'), 'Moderate', 'Pass', TO_DATE('2026-10-01', 'YYYY-MM-DD'), 'Hazardous containment criteria met.', 'Yes', 'PRP-ENV-003');
INSERT INTO Impact VALUES ('ENV000000000004', TO_DATE('2026-04-11', 'YYYY-MM-DD'), 'Severe', 'Pending', TO_DATE('2026-07-11', 'YYYY-MM-DD'), NULL, 'No', 'PRP-ENV-004');
INSERT INTO Impact VALUES ('ENV000000000005', TO_DATE('2026-04-16', 'YYYY-MM-DD'), 'Moderate', 'Pass', TO_DATE('2026-10-16', 'YYYY-MM-DD'), 'Greywater recycling is well structured.', 'Yes', 'PRP-ENV-005');
INSERT INTO Impact VALUES ('ENV000000000006', TO_DATE('2026-04-25', 'YYYY-MM-DD'), 'Low', 'Pass', TO_DATE('2026-10-25', 'YYYY-MM-DD'), 'Exceptional net-zero solar design grid.', 'Yes', 'PRP-ENV-006');
INSERT INTO Impact VALUES ('ENV000000000007', TO_DATE('2026-05-03', 'YYYY-MM-DD'), 'Moderate', 'Pending', TO_DATE('2026-08-03', 'YYYY-MM-DD'), 'Salvage blueprints require verification.', 'No', 'PRP-ENV-007');
INSERT INTO Impact VALUES ('ENV000000000008', TO_DATE('2026-05-06', 'YYYY-MM-DD'), 'Severe', 'Fail', TO_DATE('2026-06-06', 'YYYY-MM-DD'), 'Chemical discharge mitigation failed.', 'No', 'PRP-ENV-008');
INSERT INTO Impact VALUES ('ENV000000000009', TO_DATE('2026-05-14', 'YYYY-MM-DD'), 'Moderate', 'Pass', TO_DATE('2026-11-14', 'YYYY-MM-DD'), 'Sedimentation drainage controls approved.', 'Yes', 'PRP-ENV-009');
INSERT INTO Impact VALUES ('ENV000000000010', TO_DATE('2026-05-21', 'YYYY-MM-DD'), 'Low', 'Pass', TO_DATE('2026-11-21', 'YYYY-MM-DD'), 'Preserves coastal mangrove perimeter.', 'Yes', 'PRP-ENV-010');
INSERT INTO Impact VALUES ('SOC000000000001', TO_DATE('2026-03-16', 'YYYY-MM-DD'), 'Low', 'Pass', TO_DATE('2026-09-16', 'YYYY-MM-DD'), 'Substantial local medical clinic benefit.', 'Yes', 'PRP-SOC-001');
INSERT INTO Impact VALUES ('SOC000000000002', TO_DATE('2026-03-20', 'YYYY-MM-DD'), 'Low', 'Pass', TO_DATE('2026-09-20', 'YYYY-MM-DD'), 'School extension and park program funded.', 'Yes', 'PRP-SOC-002');
INSERT INTO Impact VALUES ('SOC000000000003', TO_DATE('2026-04-03', 'YYYY-MM-DD'), 'Moderate', 'Pass', TO_DATE('2026-10-03', 'YYYY-MM-DD'), 'Indigenous trade kiosks established.', 'Yes', 'PRP-SOC-003');
INSERT INTO Impact VALUES ('SOC000000000004', TO_DATE('2026-04-12', 'YYYY-MM-DD'), 'High', 'Pending', TO_DATE('2026-07-12', 'YYYY-MM-DD'), NULL, 'No', 'PRP-SOC-004');
INSERT INTO Impact VALUES ('SOC000000000005', TO_DATE('2026-04-17', 'YYYY-MM-DD'), 'Low', 'Pass', TO_DATE('2026-10-17', 'YYYY-MM-DD'), 'Excellent maritime vocational scholarship.', 'Yes', 'PRP-SOC-005');
INSERT INTO Impact VALUES ('SOC000000000006', TO_DATE('2026-04-26', 'YYYY-MM-DD'), 'Moderate', 'Fail', TO_DATE('2026-06-26', 'YYYY-MM-DD'), 'Insufficient neighborhood common areas.', 'No', 'PRP-SOC-006');
INSERT INTO Impact VALUES ('SOC000000000007', TO_DATE('2026-05-04', 'YYYY-MM-DD'), 'Low', 'Pass', TO_DATE('2026-11-04', 'YYYY-MM-DD'), 'Green belt and public library asset verified.', 'Yes', 'PRP-SOC-007');
INSERT INTO Impact VALUES ('SOC000000000008', TO_DATE('2026-05-07', 'YYYY-MM-DD'), 'Moderate', 'Pending', TO_DATE('2026-08-07', 'YYYY-MM-DD'), 'Solar street illumination plans verified.', 'No', 'PRP-SOC-008');
INSERT INTO Impact VALUES ('SOC000000000009', TO_DATE('2026-05-15', 'YYYY-MM-DD'), 'Moderate', 'Pass', TO_DATE('2026-11-15', 'YYYY-MM-DD'), 'Fresh fish wet market structure confirmed.', 'Yes', 'PRP-SOC-009');
INSERT INTO Impact VALUES ('SOC000000000010', TO_DATE('2026-05-22', 'YYYY-MM-DD'), 'High', 'Pass', TO_DATE('2026-11-22', 'YYYY-MM-DD'), 'High traffic urban buffer required.', 'Yes', 'PRP-SOC-010');
COMMIT;

--INVESTMENT_VIABILITY
INSERT INTO Investment_Viability VALUES ('IVB-2026-000001', 1, 15000000.00, 2500000.00, 800000.00, 16.67, 'Private Capital', 'Moderate', 10000000.00, 7000000.00, 1700000.00, 'Commercial Lease', 82, 'Equity & Bank Term Loan', 15500000.00, '15 Years', 180000.00, 'PRP-IVB-001');
INSERT INTO Investment_Viability VALUES ('IVB-2026-000002', 2, 16500000.00, 2900000.00, 1100000.00, 17.58, 'Private Capital', 'Low', 11000000.00, 7500000.00, 1800000.00, 'Commercial Lease', 89, 'Optimized Capital Reserve', 16800000.00, '15 Years', 200000.00, 'PRP-IVB-002');
INSERT INTO Investment_Viability VALUES ('IVB-2026-000003', 1, 45000000.00, 6800000.00, 3200000.00, 15.11, 'Foreign Direct Investment', 'High', 35000000.00, 28000000.00, 3600000.00, 'Industrial Hub', 74, 'International Consortium Syndication', 47000000.00, '30 Years', 450000.00, 'PRP-IVB-003');
INSERT INTO Investment_Viability VALUES ('IVB-2026-000004', 1, 8000000.00, 1200000.00, 450000.00, 15.00, 'Government Grant', 'Low', 6000000.00, 4500000.00, 750000.00, 'Infrastructure', 91, 'State-Subsidized Development Fund', 8200000.00, '10 Years', 0.00, 'PRP-IVB-004');
INSERT INTO Investment_Viability VALUES ('IVB-2026-000005', 1, 22000000.00, 3800000.00, 1400000.00, 17.27, 'Joint Venture', 'Moderate', 15000000.00, 11000000.00, 2400000.00, 'Digital Tech Upgrade', 79, '50-50 Corporate SPV Partnership', 23500000.00, '20 Years', 250000.00, 'PRP-IVB-005');
INSERT INTO Investment_Viability VALUES ('IVB-2026-000006', 1, 5000000.00, 950000.00, 300000.00, 19.00, 'Private Capital', 'Speculative', 4000000.00, 2800000.00, 650000.00, 'Commercial Lease', 63, 'Mezzanine Financing & Angel Seed', 5500000.00, '5 Years', 95000.00, 'PRP-IVB-006');
INSERT INTO Investment_Viability VALUES ('IVB-2026-000007', 1, 85000000.00, 14000000.00, 6500000.00, 16.47, 'Foreign Direct Investment', 'High', 65000000.00, 52000000.00, 7500000.00, 'Industrial Hub', 85, 'Cross-Border Infrastructure Bonds', 90000000.00, '45 Years', 850000.00, 'PRP-IVB-007');
INSERT INTO Investment_Viability VALUES ('IVB-2026-000008', 2, 92000000.00, 15500000.00, 7200000.00, 16.85, 'Foreign Direct Investment', 'High', 70000000.00, 55000000.00, 8300000.00, 'Industrial Hub', 88, 'Cross-Border Bonds with Sukuk Tranche', 96000000.00, '45 Years', 900000.00, 'PRP-IVB-008');
INSERT INTO Investment_Viability VALUES ('IVB-2026-000009', 1, 12000000.00, 1800000.00, 550000.00, 15.00, 'Joint Venture', 'Moderate', 9000000.00, 6200000.00, 1250000.00, 'Infrastructure', 71, 'Local Government & Corporate PPP Split', 12400000.00, '12 Years', 140000.00, 'PRP-IVB-009');
INSERT INTO Investment_Viability VALUES ('IVB-2026-000010', 1, 31000000.00, 5100000.00, 2100000.00, 16.45, 'Private Capital', 'Low', 24000000.00, 18500000.00, 3000000.00, 'Digital Tech Upgrade', 94, 'Retained Earnings & Islamic Murabaha', 33000000.00, '25 Years', 310000.00, 'PRP-IVB-010');
COMMIT;


-- =====================================================================
-- LEVEL 6: Depends on Level 5
-- =====================================================================
-- SOCIAL
INSERT INTO Social VALUES ('SOC0000001', 'REF/LBN/COM/2026/01', 85, 90, 'Creates over 200 local construction jobs and establishes community clinic.', 'Urban', 45.50, 'Compliant', 4.5, 'Medium', 'SOC000000000001');
INSERT INTO Social VALUES ('SOC0000002', 'REF/LBN/COM/2026/02', 92, 88, 'Funds primary school expansion and public park rejuvenation project.', 'Suburban', 60.00, 'Compliant', 4.8, 'Low', 'SOC000000000002');
INSERT INTO Social VALUES ('SOC0000003', 'REF/SAB/COM/2026/11', 65, 70, 'Provides localized micro-retail kiosks for indigenous Sabahan craft vendors.', 'Rural', 35.00, 'Compliant', 3.8, 'Low', 'SOC000000000003');
INSERT INTO Social VALUES ('SOC0000004', 'REF/LBN/COM/2026/04', 45, 52, NULL, 'Highly Urbanized', 15.00, 'Pending', NULL, 'High', 'SOC000000000004');
INSERT INTO Social VALUES ('SOC0000005', 'REF/LBN/COM/2026/05', 78, 80, 'Sponsors regional vocational training programs in maritime and logistics.', 'Urban', 50.00, 'Compliant', 4.2, 'Medium', 'SOC000000000005');
INSERT INTO Social VALUES ('SOC0000006', 'REF/SAB/COM/2026/06', 82, 85, 'Builds public recreational facilities and coastal cleanup initiatives.', 'Suburban', 40.00, 'Compliant', 4.6, 'Low', 'SOC000000000006');
INSERT INTO Social VALUES ('SOC0000007', 'REF/LBN/COM/2026/07', 55, 60, 'Upgrades local drainage systems for residential areas nearby.', 'Urban', 20.00, 'Pending', 3.2, 'High', 'SOC000000000007');
INSERT INTO Social VALUES ('SOC0000008', 'REF/SAB/COM/2026/08', 95, 94, 'Major hospital annex and rural healthcare mobilization.', 'Rural', 75.00, 'Compliant', 4.9, 'Low', 'SOC000000000008');
INSERT INTO Social VALUES ('SOC0000009', 'REF/LBN/COM/2026/09', 70, 75, 'Youth digital literacy center development and IT setup.', 'Suburban', 30.00, 'Compliant', 4.0, 'Medium', 'SOC000000000009');
INSERT INTO Social VALUES ('SOC0000010', 'REF/SAB/COM/2026/10', 42, 50, 'Road expansion project to aid remote indigenous connectivity.', 'Rural', 10.00, 'Non-Compliant', 2.8, 'High', 'SOC000000000010');
COMMIT;

-- ECONOMIC
INSERT INTO Economic VALUES ('ECO0000001', 'MOF/LBN/2026/A01-99', 85, 2.4, 15000000.00, 'Regional', 'Yes', 1200000.00, 78, 'High', 'ECO000000000001');
INSERT INTO Economic VALUES ('ECO0000002', 'MOF/LBN/2026/B12-45', 92, 3.1, 45000000.00, 'National', 'Yes', 3500000.00, 90, 'High', 'ECO000000000002');
INSERT INTO Economic VALUES ('ECO0000003', 'MOF/SAB/2026/C03-11', 64, 1.8, 0.00, 'State', 'Yes', 450000.00, 45, 'Medium', 'ECO000000000003');
INSERT INTO Economic VALUES ('ECO0000004', 'MOF/LBN/2026/D04-88', 45, 1.2, 0.00, 'Local', 'No', 120000.00, 20, 'Low', 'ECO000000000004');
INSERT INTO Economic VALUES ('ECO0000005', 'MOF/SAB/2026/E05-22', 88, 2.9, 25000000.00, 'Regional', 'Yes', 2200000.00, 82, 'High', 'ECO000000000005');
INSERT INTO Economic VALUES ('EC00000006', 'MOF/LBN/2026/F06-33', 75, 2.0, 5000000.00, 'State', 'Yes', 850000.00, 60, 'Medium', 'ECO000000000006');
INSERT INTO Economic VALUES ('ECO0000007', 'MOF/SAB/2026/G07-44', 35, 1.1, 0.00, 'Local', 'No', 50000.00, 15, 'Low', 'ECO000000000007');
INSERT INTO Economic VALUES ('ECO0000008', 'MOF/LBN/2026/H08-55', 98, 3.5, 80000000.00, 'National', 'Yes', 6500000.00, 95, 'Critical', 'ECO000000000008');
INSERT INTO Economic VALUES ('ECO0000009', 'MOF/SAB/2026/I09-66', 72, 1.9, 8000000.00, 'State', 'Yes', 600000.00, 55, 'Medium', 'ECO000000000009');
INSERT INTO Economic VALUES ('ECO0000010', 'MOF/LBN/2026/J10-77', 55, 1.4, 1000000.00, 'Local', 'Yes', 250000.00, 35, 'Low', 'ECO000000000010');
COMMIT;

-- ENVIRONMENTAL
INSERT INTO Environmental VALUES ('ENV0000001', 'DOE/LBN/EIA/2026/001', 15.50, 45.00, 88, 'Low', 'Comprehensive recycling and organic compost strategy.', '5-Star', 'Yes', 'Compliant', 'ENV000000000001');
INSERT INTO Environmental VALUES ('ENV0000002', 'DOE/LBN/EIA/2026/002', 8.25, 65.50, 92, 'Low', 'Zero single-use plastic policy across proposed infrastructure resort.', '5-Star', 'Yes', 'Compliant', 'ENV000000000002');
INSERT INTO Environmental VALUES ('ENV0000003', 'DOE/LBN/EIA/2026/003', 45.00, 12.00, 74, 'Medium', 'Standard hazardous waste containment with localized runoff safety drains.', '3-Star', 'No', 'Compliant', 'ENV000000000003');
INSERT INTO Environmental VALUES ('ENV0000004', 'DOE/LBN/EIA/2026/004', 120.00, 0.00, 42, 'High', NULL, '2-Star', 'No', 'Pending', 'ENV000000000004');
INSERT INTO Environmental VALUES ('ENV0000005', 'DOE/LBN/EIA/2026/005', 25.30, 30.00, 81, 'Medium', 'Closed-loop graywater treatment system for eco-industrial warehouse.', '4-Star', 'No', 'Compliant', 'ENV000000000005');
INSERT INTO Environmental VALUES ('ENV0000006', 'DOE/LBN/EIA/2026/006', 5.00, 85.00, 96, 'Low', 'Fully self-sustaining solar grid and atmospheric water generation.', '5-Star', 'Yes', 'Compliant', 'ENV000000000006');
INSERT INTO Environmental VALUES ('ENV0000007', 'DOE/LBN/EIA/2026/007', 85.00, 5.00, 55, 'Medium', 'Standard municipal waste alignment, requires secondary review.', '2-Star', 'No', 'Pending', 'ENV000000000007');
INSERT INTO Environmental VALUES ('ENV0000008', 'DOE/LBN/EIA/2026/008', 210.00, 0.00, 20, 'Critical', 'Heavy chemical runoff detected without proper filtration units.', '1-Star', 'No', 'Non-Compliant', 'ENV000000000008');
INSERT INTO Environmental VALUES ('ENV0000009', 'DOE/LBN/EIA/2026/009', 35.00, 20.00, 78, 'Low', 'Sedimentation control and active replanting of indigenous trees.', '3-Star', 'Yes', 'Compliant', 'ENV000000000009');
INSERT INTO Environmental VALUES ('EN00000010', 'DOE/LBN/EIA/2026/010', 12.00, 60.00, 90, 'Low', 'Mangrove preservation zone with strict zero-waste construction protocols.', '4-Star', 'Yes', 'Compliant', 'ENV000000000010');
COMMIT;


-- =====================================================================
-- LEVEL 7: Depends on Level 6
-- =====================================================================

-- AGREEMENT
INSERT INTO Agreement VALUES ('AGR-2026-001', 'SD-2026-8801', TO_DATE('2026-01-10', 'YYYY-MM-DD'), 'Active', 'Financial Park Labuan, HQ Office', 'Labuan Port Commercial Land Lease', 'JV for Project Alpha', TO_DATE('2026-01-15', 'YYYY-MM-DD'), 'National Land Code (Act 828)', 'REC-8890112A', 'PRP-ECO-001', 'DEPT-LBN-001', 'APV-2026-9001');
INSERT INTO Agreement VALUES ('AGR-2026-002', 'SD-2026-8802', TO_DATE('2026-01-18', 'YYYY-MM-DD'), 'Active', 'Financial Park Labuan, HQ Office', 'Victoria Bay Agro-Tech Plot Permit', NULL, TO_DATE('2026-01-18', 'YYYY-MM-DD'), 'National Land Code (Act 828)', 'REC-8890113B', 'PRP-ECO-002', 'DEPT-LBN-002', 'APV-2026-9002');
INSERT INTO Agreement VALUES ('AGR-2026-003', 'SD-2026-8803', TO_DATE('2026-02-02', 'YYYY-MM-DD'), 'Draft', 'Menara Kinabalu, Kota Kinabalu', 'Kimanis Solar Farm Development Proposal', 'Equity distribution terms', TO_DATE('2026-02-15', 'YYYY-MM-DD'), 'Sabah Land Ordinance (Cap. 68)', 'REC-Pending', 'PRP-ECO-003', 'DEPT-LBN-003', 'APV-2026-9003');
INSERT INTO Agreement VALUES ('AGR-2026-004', 'SD-2026-8804', TO_DATE('2026-02-14', 'YYYY-MM-DD'), 'Active', 'Financial Park Labuan, HQ Office', 'Labuan High-Tech Industrial Park Site C', 'Terminated due to breach', TO_DATE('2026-02-20', 'YYYY-MM-DD'), 'National Land Code (Act 828)', 'REC-8890115D', 'PRP-ECO-004', 'DEPT-LBN-004', 'APV-2026-9004');
INSERT INTO Agreement VALUES ('AGR-2026-005', 'SD-2026-8805', TO_DATE('2026-03-01', 'YYYY-MM-DD'), 'Expired', 'Financial Park Labuan, HQ Office', 'Temporary Eco-Tourism Hub Permit (Reno)', 'Seed round funding details', TO_DATE('2026-03-01', 'YYYY-MM-DD'), 'Contracts Act 1950', 'REC-8890116E', 'PRP-ECO-005', 'DEPT-LBN-005', 'APV-2026-9005');
INSERT INTO Agreement VALUES ('AGR-2026-006', 'SD-2026-8806', TO_DATE('2026-03-12', 'YYYY-MM-DD'), 'Active', 'Menara Kinabalu, Kota Kinabalu', 'Sandakan Biomass Plant Land Lease Agreement', 'Pending partner review', TO_DATE('2026-03-15', 'YYYY-MM-DD'), 'Sabah Land Ordinance (Cap. 68)', 'REC-8890117F', 'PRP-ECO-006', 'DEPT-LBN-006', 'APV-2026-9006');
INSERT INTO Agreement VALUES ('AGR-2026-007', 'SD-2026-8807', TO_DATE('2026-04-05', 'YYYY-MM-DD'), 'Terminated', 'Financial Park Labuan, HQ Office', 'Kansai Logistics Warehousing Site Deed', 'Expired loan terms', TO_DATE('2026-04-10', 'YYYY-MM-DD'), 'Contracts Act 1950', 'REC-8890118G', 'PRP-ECO-007', 'DEPT-LBN-007', 'APV-2026-9007');
INSERT INTO Agreement VALUES ('AGR-2026-008', 'SD-2026-8808', TO_DATE('2026-04-22', 'YYYY-MM-DD'), 'Active', 'Financial Park Labuan, HQ Office', 'Pataratan Maritime Warehouse Development', 'Acquisition of property', TO_DATE('2026-05-01', 'YYYY-MM-DD'), 'National Land Code (Act 828)', 'REC-8890119H', 'PRP-ECO-008', 'DEPT-LBN-008', 'APV-2026-9008');
INSERT INTO Agreement VALUES ('AGR-2026-009', 'SD-2026-8809', TO_DATE('2026-05-10', 'YYYY-MM-DD'), 'Draft', 'Financial Park Labuan, HQ Office', 'Labuan Smart Aquaculture Facility Lease', NULL, TO_DATE('2026-06-01', 'YYYY-MM-DD'), 'National Land Code (Act 828)', 'REC-Pending', 'PRP-ECO-009', 'DEPT-LBN-009', 'APV-2026-9009');
INSERT INTO Agreement VALUES ('AGR-2026-010', 'SD-2026-8810', TO_DATE('2026-06-01', 'YYYY-MM-DD'), 'Active', 'Menara Kinabalu, Kota Kinabalu', 'Tuaran Kelp Farming Coastal Permit', 'Expansion in Klang Valley', TO_DATE('2026-06-15', 'YYYY-MM-DD'), 'Sabah Land Ordinance (Cap. 68)', 'REC-8890121K', 'PRP-ECO-010', 'DEPT-LBN-010', 'APV-2026-9010');
COMMIT;


-- =====================================================================
-- LEVEL 8: Depends on Level 7
-- =====================================================================

-- LAND
INSERT INTO Land VALUES ('LND-001', 'MSP-LBN-2026-001', 'Financial Park Block C Annex', 2500.50, 1, 'Available', 'Jalan Merdeka, Labuan Town', 'Bare Land', 'Commercial', 'State-Owned', NULL);
INSERT INTO Land VALUES ('LND-002', 'MSP-LBN-2026-005', 'Kiamsam Industrial Lot 4', 45000.00, 5, 'Leased', 'Kiamsam Industrial Estate', 'Hilly/Sloped', 'Industrial', 'Leasehold', 'ENC-2025-881');
INSERT INTO Land VALUES ('LND-003', 'MSP-LBN-2026-012', 'Papan Island Resort Plot A', 120000.00, 12, 'Reserved', 'Papan Island', 'Forested', 'Special Economic', 'State-Owned', NULL);
INSERT INTO Land VALUES ('LND-004', 'MSP-LBN-2026-018', 'Rancha-Rancha Expansion Zone', 85000.75, 8, 'Disputed', 'Rancha-Rancha', 'Bare Land', 'Industrial', 'Freehold', 'LGL-DISP-404');
INSERT INTO Land VALUES ('LND-005', 'MSP-LBN-2026-022', 'Bebuloh Agricultural Tract', 30000.00, 3, 'Available', 'Kampung Bebuloh', 'Swampland', 'Agricultural', 'State-Owned', NULL);
INSERT INTO Land VALUES ('LND-006', 'MSP-LBN-2026-030', 'Victoria Bay Waterfront Strip', 15000.25, 2, 'Available', 'Victoria Bay', 'Bare Land', 'Commercial', 'State-Owned', NULL);
INSERT INTO Land VALUES ('LND-007', 'MSP-LBN-2026-035', 'Layang-Layangan Eco-Park', 60000.00, 6, 'Reserved', 'Layang-Layangan', 'Forested', 'Special Economic', 'Leasehold', NULL);
INSERT INTO Land VALUES ('LND-008', 'MSP-LBN-2026-042', 'Bukit Kalam Tech Hub Zone', 42500.50, 4, 'Available', 'Bukit Kalam', 'Hilly/Sloped', 'Commercial', 'Freehold', 'ENC-2026-112');
INSERT INTO Land VALUES ('LND-009', 'MSP-LBN-2026-050', 'Pohon Batu Logistics Plot', 75000.00, 7, 'Leased', 'Pohon Batu', 'Bare Land', 'Industrial', 'State-Owned', NULL);
INSERT INTO Land VALUES ('LND-010', 'MSP-LBN-2026-061', 'Sungai Bedaun Farm Tract', 22000.75, 2, 'Disputed', 'Sungai Bedaun', 'Swampland', 'Agricultural', 'Leasehold', 'LGL-DISP-511');
COMMIT;

-- QUALITY_RECORD
INSERT INTO Quality_Record VALUES ('INSP-2026-001', TO_DATE('2026-07-01', 'YYYY-MM-DD'), 'Site clear, concrete cured properly.', 'Foundation', 'Pass', 15.00, 'Low', 0, NULL, 'No', 'INV000000000001', 'MLS-001', 'INF000000000001', 'DIG000000000001', 'AGR-2026-001');
INSERT INTO Quality_Record VALUES ('INSP-2026-002', TO_DATE('2026-07-05', 'YYYY-MM-DD'), 'Minor hairline cracks on column C4.', 'Structural', 'Conditional Pass', 35.50, 'Medium', 2, 'Patching required on column C4 surface.', 'Yes', 'INV000000000002', 'MLS-002', 'INF000000000002', 'DIG000000000002', 'AGR-2026-002');
INSERT INTO Quality_Record VALUES ('INSP-2026-003', TO_DATE('2026-07-12', 'YYYY-MM-DD'), 'Major structural misalignment on beam B2.', 'Structural', 'Fail', 35.50, 'Critical', 5, 'Beam B2 off-center by 3cm; requires immediate reconstruction.', 'Yes', 'INV000000000003', 'MLS-003', 'INF000000000003', 'DIG000000000003', 'AGR-2026-003');
INSERT INTO Quality_Record VALUES ('INSP-2026-004', TO_DATE('2026-07-15', 'YYYY-MM-DD'), 'HVAC ducting installed correctly.', 'M and E', 'Pass', 60.00, 'Low', 0, NULL, 'No', 'INV000000000004', 'MLS-004', 'INF000000000004', 'DIG000000000004', 'AGR-2026-004');
INSERT INTO Quality_Record VALUES ('INSP-2026-005', TO_DATE('2026-07-22', 'YYYY-MM-DD'), 'Exposed live wiring in corridor.', 'M and E', 'Fail', 65.00, 'High', 3, 'Corridor wires lack insulation and proper conduit routing.', 'Yes', 'INV000000000005', 'MLS-005', 'INF000000000005', 'DIG000000000005', 'AGR-2026-005');
INSERT INTO Quality_Record VALUES ('INSP-2026-006', TO_DATE('2026-08-05', 'YYYY-MM-DD'), 'Painting completed with even coat.', 'Finishing', 'Pass', 85.00, 'Low', 0, NULL, 'No', 'INV000000000006', 'MLS-006', 'INF000000000001', 'DIG000000000006', 'AGR-2026-006');
INSERT INTO Quality_Record VALUES ('INSP-2026-007', TO_DATE('2026-08-10', 'YYYY-MM-DD'), 'Tiles lifting in lobby area.', 'Finishing', 'Conditional Pass', 88.00, 'Medium', 4, 'Re-grouting and setting of 15 tiles required.', 'Yes', 'INV000000000007', 'MLS-007', 'INF000000000002', 'DIG000000000001', 'AGR-2026-007');
INSERT INTO Quality_Record VALUES ('INSP-2026-008', TO_DATE('2026-08-18', 'YYYY-MM-DD'), 'All systems operational.', 'Final Handover', 'Pass', 100.00, 'Low', 0, NULL, 'No', 'INV000000000008', 'MLS-008', 'INF000000000003', 'DIG000000000002', 'AGR-2026-008');
INSERT INTO Quality_Record VALUES ('INSP-2026-009', TO_DATE('2026-08-25', 'YYYY-MM-DD'), 'Plumbing pressure test failed.', 'M and E', 'Fail', 70.00, 'High', 2, 'Main valve leak detected during pressurization.', 'Yes', 'INV000000000009', 'MLS-009', 'INF000000000004', 'DIG000000000003', 'AGR-2026-009');
INSERT INTO Quality_Record VALUES ('INSP-2026-010', TO_DATE('2026-09-02', 'YYYY-MM-DD'), 'Foundation excavation perfectly leveled.', 'Foundation', 'Pass', 20.00, 'Low', 0, NULL, 'No', 'INV000000000010', 'MLS-010', 'INF000000000005', 'DIG000000000004', 'AGR-2026-010');
COMMIT;

-- =====================================================================
-- LEVEL 9: Depends on Level 8
-- =====================================================================

-- LOT
INSERT INTO Lot VALUES ('LOT-001', 'TL-LBN-26-801', 'Financial Park Block A', 'No', 'Developed', 'Leasehold', 1500.00, 85.50, 4, 0.00, 'LND-001');
INSERT INTO Lot VALUES ('LOT-002', 'TL-LBN-26-802', 'Rancha-Rancha Industrial Lot 5', 'Yes', 'Under Construction', 'Leasehold', 8500.50, 92.75, 6, 2.50, 'LND-002');
INSERT INTO Lot VALUES ('LOT-003', 'TL-LBN-26-803', 'Papan Island Resort Plot 1', 'No', 'Vacant', 'State Land', 45000.00, 105.00, 12, 15.00, 'LND-003');
INSERT INTO Lot VALUES ('LOT-004', 'TL-LBN-26-804', 'Layang-Layangan Beachfront', 'No', 'On Hold', 'State Land', 12000.25, 118.25, 8, 5.00, 'LND-004');
INSERT INTO Lot VALUES ('LOT-005', 'TL-LBN-26-805', 'Bebuloh Inland Agri-Plot', 'No', 'Vacant', 'Leasehold', 10000.00, 45.00, 4, 2.00, 'LND-005');
INSERT INTO Lot VALUES ('LOT-006', 'TL-LBN-26-806', 'Victoria Bay Pier A', 'Yes', 'Under Construction', 'State Land', 5000.50, 150.00, 5, 0.50, 'LND-006');
INSERT INTO Lot VALUES ('LOT-007', 'TL-LBN-26-807', 'Layang-Layangan Zone B', 'No', 'Vacant', 'Freehold', 15000.00, 88.50, 4, 8.00, 'LND-007');
INSERT INTO Lot VALUES ('LOT-008', 'TL-LBN-26-808', 'Bukit Kalam IT Center', 'No', 'Developed', 'Freehold', 8000.00, 120.00, 6, 12.50, 'LND-008');
INSERT INTO Lot VALUES ('LOT-009', 'TL-LBN-26-809', 'Pohon Batu Warehouse C', 'No', 'Under Construction', 'Leasehold', 18000.75, 75.00, 8, 1.00, 'LND-009');
INSERT INTO Lot VALUES ('LOT-010', 'TL-LBN-26-810', 'Sungai Bedaun Tract 2', 'Yes', 'On Hold', 'State Land', 11000.00, 35.00, 4, 4.50, 'LND-010');
COMMIT;

-- PENALTY
INSERT INTO Penalty VALUES ('PEN-2026-001', TO_DATE('2026-09-01', 'YYYY-MM-DD'), 'Late Delivery', 50000.00, 'Phase 2 milestone delayed by 14 days.', 'Paid', TO_DATE('2026-09-15', 'YYYY-MM-DD'), 'CLAUSE-14.2', 'Fine Imposed', 0.00, 'INV000000000001', 'INSP-2026-001', 'TERM-2026-101');
INSERT INTO Penalty VALUES ('PEN-2026-002', TO_DATE('2026-09-05', 'YYYY-MM-DD'), 'HSE Violation', 15000.00, 'Workers found without proper PPE on site.', 'Pending', TO_DATE('2026-09-19', 'YYYY-MM-DD'), 'OSHA-1994-S15', 'Fine Imposed', 0.00, 'INV000000000002', 'INSP-2026-002', 'TERM-2026-102');
INSERT INTO Penalty VALUES ('PEN-2026-003', TO_DATE('2026-09-10', 'YYYY-MM-DD'), 'Environmental Breach', 250000.00, 'Illegal dumping of construction waste into nearby river.', 'Appealed', TO_DATE('2026-09-24', 'YYYY-MM-DD'), 'EQA-1974-S29', 'Suspension', 5.00, 'INV000000000003', 'INSP-2026-003', 'TERM-2026-103');
INSERT INTO Penalty VALUES ('PEN-2026-004', TO_DATE('2026-09-12', 'YYYY-MM-DD'), 'Non-Compliance', 10000.00, 'Failure to submit monthly progress report.', 'Paid', TO_DATE('2026-09-26', 'YYYY-MM-DD'), 'CLAUSE-8.1', 'Fine Imposed', 0.00, 'INV000000000004', 'INSP-2026-004', 'TERM-2026-104');
INSERT INTO Penalty VALUES ('PEN-2026-005', TO_DATE('2026-09-15', 'YYYY-MM-DD'), 'Contract Abandonment', 500000.00, 'Site abandoned for 30 consecutive days without notice.', 'Overdue', TO_DATE('2026-09-29', 'YYYY-MM-DD'), 'CLAUSE-21.4', 'Contract Terminated', 8.50, 'INV000000000005', 'INSP-2026-005', 'TERM-2026-105');
INSERT INTO Penalty VALUES ('PEN-2026-006', TO_DATE('2026-09-20', 'YYYY-MM-DD'), 'HSE Violation', 0.00, 'Minor scaffolding irregularity.', 'Pending', TO_DATE('2026-10-04', 'YYYY-MM-DD'), 'OSHA-1994-S12', 'Warning', 0.00, 'INV000000000006', 'INSP-2026-006', 'TERM-2026-106');
INSERT INTO Penalty VALUES ('PEN-2026-007', TO_DATE('2026-09-22', 'YYYY-MM-DD'), 'Late Delivery', 150000.00, 'Final handover delayed by 2 months.', 'Appealed', TO_DATE('2026-10-06', 'YYYY-MM-DD'), 'CLAUSE-14.2', 'Fine Imposed', 2.50, 'INV000000000007', 'INSP-2026-007', 'TERM-2026-107');
INSERT INTO Penalty VALUES ('PEN-2026-008', TO_DATE('2026-09-28', 'YYYY-MM-DD'), 'Environmental Breach', 100000.00, 'Excessive noise pollution during restricted hours.', 'Paid', TO_DATE('2026-10-12', 'YYYY-MM-DD'), 'EQA-1974-S23', 'Fine Imposed', 0.00, 'INV000000000008', 'INSP-2026-008', 'TERM-2026-108');
INSERT INTO Penalty VALUES ('PEN-2026-009', TO_DATE('2026-10-02', 'YYYY-MM-DD'), 'Non-Compliance', 50000.00, 'Using unauthorized sub-contractors.', 'Overdue', TO_DATE('2026-10-16', 'YYYY-MM-DD'), 'CLAUSE-9.3', 'Fine Imposed', 5.00, 'INV000000000009', 'INSP-2026-009', 'TERM-2026-109');
INSERT INTO Penalty VALUES ('PEN-2026-010', TO_DATE('2026-10-10', 'YYYY-MM-DD'), 'Contract Abandonment', 200000.00, 'Financial insolvency declared, works halted.', 'Pending', TO_DATE('2026-10-24', 'YYYY-MM-DD'), 'CLAUSE-21.4', 'Suspension', 0.00, 'INV000000000010', 'INSP-2026-010', 'TERM-2026-110');
COMMIT;

-- SUSTAINABILITY_SCORE
INSERT INTO Sustainability_Score VALUES ('ESG-2026-001', TO_DATE('2026-01-15', 'YYYY-MM-DD'), 95, 90, 92, 'Low', 'Optimized', 'Yes', 'Excellent', 'Compliant', 4.8, 'INSP-2026-001');
INSERT INTO Sustainability_Score VALUES ('ESG-2026-002', TO_DATE('2026-02-10', 'YYYY-MM-DD'), 45, 50, 60, 'High', 'Poor', 'No', 'Poor', 'Non-Compliant', 2.1, 'INSP-2026-002');
INSERT INTO Sustainability_Score VALUES ('ESG-2026-003', TO_DATE('2026-03-05', 'YYYY-MM-DD'), 78, 75, 80, 'Medium', 'Standard', 'Yes', 'Average', 'Pending', 3.5, 'INSP-2026-003');
INSERT INTO Sustainability_Score VALUES ('ESG-2026-004', TO_DATE('2026-04-20', 'YYYY-MM-DD'), 88, 85, 90, 'Low', 'Optimized', 'Yes', 'Good', 'Compliant', 4.2, 'INSP-2026-004');
INSERT INTO Sustainability_Score VALUES ('ESG-2026-005', TO_DATE('2026-05-12', 'YYYY-MM-DD'), 30, 40, 45, 'Critical', 'Critical', 'No', 'Poor', 'Non-Compliant', 1.5, 'INSP-2026-005');
INSERT INTO Sustainability_Score VALUES ('ESG-2026-006', TO_DATE('2026-05-25', 'YYYY-MM-DD'), 92, 88, 89, 'Low', 'Optimized', 'Yes', 'Excellent', 'Compliant', 4.6, 'INSP-2026-006');
INSERT INTO Sustainability_Score VALUES ('ESG-2026-007', TO_DATE('2026-06-10', 'YYYY-MM-DD'), 60, 65, 70, 'Medium', 'Standard', 'Yes', 'Average', 'Pending', 3.0, 'INSP-2026-007');
INSERT INTO Sustainability_Score VALUES ('ESG-2026-008', TO_DATE('2026-06-22', 'YYYY-MM-DD'), 25, 35, 40, 'Critical', 'Critical', 'No', 'Poor', 'Non-Compliant', 1.2, 'INSP-2026-008');
INSERT INTO Sustainability_Score VALUES ('ESG-2026-009', TO_DATE('2026-07-05', 'YYYY-MM-DD'), 80, 82, 85, 'Low', 'Optimized', 'Yes', 'Good', 'Compliant', 4.0, 'INSP-2026-009');
INSERT INTO Sustainability_Score VALUES ('ESG-2026-010', TO_DATE('2026-07-18', 'YYYY-MM-DD'), 55, 58, 62, 'High', 'Poor', 'No', 'Average', 'Non-Compliant', 2.5, 'INSP-2026-010');
COMMIT;

-- =====================================================================
-- LEVEL 10: Depends on Level 9
-- =====================================================================

-- PAYMENT
INSERT INTO Payment VALUES ('PAY-2026-001', 'TXN-FPX-998811', 'REC-LBN-26-001', 'Maybank', '1122334455', TO_DATE('2026-06-01', 'YYYY-MM-DD'), 500.00, TO_DATE('2026-01-05', 'YYYY-MM-DD'), 'FPX', 'Ahmad Faiz', TO_DATE('2026-06-02', 'YYYY-MM-DD'), 'INV000000000001', 'EMP001', 'AGR-2026-001', 'PEN-2026-001', 'APP-2026-8001', 'DEPT-LBN-001');
INSERT INTO Payment VALUES ('PAY-2026-002', 'TXN-CC-554433', 'REC-LBN-26-002', 'CIMB Bank', '9876543210', TO_DATE('2026-06-02', 'YYYY-MM-DD'), 1200.50, TO_DATE('2026-01-12', 'YYYY-MM-DD'), 'Credit Card', 'Sarah Lee', TO_DATE('2026-06-02', 'YYYY-MM-DD'), 'INV000000000002', 'EMP002', 'AGR-2026-002', 'PEN-2026-002', 'APP-2026-8002', 'DEPT-LBN-002');
INSERT INTO Payment VALUES ('PAY-2026-003', 'TXN-BT-889977', 'REC-LBN-26-003', 'RHB Bank', '5566778899', TO_DATE('2026-06-05', 'YYYY-MM-DD'), 850.00, TO_DATE('2026-01-19', 'YYYY-MM-DD'), 'Bank Transfer', NULL, NULL, 'INV000000000003', 'EMP003', 'AGR-2026-003', 'PEN-2026-003', 'APP-2026-8003', 'DEPT-LBN-003');
INSERT INTO Payment VALUES ('PAY-2026-004', 'TXN-FPX-998812', 'REC-LBN-26-004', 'Public Bank', '3344556677', TO_DATE('2026-06-08', 'YYYY-MM-DD'), 250.00, TO_DATE('2026-01-26', 'YYYY-MM-DD'), 'FPX', 'Ahmad Faiz', TO_DATE('2026-06-09', 'YYYY-MM-DD'), 'INV000000000004', 'EMP004', 'AGR-2026-004', 'PEN-2026-004', 'APP-2026-8004', 'DEPT-LBN-004');
INSERT INTO Payment VALUES ('PAY-2026-005', 'TXN-CHQ-112233', 'REC-LBN-26-005', 'AmBank', '8899001122', TO_DATE('2026-06-10', 'YYYY-MM-DD'), 15000.00, TO_DATE('2026-02-02', 'YYYY-MM-DD'), 'Cheque', 'Sarah Lee', TO_DATE('2026-06-12', 'YYYY-MM-DD'), 'INV000000000005', 'EMP005', 'AGR-2026-005', 'PEN-2026-005', 'APP-2026-8005', 'DEPT-LBN-005');
INSERT INTO Payment VALUES ('PAY-2026-006', 'TXN-FPX-998813', 'REC-LBN-26-006', 'Maybank', '1122334455', TO_DATE('2026-06-12', 'YYYY-MM-DD'), 750.00, TO_DATE('2026-02-15', 'YYYY-MM-DD'), 'FPX', 'Ahmad Faiz', TO_DATE('2026-06-13', 'YYYY-MM-DD'), 'INV000000000006', 'EMP006', 'AGR-2026-006', 'PEN-2026-006', 'APP-2026-8006', 'DEPT-LBN-006');
INSERT INTO Payment VALUES ('PAY-2026-007', 'TXN-CC-554434', 'REC-LBN-26-007', 'CIMB Bank', '9876543210', TO_DATE('2026-06-15', 'YYYY-MM-DD'), 3000.00, TO_DATE('2026-03-01', 'YYYY-MM-DD'), 'Credit Card', 'Sarah Lee', TO_DATE('2026-06-16', 'YYYY-MM-DD'), 'INV000000000007', 'EMP007', 'AGR-2026-007', 'PEN-2026-007', 'APP-2026-8007', 'DEPT-LBN-007');
INSERT INTO Payment VALUES ('PAY-2026-008', 'TXN-BT-889978', 'REC-LBN-26-008', 'RHB Bank', '5566778899', TO_DATE('2026-06-18', 'YYYY-MM-DD'), 1250.00, TO_DATE('2026-03-10', 'YYYY-MM-DD'), 'Bank Transfer', NULL, NULL, 'INV000000000008', 'EMP008', 'AGR-2026-008', 'PEN-2026-008', 'APP-2026-8008', 'DEPT-LBN-008');
INSERT INTO Payment VALUES ('PAY-2026-009', 'TXN-FPX-998814', 'REC-LBN-26-009', 'Public Bank', '3344556677', TO_DATE('2026-06-20', 'YYYY-MM-DD'), 450.00, TO_DATE('2026-03-25', 'YYYY-MM-DD'), 'FPX', 'Ahmad Faiz', TO_DATE('2026-06-21', 'YYYY-MM-DD'), 'INV000000000009', 'EMP009', 'AGR-2026-009', 'PEN-2026-009', 'APP-2026-8009', 'DEPT-LBN-009');
INSERT INTO Payment VALUES ('PAY-2026-010', 'TXN-CHQ-112234', 'REC-LBN-26-010', 'AmBank', '8899001122', TO_DATE('2026-06-25', 'YYYY-MM-DD'), 25000.00, TO_DATE('2026-04-05', 'YYYY-MM-DD'), 'Cheque', 'Sarah Lee', TO_DATE('2026-06-27', 'YYYY-MM-DD'), 'INV000000000010', 'EMP010', 'AGR-2026-010', 'PEN-2026-010', 'APP-2026-8010', 'DEPT-LBN-010');
COMMIT;

INSERT INTO Document VALUES ('DOC000000000001', 'FLD2026LBN00001', 'PDF', 'Labuan_Commercial_Proposal_v2.pdf', '/storage/proposals/lbn_001/', 12.45, 'Verified', TO_DATE('2026-12-05', 'YYYY-MM-DD'), 'Complies with offshore tax zones.', 'Ahmad Zaidi', 'Land_Proposals_2026', NULL, NULL, 'PRP-ECO-001', NULL, NULL, NULL, NULL, NULL, NULL);
INSERT INTO Document VALUES ('DOC000000000002', 'FLD2026LBN00001', 'XLSX', 'Financial_Feasibility_Model.xlsx', '/storage/proposals/lbn_001/', 4.20, 'Verified', TO_DATE('2026-05-13', 'YYYY-MM-DD'), 'ROI matches land utilization yield.', 'Ahmad Zaidi', 'Land_Proposals_2026', NULL, NULL, NULL, 'MEET-2026-002', NULL, NULL, NULL, NULL, NULL);
INSERT INTO Document VALUES ('DOC000000000003', 'FLD2026LBN00002', 'PDF', 'EIA_Clearance_Report_Papan.pdf', '/storage/environment/reports/', 8.50, 'Verified', TO_DATE('2026-05-20', 'YYYY-MM-DD'), 'DOE signed clearance attached.', 'John Wong', 'Environment_Reports', NULL, NULL, NULL, NULL, NULL, NULL, NULL, NULL, 'INSP-2026-003');
INSERT INTO Document VALUES ('DOC000000000004', 'FLD2026LBN00003', 'DOCX', 'Lease_Agreement_Draft_v1.docx', '/storage/legal/drafts/', 2.10, 'Pending', NULL, 'Awaiting final legal review.', NULL, 'Legal_Drafts', NULL, NULL, NULL, NULL, NULL, NULL, NULL, 'PEN-2026-004', NULL);
INSERT INTO Document VALUES ('DOC000000000005', 'FLD2026LBN00003', 'JPG', 'Site_Inspection_Photo_01.jpg', '/storage/inspections/photos/', 5.50, 'Verified', TO_DATE('2026-01-06', 'YYYY-MM-DD'), 'Foundation phase complete.', 'Ahmad Zaidi', 'Inspection_Photos', 'LOT-005', NULL, NULL, NULL, NULL, NULL, NULL, NULL, NULL);
INSERT INTO Document VALUES ('DOC000000000006', 'FLD2026LBN00004', 'PNG', 'Site_Survey__Aerial_Map.png', '/storage/site_surveys/lbn_maps/', 18.75, 'Verified', TO_DATE('2026-10-06', 'YYYY-MM-DD'), 'High-resolution satellite view.', 'John Wong', 'Site_Surveys', NULL, NULL, NULL, NULL, NULL, NULL, 'APV-2026-9006', NULL, NULL);
INSERT INTO Document VALUES ('DOC000000000007', 'FLD2026LBN00005', 'PDF', 'Corporate_Profile_MegaStructure.pdf', '/storage/partners/profiles/', 5.40, 'Verified', TO_DATE('2026-11-06', 'YYYY-MM-DD'), 'CIDB Grade G7 verified.', 'Ahmad Zaidi', 'Partner_Profiles', NULL, 'LND-007', NULL, NULL, NULL, NULL, NULL, NULL, NULL);
INSERT INTO Document VALUES ('DOC000000000008', 'FLD2026LBN00006', 'ZIP', 'Engineering_Blueprints.zip', '/storage/engineering/plans/', 45.00, 'Pending', NULL, 'Requires decompression and CAD check.', NULL, 'Engineering_Plans', NULL, NULL, NULL, NULL, 'TERM-2026-108', NULL, NULL, NULL, NULL);
INSERT INTO Document VALUES ('DOC000000000009', 'FLD2026LBN00007', 'PDF', 'Board_Resolution_Approval.pdf', '/storage/legal/resolutions/', 1.80, 'Verified', TO_DATE('2026-06-15', 'YYYY-MM-DD'), 'Officially signed and stamped.', 'John Wong', 'Legal_Resolutions', NULL, NULL, NULL, NULL, NULL, 'AGR-2026-009', NULL, NULL, NULL);
INSERT INTO Document VALUES ('DOC000000000010', 'FLD2026LBN00007', 'XLSX', 'Bill_of_Quantities_Q3.xlsx', '/storage/finance/boq/', 3.20, 'Rejected', TO_DATE('2026-06-18', 'YYYY-MM-DD'), 'Calculations do not match standard rates.', 'Ahmad Zaidi', 'Finance_BOQ', NULL, NULL, NULL, NULL, NULL, NULL, 'APV-2026-9010', NULL, NULL);
COMMIT;

INSERT INTO Investor_Advertisement (Investor_ID, MIDA_Registration_Ref, Advertisement_ID, Advertisement_StartDate) VALUES ('INV000000000001', 'MIDA/LBN/2026/INV-21', 'ADV-1001', TO_DATE('2026-07-01', 'YYYY-MM-DD'));
INSERT INTO Investor_Advertisement (Investor_ID, MIDA_Registration_Ref, Advertisement_ID, Advertisement_StartDate) VALUES ('INV000000000002', 'MIDA/INT/2026/INV-22', 'ADV-1002', TO_DATE('2026-08-01', 'YYYY-MM-DD'));
INSERT INTO Investor_Advertisement (Investor_ID, MIDA_Registration_Ref, Advertisement_ID, Advertisement_StartDate) VALUES ('INV000000000003', 'MIDA/LBN/2026/INV-23', 'ADV-1003', TO_DATE('2026-07-15', 'YYYY-MM-DD'));
INSERT INTO Investor_Advertisement (Investor_ID, MIDA_Registration_Ref, Advertisement_ID, Advertisement_StartDate) VALUES ('INV000000000004', 'MIDA/INT/2026/INV-24', 'ADV-1004', TO_DATE('2026-06-20', 'YYYY-MM-DD'));
INSERT INTO Investor_Advertisement (Investor_ID, MIDA_Registration_Ref, Advertisement_ID, Advertisement_StartDate) VALUES ('INV000000000005', 'MIDA/LBN/2026/INV-25', 'ADV-1005', TO_DATE('2026-09-01', 'YYYY-MM-DD'));
INSERT INTO Investor_Advertisement (Investor_ID, MIDA_Registration_Ref, Advertisement_ID, Advertisement_StartDate) VALUES ('INV000000000006', 'MIDA/LBN/2026/INV-26', 'ADV-1006', TO_DATE('2026-07-10', 'YYYY-MM-DD'));
INSERT INTO Investor_Advertisement (Investor_ID, MIDA_Registration_Ref, Advertisement_ID, Advertisement_StartDate) VALUES ('INV000000000007', 'MIDA/INT/2026/INV-27', 'ADV-1007', TO_DATE('2026-08-15', 'YYYY-MM-DD'));
INSERT INTO Investor_Advertisement (Investor_ID, MIDA_Registration_Ref, Advertisement_ID, Advertisement_StartDate) VALUES ('INV000000000008', 'MIDA/LBN/2026/INV-28', 'ADV-1008', TO_DATE('2026-10-01', 'YYYY-MM-DD'));
INSERT INTO Investor_Advertisement (Investor_ID, MIDA_Registration_Ref, Advertisement_ID, Advertisement_StartDate) VALUES ('INV000000000009', 'MIDA/LBN/2026/INV-29', 'ADV-1009', TO_DATE('2026-06-25', 'YYYY-MM-DD'));
INSERT INTO Investor_Advertisement (Investor_ID, MIDA_Registration_Ref, Advertisement_ID, Advertisement_StartDate) VALUES ('INV000000000010', 'MIDA/SAB/2026/INV-30', 'ADV-1010', TO_DATE('2026-07-05', 'YYYY-MM-DD'));

INSERT INTO Employee_Advertisement (Employee_ID, Employee_Contract_No, Advertisement_ID, Advertisement_StartDate) VALUES ('EMP001', 'LBN-2021-001A', 'ADV-1001', TO_DATE('2026-07-01', 'YYYY-MM-DD'));
INSERT INTO Employee_Advertisement (Employee_ID, Employee_Contract_No, Advertisement_ID, Advertisement_StartDate) VALUES ('EMP002', 'LBN-2021-002A', 'ADV-1002', TO_DATE('2026-08-01', 'YYYY-MM-DD'));
INSERT INTO Employee_Advertisement (Employee_ID, Employee_Contract_No, Advertisement_ID, Advertisement_StartDate) VALUES ('EMP003', 'LBN-2022-014B', 'ADV-1003', TO_DATE('2026-07-15', 'YYYY-MM-DD'));
INSERT INTO Employee_Advertisement (Employee_ID, Employee_Contract_No, Advertisement_ID, Advertisement_StartDate) VALUES ('EMP004', 'LBN-2022-019A', 'ADV-1004', TO_DATE('2026-06-20', 'YYYY-MM-DD'));
INSERT INTO Employee_Advertisement (Employee_ID, Employee_Contract_No, Advertisement_ID, Advertisement_StartDate) VALUES ('EMP005', 'LBN-2023-005A', 'ADV-1005', TO_DATE('2026-09-01', 'YYYY-MM-DD'));
INSERT INTO Employee_Advertisement (Employee_ID, Employee_Contract_No, Advertisement_ID, Advertisement_StartDate) VALUES ('EMP006', 'LBN-2023-011A', 'ADV-1006', TO_DATE('2026-07-10', 'YYYY-MM-DD'));
INSERT INTO Employee_Advertisement (Employee_ID, Employee_Contract_No, Advertisement_ID, Advertisement_StartDate) VALUES ('EMP007', 'LBN-2023-044B', 'ADV-1007', TO_DATE('2026-08-15', 'YYYY-MM-DD'));
INSERT INTO Employee_Advertisement (Employee_ID, Employee_Contract_No, Advertisement_ID, Advertisement_StartDate) VALUES ('EMP008', 'LBN-2024-002A', 'ADV-1008', TO_DATE('2026-10-01', 'YYYY-MM-DD'));
INSERT INTO Employee_Advertisement (Employee_ID, Employee_Contract_No, Advertisement_ID, Advertisement_StartDate) VALUES ('EMP009', 'LBN-2024-015B', 'ADV-1009', TO_DATE('2026-06-25', 'YYYY-MM-DD'));
INSERT INTO Employee_Advertisement (Employee_ID, Employee_Contract_No, Advertisement_ID, Advertisement_StartDate) VALUES ('EMP010', 'LBN-2024-033A', 'ADV-1010', TO_DATE('2026-07-05', 'YYYY-MM-DD'));

INSERT INTO Employee_JobDescription (Employee_ID, Employee_Contract_No, Job_ID, Job_PublishDate) VALUES ('EMP001', 'LBN-2021-001A', 'JOB-2026-001', TO_DATE('2026-05-01', 'YYYY-MM-DD'));
INSERT INTO Employee_JobDescription (Employee_ID, Employee_Contract_No, Job_ID, Job_PublishDate) VALUES ('EMP002', 'LBN-2021-002A', 'JOB-2026-002', TO_DATE('2026-05-05', 'YYYY-MM-DD'));
INSERT INTO Employee_JobDescription (Employee_ID, Employee_Contract_No, Job_ID, Job_PublishDate) VALUES ('EMP003', 'LBN-2022-014B', 'JOB-2026-003', TO_DATE('2026-05-10', 'YYYY-MM-DD'));
INSERT INTO Employee_JobDescription (Employee_ID, Employee_Contract_No, Job_ID, Job_PublishDate) VALUES ('EMP004', 'LBN-2022-019A', 'JOB-2026-004', TO_DATE('2026-05-12', 'YYYY-MM-DD'));
INSERT INTO Employee_JobDescription (Employee_ID, Employee_Contract_No, Job_ID, Job_PublishDate) VALUES ('EMP005', 'LBN-2023-005A', 'JOB-2026-005', TO_DATE('2026-05-15', 'YYYY-MM-DD'));
INSERT INTO Employee_JobDescription (Employee_ID, Employee_Contract_No, Job_ID, Job_PublishDate) VALUES ('EMP006', 'LBN-2023-011A', 'JOB-2026-006', TO_DATE('2026-05-18', 'YYYY-MM-DD'));
INSERT INTO Employee_JobDescription (Employee_ID, Employee_Contract_No, Job_ID, Job_PublishDate) VALUES ('EMP007', 'LBN-2023-044B', 'JOB-2026-007', TO_DATE('2026-05-20', 'YYYY-MM-DD'));
INSERT INTO Employee_JobDescription (Employee_ID, Employee_Contract_No, Job_ID, Job_PublishDate) VALUES ('EMP008', 'LBN-2024-002A', 'JOB-2026-008', TO_DATE('2026-05-22', 'YYYY-MM-DD'));
INSERT INTO Employee_JobDescription (Employee_ID, Employee_Contract_No, Job_ID, Job_PublishDate) VALUES ('EMP009', 'LBN-2024-015B', 'JOB-2026-009', TO_DATE('2026-05-25', 'YYYY-MM-DD'));
INSERT INTO Employee_JobDescription (Employee_ID, Employee_Contract_No, Job_ID, Job_PublishDate) VALUES ('EMP010', 'LBN-2024-033A', 'JOB-2026-010', TO_DATE('2026-05-28', 'YYYY-MM-DD'));

INSERT INTO Employee_Agreement (Employee_ID, Employee_Contract_No, Agreement_ID, Agreement_StampDutyID) VALUES ('EMP001', 'LBN-2021-001A', 'AGR-2026-001', 'SD-2026-8801');
INSERT INTO Employee_Agreement (Employee_ID, Employee_Contract_No, Agreement_ID, Agreement_StampDutyID) VALUES ('EMP002', 'LBN-2021-002A', 'AGR-2026-002', 'SD-2026-8802');
INSERT INTO Employee_Agreement (Employee_ID, Employee_Contract_No, Agreement_ID, Agreement_StampDutyID) VALUES ('EMP003', 'LBN-2022-014B', 'AGR-2026-003', 'SD-2026-8803');
INSERT INTO Employee_Agreement (Employee_ID, Employee_Contract_No, Agreement_ID, Agreement_StampDutyID) VALUES ('EMP004', 'LBN-2022-019A', 'AGR-2026-004', 'SD-2026-8804');
INSERT INTO Employee_Agreement (Employee_ID, Employee_Contract_No, Agreement_ID, Agreement_StampDutyID) VALUES ('EMP005', 'LBN-2023-005A', 'AGR-2026-005', 'SD-2026-8805');
INSERT INTO Employee_Agreement (Employee_ID, Employee_Contract_No, Agreement_ID, Agreement_StampDutyID) VALUES ('EMP006', 'LBN-2023-011A', 'AGR-2026-006', 'SD-2026-8806');
INSERT INTO Employee_Agreement (Employee_ID, Employee_Contract_No, Agreement_ID, Agreement_StampDutyID) VALUES ('EMP007', 'LBN-2023-044B', 'AGR-2026-007', 'SD-2026-8807');
INSERT INTO Employee_Agreement (Employee_ID, Employee_Contract_No, Agreement_ID, Agreement_StampDutyID) VALUES ('EMP008', 'LBN-2024-002A', 'AGR-2026-008', 'SD-2026-8808');
INSERT INTO Employee_Agreement (Employee_ID, Employee_Contract_No, Agreement_ID, Agreement_StampDutyID) VALUES ('EMP009', 'LBN-2024-015B', 'AGR-2026-009', 'SD-2026-8809');
INSERT INTO Employee_Agreement (Employee_ID, Employee_Contract_No, Agreement_ID, Agreement_StampDutyID) VALUES ('EMP010', 'LBN-2024-033A', 'AGR-2026-010', 'SD-2026-8810');

INSERT INTO Person_Document (Person_ID, Person_IC, Doc_ID, Folder_ID) VALUES ('PER-001', '731210-13-1269', 'DOC000000000001', 'FLD2026LBN00001');
INSERT INTO Person_Document (Person_ID, Person_IC, Doc_ID, Folder_ID) VALUES ('PER-002', '810601-16-8949', 'DOC000000000002', 'FLD2026LBN00001');
INSERT INTO Person_Document (Person_ID, Person_IC, Doc_ID, Folder_ID) VALUES ('PER-003', '950308-12-9050', 'DOC000000000003', 'FLD2026LBN00002');
INSERT INTO Person_Document (Person_ID, Person_IC, Doc_ID, Folder_ID) VALUES ('PER-004', '910106-16-1013', 'DOC000000000004', 'FLD2026LBN00003');
INSERT INTO Person_Document (Person_ID, Person_IC, Doc_ID, Folder_ID) VALUES ('PER-005', '840928-10-5266', 'DOC000000000005', 'FLD2026LBN00003');
INSERT INTO Person_Document (Person_ID, Person_IC, Doc_ID, Folder_ID) VALUES ('PER-006', '700606-16-4019', 'DOC000000000006', 'FLD2026LBN00004');
INSERT INTO Person_Document (Person_ID, Person_IC, Doc_ID, Folder_ID) VALUES ('PER-007', '860628-16-2607', 'DOC000000000007', 'FLD2026LBN00005');
INSERT INTO Person_Document (Person_ID, Person_IC, Doc_ID, Folder_ID) VALUES ('PER-008', '850114-16-7863', 'DOC000000000008', 'FLD2026LBN00006');
INSERT INTO Person_Document (Person_ID, Person_IC, Doc_ID, Folder_ID) VALUES ('PER-009', '791209-13-4685', 'DOC000000000009', 'FLD2026LBN00007');
INSERT INTO Person_Document (Person_ID, Person_IC, Doc_ID, Folder_ID) VALUES ('PER-010', '860315-12-5366', 'DOC000000000010', 'FLD2026LBN00007');

INSERT INTO Employee_Penalty (Employee_ID, Employee_Contract_No, Penalty_ID, Penalty_IssueDate) VALUES ('EMP001', 'LBN-2021-001A', 'PEN-2026-001', TO_DATE('2026-09-01', 'YYYY-MM-DD'));
INSERT INTO Employee_Penalty (Employee_ID, Employee_Contract_No, Penalty_ID, Penalty_IssueDate) VALUES ('EMP002', 'LBN-2021-002A', 'PEN-2026-002', TO_DATE('2026-09-05', 'YYYY-MM-DD'));
INSERT INTO Employee_Penalty (Employee_ID, Employee_Contract_No, Penalty_ID, Penalty_IssueDate) VALUES ('EMP003', 'LBN-2022-014B', 'PEN-2026-003', TO_DATE('2026-09-10', 'YYYY-MM-DD'));
INSERT INTO Employee_Penalty (Employee_ID, Employee_Contract_No, Penalty_ID, Penalty_IssueDate) VALUES ('EMP004', 'LBN-2022-019A', 'PEN-2026-004', TO_DATE('2026-09-12', 'YYYY-MM-DD'));
INSERT INTO Employee_Penalty (Employee_ID, Employee_Contract_No, Penalty_ID, Penalty_IssueDate) VALUES ('EMP005', 'LBN-2023-005A', 'PEN-2026-005', TO_DATE('2026-09-15', 'YYYY-MM-DD'));
INSERT INTO Employee_Penalty (Employee_ID, Employee_Contract_No, Penalty_ID, Penalty_IssueDate) VALUES ('EMP006', 'LBN-2023-011A', 'PEN-2026-006', TO_DATE('2026-09-20', 'YYYY-MM-DD'));
INSERT INTO Employee_Penalty (Employee_ID, Employee_Contract_No, Penalty_ID, Penalty_IssueDate) VALUES ('EMP007', 'LBN-2023-044B', 'PEN-2026-007', TO_DATE('2026-09-22', 'YYYY-MM-DD'));
INSERT INTO Employee_Penalty (Employee_ID, Employee_Contract_No, Penalty_ID, Penalty_IssueDate) VALUES ('EMP008', 'LBN-2024-002A', 'PEN-2026-008', TO_DATE('2026-09-28', 'YYYY-MM-DD'));
INSERT INTO Employee_Penalty (Employee_ID, Employee_Contract_No, Penalty_ID, Penalty_IssueDate) VALUES ('EMP009', 'LBN-2024-015B', 'PEN-2026-009', TO_DATE('2026-10-02', 'YYYY-MM-DD'));
INSERT INTO Employee_Penalty (Employee_ID, Employee_Contract_No, Penalty_ID, Penalty_IssueDate) VALUES ('EMP010', 'LBN-2024-033A', 'PEN-2026-010', TO_DATE('2026-10-10', 'YYYY-MM-DD'));

INSERT INTO Employee_Termination (Employee_ID, Employee_Contract_No, Termination_ID, Termination_Date) VALUES ('EMP001', 'LBN-2021-001A', 'TERM-2026-101', TO_DATE('2026-10-01', 'YYYY-MM-DD'));
INSERT INTO Employee_Termination (Employee_ID, Employee_Contract_No, Termination_ID, Termination_Date) VALUES ('EMP002', 'LBN-2021-002A', 'TERM-2026-102', TO_DATE('2026-10-05', 'YYYY-MM-DD'));
INSERT INTO Employee_Termination (Employee_ID, Employee_Contract_No, Termination_ID, Termination_Date) VALUES ('EMP003', 'LBN-2022-014B', 'TERM-2026-103', TO_DATE('2026-10-12', 'YYYY-MM-DD'));
INSERT INTO Employee_Termination (Employee_ID, Employee_Contract_No, Termination_ID, Termination_Date) VALUES ('EMP004', 'LBN-2022-019A', 'TERM-2026-104', TO_DATE('2026-10-15', 'YYYY-MM-DD'));
INSERT INTO Employee_Termination (Employee_ID, Employee_Contract_No, Termination_ID, Termination_Date) VALUES ('EMP005', 'LBN-2023-005A', 'TERM-2026-105', TO_DATE('2026-10-20', 'YYYY-MM-DD'));
INSERT INTO Employee_Termination (Employee_ID, Employee_Contract_No, Termination_ID, Termination_Date) VALUES ('EMP006', 'LBN-2023-011A', 'TERM-2026-106', TO_DATE('2026-10-22', 'YYYY-MM-DD'));
INSERT INTO Employee_Termination (Employee_ID, Employee_Contract_No, Termination_ID, Termination_Date) VALUES ('EMP007', 'LBN-2023-044B', 'TERM-2026-107', TO_DATE('2026-10-25', 'YYYY-MM-DD'));
INSERT INTO Employee_Termination (Employee_ID, Employee_Contract_No, Termination_ID, Termination_Date) VALUES ('EMP008', 'LBN-2024-002A', 'TERM-2026-108', TO_DATE('2026-11-02', 'YYYY-MM-DD'));
INSERT INTO Employee_Termination (Employee_ID, Employee_Contract_No, Termination_ID, Termination_Date) VALUES ('EMP009', 'LBN-2024-015B', 'TERM-2026-109', TO_DATE('2026-11-05', 'YYYY-MM-DD'));
INSERT INTO Employee_Termination (Employee_ID, Employee_Contract_No, Termination_ID, Termination_Date) VALUES ('EMP010', 'LBN-2024-033A', 'TERM-2026-110', TO_DATE('2026-11-10', 'YYYY-MM-DD'));

INSERT INTO Employee_JobApplication (Employee_ID, Employee_Contract_No, Job_Application_ID, Job_Application_TimeStamp) VALUES ('EMP001', 'LBN-2021-001A', 'APP-2026-001', TO_TIMESTAMP('2026-03-01 09:15:00', 'YYYY-MM-DD HH24:MI:SS'));
INSERT INTO Employee_JobApplication (Employee_ID, Employee_Contract_No, Job_Application_ID, Job_Application_TimeStamp) VALUES ('EMP002', 'LBN-2021-002A', 'APP-2026-002', TO_TIMESTAMP('2026-03-01 10:45:00', 'YYYY-MM-DD HH24:MI:SS'));
INSERT INTO Employee_JobApplication (Employee_ID, Employee_Contract_No, Job_Application_ID, Job_Application_TimeStamp) VALUES ('EMP003', 'LBN-2022-014B', 'APP-2026-003', TO_TIMESTAMP('2026-03-02 14:30:00', 'YYYY-MM-DD HH24:MI:SS'));
INSERT INTO Employee_JobApplication (Employee_ID, Employee_Contract_No, Job_Application_ID, Job_Application_TimeStamp) VALUES ('EMP004', 'LBN-2022-019A', 'APP-2026-004', TO_TIMESTAMP('2026-03-05 08:00:00', 'YYYY-MM-DD HH24:MI:SS'));
INSERT INTO Employee_JobApplication (Employee_ID, Employee_Contract_No, Job_Application_ID, Job_Application_TimeStamp) VALUES ('EMP005', 'LBN-2023-005A', 'APP-2026-005', TO_TIMESTAMP('2026-03-06 16:20:00', 'YYYY-MM-DD HH24:MI:SS'));
INSERT INTO Employee_JobApplication (Employee_ID, Employee_Contract_No, Job_Application_ID, Job_Application_TimeStamp) VALUES ('EMP006', 'LBN-2023-011A', 'APP-2026-006', TO_TIMESTAMP('2026-03-10 11:10:00', 'YYYY-MM-DD HH24:MI:SS'));
INSERT INTO Employee_JobApplication (Employee_ID, Employee_Contract_No, Job_Application_ID, Job_Application_TimeStamp) VALUES ('EMP007', 'LBN-2023-044B', 'APP-2026-007', TO_TIMESTAMP('2026-03-12 15:45:00', 'YYYY-MM-DD HH24:MI:SS'));
INSERT INTO Employee_JobApplication (Employee_ID, Employee_Contract_No, Job_Application_ID, Job_Application_TimeStamp) VALUES ('EMP008', 'LBN-2024-002A', 'APP-2026-008', TO_TIMESTAMP('2026-03-15 09:05:00', 'YYYY-MM-DD HH24:MI:SS'));
INSERT INTO Employee_JobApplication (Employee_ID, Employee_Contract_No, Job_Application_ID, Job_Application_TimeStamp) VALUES ('EMP009', 'LBN-2024-015B', 'APP-2026-009', TO_TIMESTAMP('2026-03-18 13:20:00', 'YYYY-MM-DD HH24:MI:SS'));
INSERT INTO Employee_JobApplication (Employee_ID, Employee_Contract_No, Job_Application_ID, Job_Application_TimeStamp) VALUES ('EMP010', 'LBN-2024-033A', 'APP-2026-010', TO_TIMESTAMP('2026-03-20 17:55:00', 'YYYY-MM-DD HH24:MI:SS'));

INSERT INTO Inspector_Land (Inspector_ID, DOSH_Registration_No, Land_ID, Land_Master_Survey_Plan_No) VALUES ('INS-2026-001', 'DOSH/LBN/2021/089', 'LND-001', 'MSP-LBN-2026-001');
INSERT INTO Inspector_Land (Inspector_ID, DOSH_Registration_No, Land_ID, Land_Master_Survey_Plan_No) VALUES ('INS-2026-002', 'DOSH/SBH/2023/142', 'LND-002', 'MSP-LBN-2026-005');
INSERT INTO Inspector_Land (Inspector_ID, DOSH_Registration_No, Land_ID, Land_Master_Survey_Plan_No) VALUES ('INS-2026-003', 'DOSH/LBN/2020/011', 'LND-003', 'MSP-LBN-2026-012');
INSERT INTO Inspector_Land (Inspector_ID, DOSH_Registration_No, Land_ID, Land_Master_Survey_Plan_No) VALUES ('INS-2026-004', 'DOSH/SBH/2024/301', 'LND-004', 'MSP-LBN-2026-018');
INSERT INTO Inspector_Land (Inspector_ID, DOSH_Registration_No, Land_ID, Land_Master_Survey_Plan_No) VALUES ('INS-2026-005', 'DOSH/LBN/2022/224', 'LND-005', 'MSP-LBN-2026-022');
INSERT INTO Inspector_Land (Inspector_ID, DOSH_Registration_No, Land_ID, Land_Master_Survey_Plan_No) VALUES ('INS-2026-006', 'DOSH/LBN/2025/005', 'LND-006', 'MSP-LBN-2026-030');
INSERT INTO Inspector_Land (Inspector_ID, DOSH_Registration_No, Land_ID, Land_Master_Survey_Plan_No) VALUES ('INS-2026-007', 'DOSH/SBH/2019/512', 'LND-007', 'MSP-LBN-2026-035');
INSERT INTO Inspector_Land (Inspector_ID, DOSH_Registration_No, Land_ID, Land_Master_Survey_Plan_No) VALUES ('INS-2026-008', 'DOSH/LBN/2023/055', 'LND-008', 'MSP-LBN-2026-042');
INSERT INTO Inspector_Land (Inspector_ID, DOSH_Registration_No, Land_ID, Land_Master_Survey_Plan_No) VALUES ('INS-2026-009', 'DOSH/SBH/2021/119', 'LND-009', 'MSP-LBN-2026-050');
INSERT INTO Inspector_Land (Inspector_ID, DOSH_Registration_No, Land_ID, Land_Master_Survey_Plan_No) VALUES ('INS-2026-010', 'DOSH/LBN/2024/094', 'LND-010', 'MSP-LBN-2026-061');

INSERT INTO Inspector_Lot (Inspector_ID, DOSH_Registration_No, Lot_ID, Lot_TitleNo) VALUES ('INS-2026-001', 'DOSH/LBN/2021/089', 'LOT-001', 'TL-LBN-26-801');
INSERT INTO Inspector_Lot (Inspector_ID, DOSH_Registration_No, Lot_ID, Lot_TitleNo) VALUES ('INS-2026-002', 'DOSH/SBH/2023/142', 'LOT-002', 'TL-LBN-26-802');
INSERT INTO Inspector_Lot (Inspector_ID, DOSH_Registration_No, Lot_ID, Lot_TitleNo) VALUES ('INS-2026-003', 'DOSH/LBN/2020/011', 'LOT-003', 'TL-LBN-26-803');
INSERT INTO Inspector_Lot (Inspector_ID, DOSH_Registration_No, Lot_ID, Lot_TitleNo) VALUES ('INS-2026-004', 'DOSH/SBH/2024/301', 'LOT-004', 'TL-LBN-26-804');
INSERT INTO Inspector_Lot (Inspector_ID, DOSH_Registration_No, Lot_ID, Lot_TitleNo) VALUES ('INS-2026-005', 'DOSH/LBN/2022/224', 'LOT-005', 'TL-LBN-26-805');
INSERT INTO Inspector_Lot (Inspector_ID, DOSH_Registration_No, Lot_ID, Lot_TitleNo) VALUES ('INS-2026-006', 'DOSH/LBN/2025/005', 'LOT-006', 'TL-LBN-26-806');
INSERT INTO Inspector_Lot (Inspector_ID, DOSH_Registration_No, Lot_ID, Lot_TitleNo) VALUES ('INS-2026-007', 'DOSH/SBH/2019/512', 'LOT-007', 'TL-LBN-26-807');
INSERT INTO Inspector_Lot (Inspector_ID, DOSH_Registration_No, Lot_ID, Lot_TitleNo) VALUES ('INS-2026-008', 'DOSH/LBN/2023/055', 'LOT-008', 'TL-LBN-26-808');
INSERT INTO Inspector_Lot (Inspector_ID, DOSH_Registration_No, Lot_ID, Lot_TitleNo) VALUES ('INS-2026-009', 'DOSH/SBH/2021/119', 'LOT-009', 'TL-LBN-26-809');
INSERT INTO Inspector_Lot (Inspector_ID, DOSH_Registration_No, Lot_ID, Lot_TitleNo) VALUES ('INS-2026-010', 'DOSH/LBN/2024/094', 'LOT-010', 'TL-LBN-26-810');

INSERT INTO InvestmentCommittee_Screening (Committee_ID, Committee_TermSessionCode, Screening_MeetingID, Screening_MOM_ID) VALUES ('COM000000000001', 'TERM-2026-S1', 'MEET-2026-001', 'MOM-26-08-01');
INSERT INTO InvestmentCommittee_Screening (Committee_ID, Committee_TermSessionCode, Screening_MeetingID, Screening_MOM_ID) VALUES ('COM000000000002', 'TERM-2026-S1', 'MEET-2026-002', 'MOM-26-08-02');
INSERT INTO InvestmentCommittee_Screening (Committee_ID, Committee_TermSessionCode, Screening_MeetingID, Screening_MOM_ID) VALUES ('COM000000000003', 'TERM-2026-S1', 'MEET-2026-003', 'MOM-26-08-03');
INSERT INTO InvestmentCommittee_Screening (Committee_ID, Committee_TermSessionCode, Screening_MeetingID, Screening_MOM_ID) VALUES ('COM000000000004', 'TERM-2026-S1', 'MEET-2026-004', 'MOM-26-08-04');
INSERT INTO InvestmentCommittee_Screening (Committee_ID, Committee_TermSessionCode, Screening_MeetingID, Screening_MOM_ID) VALUES ('COM000000000005', 'TERM-2026-S1', 'MEET-2026-005', 'MOM-26-08-05');
INSERT INTO InvestmentCommittee_Screening (Committee_ID, Committee_TermSessionCode, Screening_MeetingID, Screening_MOM_ID) VALUES ('COM000000000006', 'TERM-2026-S2', 'MEET-2026-006', 'MOM-26-08-06');
INSERT INTO InvestmentCommittee_Screening (Committee_ID, Committee_TermSessionCode, Screening_MeetingID, Screening_MOM_ID) VALUES ('COM000000000007', 'TERM-2026-S1', 'MEET-2026-007', 'MOM-26-08-07');
INSERT INTO InvestmentCommittee_Screening (Committee_ID, Committee_TermSessionCode, Screening_MeetingID, Screening_MOM_ID) VALUES ('COM000000000008', 'TERM-2026-S1', 'MEET-2026-008', 'MOM-26-08-08');
INSERT INTO InvestmentCommittee_Screening (Committee_ID, Committee_TermSessionCode, Screening_MeetingID, Screening_MOM_ID) VALUES ('COM000000000009', 'TERM-2026-S1', 'MEET-2026-009', 'MOM-26-08-09');
INSERT INTO InvestmentCommittee_Screening (Committee_ID, Committee_TermSessionCode, Screening_MeetingID, Screening_MOM_ID) VALUES ('COM000000000010', 'TERM-2026-S1', 'MEET-2026-010', 'MOM-26-08-10');

INSERT INTO InvestmentCommittee_Approval (Committee_ID, Committee_TermSessionCode, Approval_ID, Approval_LetterID) VALUES ('COM000000000001', 'TERM-2026-S1', 'APV-2026-9001', 'LC/INV/APP-2026-001');
INSERT INTO InvestmentCommittee_Approval (Committee_ID, Committee_TermSessionCode, Approval_ID, Approval_LetterID) VALUES ('COM000000000002', 'TERM-2026-S1', 'APV-2026-9002', 'LC/INV/APP-2026-002');
INSERT INTO InvestmentCommittee_Approval (Committee_ID, Committee_TermSessionCode, Approval_ID, Approval_LetterID) VALUES ('COM000000000003', 'TERM-2026-S1', 'APV-2026-9003', 'LC/INV/APP-2026-003');
INSERT INTO InvestmentCommittee_Approval (Committee_ID, Committee_TermSessionCode, Approval_ID, Approval_LetterID) VALUES ('COM000000000004', 'TERM-2026-S1', 'APV-2026-9004', 'LC/INV/APP-2026-004');
INSERT INTO InvestmentCommittee_Approval (Committee_ID, Committee_TermSessionCode, Approval_ID, Approval_LetterID) VALUES ('COM000000000005', 'TERM-2026-S1', 'APV-2026-9005', 'LC/INV/APP-2026-005');
INSERT INTO InvestmentCommittee_Approval (Committee_ID, Committee_TermSessionCode, Approval_ID, Approval_LetterID) VALUES ('COM000000000006', 'TERM-2026-S2', 'APV-2026-9006', 'LC/INV/APP-2026-006');
INSERT INTO InvestmentCommittee_Approval (Committee_ID, Committee_TermSessionCode, Approval_ID, Approval_LetterID) VALUES ('COM000000000007', 'TERM-2026-S1', 'APV-2026-9007', 'LC/INV/APP-2026-007');
INSERT INTO InvestmentCommittee_Approval (Committee_ID, Committee_TermSessionCode, Approval_ID, Approval_LetterID) VALUES ('COM000000000008', 'TERM-2026-S1', 'APV-2026-9008', 'LC/INV/APP-2026-008');
INSERT INTO InvestmentCommittee_Approval (Committee_ID, Committee_TermSessionCode, Approval_ID, Approval_LetterID) VALUES ('COM000000000009', 'TERM-2026-S1', 'APV-2026-9009', 'LC/INV/APP-2026-009');
INSERT INTO InvestmentCommittee_Approval (Committee_ID, Committee_TermSessionCode, Approval_ID, Approval_LetterID) VALUES ('COM000000000010', 'TERM-2026-S1', 'APV-2026-9010', 'LC/INV/APP-2026-010');

INSERT INTO InvestmentCommittee_Proposal (Committee_ID, Committee_TermSessionCode, Proposal_ID, Component_ID) VALUES ('COM000000000001', 'TERM-2026-S1', 'PRP-ECO-001', 'ECO000000000001');
INSERT INTO InvestmentCommittee_Proposal (Committee_ID, Committee_TermSessionCode, Proposal_ID, Component_ID) VALUES ('COM000000000002', 'TERM-2026-S1', 'PRP-ECO-002', 'ECO000000000002');
INSERT INTO InvestmentCommittee_Proposal (Committee_ID, Committee_TermSessionCode, Proposal_ID, Component_ID) VALUES ('COM000000000003', 'TERM-2026-S1', 'PRP-ECO-003', 'ECO000000000003');
INSERT INTO InvestmentCommittee_Proposal (Committee_ID, Committee_TermSessionCode, Proposal_ID, Component_ID) VALUES ('COM000000000004', 'TERM-2026-S1', 'PRP-ECO-004', 'ECO000000000004');
INSERT INTO InvestmentCommittee_Proposal (Committee_ID, Committee_TermSessionCode, Proposal_ID, Component_ID) VALUES ('COM000000000005', 'TERM-2026-S1', 'PRP-ECO-005', 'ECO000000000005');
INSERT INTO InvestmentCommittee_Proposal (Committee_ID, Committee_TermSessionCode, Proposal_ID, Component_ID) VALUES ('COM000000000006', 'TERM-2026-S2', 'PRP-ECO-006', 'ECO000000000006');
INSERT INTO InvestmentCommittee_Proposal (Committee_ID, Committee_TermSessionCode, Proposal_ID, Component_ID) VALUES ('COM000000000007', 'TERM-2026-S1', 'PRP-ECO-007', 'ECO000000000007');
INSERT INTO InvestmentCommittee_Proposal (Committee_ID, Committee_TermSessionCode, Proposal_ID, Component_ID) VALUES ('COM000000000008', 'TERM-2026-S1', 'PRP-ECO-008', 'ECO000000000008');
INSERT INTO InvestmentCommittee_Proposal (Committee_ID, Committee_TermSessionCode, Proposal_ID, Component_ID) VALUES ('COM000000000009', 'TERM-2026-S1', 'PRP-ECO-009', 'ECO000000000009');
INSERT INTO InvestmentCommittee_Proposal (Committee_ID, Committee_TermSessionCode, Proposal_ID, Component_ID) VALUES ('COM000000000010', 'TERM-2026-S1', 'PRP-ECO-010', 'ECO000000000010');

INSERT INTO InvestmentCommittee_Terminate (Committee_ID, Committee_TermSessionCode, Termination_ID, Termination_Date) VALUES ('COM000000000001', 'TERM-2026-S1', 'TERM-2026-101', TO_DATE('2026-10-01', 'YYYY-MM-DD'));
INSERT INTO InvestmentCommittee_Terminate (Committee_ID, Committee_TermSessionCode, Termination_ID, Termination_Date) VALUES ('COM000000000002', 'TERM-2026-S1', 'TERM-2026-102', TO_DATE('2026-10-05', 'YYYY-MM-DD'));
INSERT INTO InvestmentCommittee_Terminate (Committee_ID, Committee_TermSessionCode, Termination_ID, Termination_Date) VALUES ('COM000000000003', 'TERM-2026-S1', 'TERM-2026-103', TO_DATE('2026-10-12', 'YYYY-MM-DD'));
INSERT INTO InvestmentCommittee_Terminate (Committee_ID, Committee_TermSessionCode, Termination_ID, Termination_Date) VALUES ('COM000000000004', 'TERM-2026-S1', 'TERM-2026-104', TO_DATE('2026-10-15', 'YYYY-MM-DD'));
INSERT INTO InvestmentCommittee_Terminate (Committee_ID, Committee_TermSessionCode, Termination_ID, Termination_Date) VALUES ('COM000000000005', 'TERM-2026-S1', 'TERM-2026-105', TO_DATE('2026-10-20', 'YYYY-MM-DD'));
INSERT INTO InvestmentCommittee_Terminate (Committee_ID, Committee_TermSessionCode, Termination_ID, Termination_Date) VALUES ('COM000000000006', 'TERM-2026-S2', 'TERM-2026-106', TO_DATE('2026-10-22', 'YYYY-MM-DD'));
INSERT INTO InvestmentCommittee_Terminate (Committee_ID, Committee_TermSessionCode, Termination_ID, Termination_Date) VALUES ('COM000000000007', 'TERM-2026-S1', 'TERM-2026-107', TO_DATE('2026-10-25', 'YYYY-MM-DD'));
INSERT INTO InvestmentCommittee_Terminate (Committee_ID, Committee_TermSessionCode, Termination_ID, Termination_Date) VALUES ('COM000000000008', 'TERM-2026-S1', 'TERM-2026-108', TO_DATE('2026-11-02', 'YYYY-MM-DD'));
INSERT INTO InvestmentCommittee_Terminate (Committee_ID, Committee_TermSessionCode, Termination_ID, Termination_Date) VALUES ('COM000000000009', 'TERM-2026-S1', 'TERM-2026-109', TO_DATE('2026-11-05', 'YYYY-MM-DD'));
INSERT INTO InvestmentCommittee_Terminate(Committee_ID, Committee_TermSessionCode, Termination_ID, Termination_Date) VALUES ('COM000000000010', 'TERM-2026-S1', 'TERM-2026-110', TO_DATE('2026-11-10', 'YYYY-MM-DD'));

INSERT INTO Representative_Agreement (Rep_ID, Board_Resolution_Ref, Agreement_ID, Agreement_StampDutyID) VALUES ('REP-001', 'RES-LBN-2026-101', 'AGR-2026-001', 'SD-2026-8801');
INSERT INTO Representative_Agreement (Rep_ID, Board_Resolution_Ref, Agreement_ID, Agreement_StampDutyID) VALUES ('REP-002', 'RES-LBN-2026-102', 'AGR-2026-002', 'SD-2026-8802');
INSERT INTO Representative_Agreement (Rep_ID, Board_Resolution_Ref, Agreement_ID, Agreement_StampDutyID) VALUES ('REP-003', 'RES-LBN-2026-103', 'AGR-2026-003', 'SD-2026-8803');
INSERT INTO Representative_Agreement (Rep_ID, Board_Resolution_Ref, Agreement_ID, Agreement_StampDutyID) VALUES ('REP-004', 'RES-LBN-2026-104', 'AGR-2026-004', 'SD-2026-8804');
INSERT INTO Representative_Agreement (Rep_ID, Board_Resolution_Ref, Agreement_ID, Agreement_StampDutyID) VALUES ('REP-005', 'RES-LBN-2026-105', 'AGR-2026-005', 'SD-2026-8805');
INSERT INTO Representative_Agreement (Rep_ID, Board_Resolution_Ref, Agreement_ID, Agreement_StampDutyID) VALUES ('REP-006', 'RES-LBN-2026-106', 'AGR-2026-006', 'SD-2026-8806');
INSERT INTO Representative_Agreement (Rep_ID, Board_Resolution_Ref, Agreement_ID, Agreement_StampDutyID) VALUES ('REP-007', 'RES-LBN-2026-107', 'AGR-2026-007', 'SD-2026-8807');
INSERT INTO Representative_Agreement (Rep_ID, Board_Resolution_Ref, Agreement_ID, Agreement_StampDutyID) VALUES ('REP-008', 'RES-LBN-2026-108', 'AGR-2026-008', 'SD-2026-8808');
INSERT INTO Representative_Agreement (Rep_ID, Board_Resolution_Ref, Agreement_ID, Agreement_StampDutyID) VALUES ('REP-009', 'RES-LBN-2026-109', 'AGR-2026-009', 'SD-2026-8809');
INSERT INTO Representative_Agreement (Rep_ID, Board_Resolution_Ref, Agreement_ID, Agreement_StampDutyID) VALUES ('REP-010', 'RES-LBN-2026-110', 'AGR-2026-010', 'SD-2026-8810');

INSERT INTO Representative_Employee (Rep_ID, Board_Resolution_Ref, Employee_ID, Employee_Contract_No) VALUES ('REP-001', 'RES-LBN-2026-101', 'EMP001', 'LBN-2021-001A');
INSERT INTO Representative_Employee (Rep_ID, Board_Resolution_Ref, Employee_ID, Employee_Contract_No) VALUES ('REP-002', 'RES-LBN-2026-102', 'EMP002', 'LBN-2021-002A');
INSERT INTO Representative_Employee (Rep_ID, Board_Resolution_Ref, Employee_ID, Employee_Contract_No) VALUES ('REP-003', 'RES-LBN-2026-103', 'EMP003', 'LBN-2022-014B');
INSERT INTO Representative_Employee (Rep_ID, Board_Resolution_Ref, Employee_ID, Employee_Contract_No) VALUES ('REP-004', 'RES-LBN-2026-104', 'EMP004', 'LBN-2022-019A');
INSERT INTO Representative_Employee (Rep_ID, Board_Resolution_Ref, Employee_ID, Employee_Contract_No) VALUES ('REP-005', 'RES-LBN-2026-105', 'EMP005', 'LBN-2023-005A');
INSERT INTO Representative_Employee (Rep_ID, Board_Resolution_Ref, Employee_ID, Employee_Contract_No) VALUES ('REP-006', 'RES-LBN-2026-106', 'EMP006', 'LBN-2023-011A');
INSERT INTO Representative_Employee (Rep_ID, Board_Resolution_Ref, Employee_ID, Employee_Contract_No) VALUES ('REP-007', 'RES-LBN-2026-107', 'EMP007', 'LBN-2023-044B');
INSERT INTO Representative_Employee (Rep_ID, Board_Resolution_Ref, Employee_ID, Employee_Contract_No) VALUES ('REP-008', 'RES-LBN-2026-108', 'EMP008', 'LBN-2024-002A');
INSERT INTO Representative_Employee (Rep_ID, Board_Resolution_Ref, Employee_ID, Employee_Contract_No) VALUES ('REP-009', 'RES-LBN-2026-109', 'EMP009', 'LBN-2024-015B');
INSERT INTO Representative_Employee (Rep_ID, Board_Resolution_Ref, Employee_ID, Employee_Contract_No) VALUES ('REP-010', 'RES-LBN-2026-110', 'EMP010', 'LBN-2024-033A');

INSERT INTO Advertisement_JobDescription (Advertisement_ID, Advertisement_StartDate, Job_ID, Job_PublishDate) VALUES ('ADV-1001', TO_DATE('2026-07-01', 'YYYY-MM-DD'), 'JOB-2026-001', TO_DATE('2026-05-01', 'YYYY-MM-DD'));
INSERT INTO Advertisement_JobDescription (Advertisement_ID, Advertisement_StartDate, Job_ID, Job_PublishDate) VALUES ('ADV-1002', TO_DATE('2026-08-01', 'YYYY-MM-DD'), 'JOB-2026-002', TO_DATE('2026-05-05', 'YYYY-MM-DD'));
INSERT INTO Advertisement_JobDescription (Advertisement_ID, Advertisement_StartDate, Job_ID, Job_PublishDate) VALUES ('ADV-1003', TO_DATE('2026-07-15', 'YYYY-MM-DD'), 'JOB-2026-003', TO_DATE('2026-05-10', 'YYYY-MM-DD'));
INSERT INTO Advertisement_JobDescription (Advertisement_ID, Advertisement_StartDate, Job_ID, Job_PublishDate) VALUES ('ADV-1004', TO_DATE('2026-06-20', 'YYYY-MM-DD'), 'JOB-2026-004', TO_DATE('2026-05-12', 'YYYY-MM-DD'));
INSERT INTO Advertisement_JobDescription (Advertisement_ID, Advertisement_StartDate, Job_ID, Job_PublishDate) VALUES ('ADV-1005', TO_DATE('2026-09-01', 'YYYY-MM-DD'), 'JOB-2026-005', TO_DATE('2026-05-15', 'YYYY-MM-DD'));
INSERT INTO Advertisement_JobDescription (Advertisement_ID, Advertisement_StartDate, Job_ID, Job_PublishDate) VALUES ('ADV-1006', TO_DATE('2026-07-10', 'YYYY-MM-DD'), 'JOB-2026-006', TO_DATE('2026-05-18', 'YYYY-MM-DD'));
INSERT INTO Advertisement_JobDescription (Advertisement_ID, Advertisement_StartDate, Job_ID, Job_PublishDate) VALUES ('ADV-1007', TO_DATE('2026-08-15', 'YYYY-MM-DD'), 'JOB-2026-007', TO_DATE('2026-05-20', 'YYYY-MM-DD'));
INSERT INTO Advertisement_JobDescription (Advertisement_ID, Advertisement_StartDate, Job_ID, Job_PublishDate) VALUES ('ADV-1008', TO_DATE('2026-10-01', 'YYYY-MM-DD'), 'JOB-2026-008', TO_DATE('2026-05-22', 'YYYY-MM-DD'));
INSERT INTO Advertisement_JobDescription (Advertisement_ID, Advertisement_StartDate, Job_ID, Job_PublishDate) VALUES ('ADV-1009', TO_DATE('2026-06-25', 'YYYY-MM-DD'), 'JOB-2026-009', TO_DATE('2026-05-25', 'YYYY-MM-DD'));
INSERT INTO Advertisement_JobDescription (Advertisement_ID, Advertisement_StartDate, Job_ID, Job_PublishDate) VALUES ('ADV-1010', TO_DATE('2026-07-05', 'YYYY-MM-DD'), 'JOB-2026-010', TO_DATE('2026-05-28', 'YYYY-MM-DD'));

INSERT INTO Lot_Approval (Lot_ID, Lot_TitleNo, Approval_ID, Approval_LetterID) VALUES ('LOT-001', 'TL-LBN-26-801', 'APV-2026-9001', 'LC/INV/APP-2026-001');
INSERT INTO Lot_Approval (Lot_ID, Lot_TitleNo, Approval_ID, Approval_LetterID) VALUES ('LOT-002', 'TL-LBN-26-802', 'APV-2026-9002', 'LC/INV/APP-2026-002');
INSERT INTO Lot_Approval (Lot_ID, Lot_TitleNo, Approval_ID, Approval_LetterID) VALUES ('LOT-003', 'TL-LBN-26-803', 'APV-2026-9003', 'LC/INV/APP-2026-003');
INSERT INTO Lot_Approval (Lot_ID, Lot_TitleNo, Approval_ID, Approval_LetterID) VALUES ('LOT-004', 'TL-LBN-26-804', 'APV-2026-9004', 'LC/INV/APP-2026-004');
INSERT INTO Lot_Approval (Lot_ID, Lot_TitleNo, Approval_ID, Approval_LetterID) VALUES ('LOT-005', 'TL-LBN-26-805', 'APV-2026-9005', 'LC/INV/APP-2026-005');
INSERT INTO Lot_Approval (Lot_ID, Lot_TitleNo, Approval_ID, Approval_LetterID) VALUES ('LOT-006', 'TL-LBN-26-806', 'APV-2026-9006', 'LC/INV/APP-2026-006');
INSERT INTO Lot_Approval (Lot_ID, Lot_TitleNo, Approval_ID, Approval_LetterID) VALUES ('LOT-007', 'TL-LBN-26-807', 'APV-2026-9007', 'LC/INV/APP-2026-007');
INSERT INTO Lot_Approval (Lot_ID, Lot_TitleNo, Approval_ID, Approval_LetterID) VALUES ('LOT-008', 'TL-LBN-26-808', 'APV-2026-9008', 'LC/INV/APP-2026-008');
INSERT INTO Lot_Approval (Lot_ID, Lot_TitleNo, Approval_ID, Approval_LetterID) VALUES ('LOT-009', 'TL-LBN-26-809', 'APV-2026-9009', 'LC/INV/APP-2026-009');
INSERT INTO Lot_Approval (Lot_ID, Lot_TitleNo, Approval_ID, Approval_LetterID) VALUES ('LOT-010', 'TL-LBN-26-810', 'APV-2026-9010', 'LC/INV/APP-2026-010');

INSERT INTO Land_Approval (Land_ID, Land_Master_Survey_Plan_No, Approval_ID, Approval_LetterID) VALUES ('LND-001', 'MSP-LBN-2026-001', 'APV-2026-9001', 'LC/INV/APP-2026-001');
INSERT INTO Land_Approval (Land_ID, Land_Master_Survey_Plan_No, Approval_ID, Approval_LetterID) VALUES ('LND-002', 'MSP-LBN-2026-005', 'APV-2026-9002', 'LC/INV/APP-2026-002');
INSERT INTO Land_Approval (Land_ID, Land_Master_Survey_Plan_No, Approval_ID, Approval_LetterID) VALUES ('LND-003', 'MSP-LBN-2026-012', 'APV-2026-9003', 'LC/INV/APP-2026-003');
INSERT INTO Land_Approval (Land_ID, Land_Master_Survey_Plan_No, Approval_ID, Approval_LetterID) VALUES ('LND-004', 'MSP-LBN-2026-018', 'APV-2026-9004', 'LC/INV/APP-2026-004');
INSERT INTO Land_Approval (Land_ID, Land_Master_Survey_Plan_No, Approval_ID, Approval_LetterID) VALUES ('LND-005', 'MSP-LBN-2026-022', 'APV-2026-9005', 'LC/INV/APP-2026-005');
INSERT INTO Land_Approval (Land_ID, Land_Master_Survey_Plan_No, Approval_ID, Approval_LetterID) VALUES ('LND-006', 'MSP-LBN-2026-030', 'APV-2026-9006', 'LC/INV/APP-2026-006');
INSERT INTO Land_Approval (Land_ID, Land_Master_Survey_Plan_No, Approval_ID, Approval_LetterID) VALUES ('LND-007', 'MSP-LBN-2026-035', 'APV-2026-9007', 'LC/INV/APP-2026-007');
INSERT INTO Land_Approval (Land_ID, Land_Master_Survey_Plan_No, Approval_ID, Approval_LetterID) VALUES ('LND-008', 'MSP-LBN-2026-042', 'APV-2026-9008', 'LC/INV/APP-2026-008');
INSERT INTO Land_Approval (Land_ID, Land_Master_Survey_Plan_No, Approval_ID, Approval_LetterID) VALUES ('LND-009', 'MSP-LBN-2026-050', 'APV-2026-9009', 'LC/INV/APP-2026-009');
INSERT INTO Land_Approval (Land_ID, Land_Master_Survey_Plan_No, Approval_ID, Approval_LetterID) VALUES ('LND-010', 'MSP-LBN-2026-061', 'APV-2026-9010', 'LC/INV/APP-2026-010');

INSERT INTO Impact_QualityRecord (Assessment_ID, Impact_Assessment_Date, Inspection_ID, Inspection_Date) VALUES ('ECO000000000001', TO_DATE('2026-03-15', 'YYYY-MM-DD'), 'INSP-2026-001', TO_DATE('2026-07-01', 'YYYY-MM-DD'));
INSERT INTO Impact_QualityRecord (Assessment_ID, Impact_Assessment_Date, Inspection_ID, Inspection_Date) VALUES ('ECO000000000002', TO_DATE('2026-03-18', 'YYYY-MM-DD'), 'INSP-2026-002', TO_DATE('2026-07-05', 'YYYY-MM-DD'));
INSERT INTO Impact_QualityRecord (Assessment_ID, Impact_Assessment_Date, Inspection_ID, Inspection_Date) VALUES ('ECO000000000003', TO_DATE('2026-04-02', 'YYYY-MM-DD'), 'INSP-2026-003', TO_DATE('2026-07-12', 'YYYY-MM-DD'));
INSERT INTO Impact_QualityRecord (Assessment_ID, Impact_Assessment_Date, Inspection_ID, Inspection_Date) VALUES ('ECO000000000004', TO_DATE('2026-04-10', 'YYYY-MM-DD'), 'INSP-2026-004', TO_DATE('2026-07-15', 'YYYY-MM-DD'));
INSERT INTO Impact_QualityRecord (Assessment_ID, Impact_Assessment_Date, Inspection_ID, Inspection_Date) VALUES ('ECO000000000005', TO_DATE('2026-04-15', 'YYYY-MM-DD'), 'INSP-2026-005', TO_DATE('2026-07-22', 'YYYY-MM-DD'));
INSERT INTO Impact_QualityRecord (Assessment_ID, Impact_Assessment_Date, Inspection_ID, Inspection_Date) VALUES ('ECO000000000006', TO_DATE('2026-04-22', 'YYYY-MM-DD'), 'INSP-2026-006', TO_DATE('2026-08-05', 'YYYY-MM-DD'));
INSERT INTO Impact_QualityRecord (Assessment_ID, Impact_Assessment_Date, Inspection_ID, Inspection_Date) VALUES ('ECO000000000007', TO_DATE('2026-05-02', 'YYYY-MM-DD'), 'INSP-2026-007', TO_DATE('2026-08-10', 'YYYY-MM-DD'));
INSERT INTO Impact_QualityRecord (Assessment_ID, Impact_Assessment_Date, Inspection_ID, Inspection_Date) VALUES ('ECO000000000008', TO_DATE('2026-05-05', 'YYYY-MM-DD'), 'INSP-2026-008', TO_DATE('2026-08-18', 'YYYY-MM-DD'));
INSERT INTO Impact_QualityRecord (Assessment_ID, Impact_Assessment_Date, Inspection_ID, Inspection_Date) VALUES ('ECO000000000009', TO_DATE('2026-05-12', 'YYYY-MM-DD'), 'INSP-2026-009', TO_DATE('2026-08-25', 'YYYY-MM-DD'));
INSERT INTO Impact_QualityRecord (Assessment_ID, Impact_Assessment_Date, Inspection_ID, Inspection_Date) VALUES ('ECO000000000010', TO_DATE('2026-05-20', 'YYYY-MM-DD'), 'INSP-2026-010', TO_DATE('2026-09-02', 'YYYY-MM-DD'));

INSERT INTO Company_Agreement (Company_ID, Company_SSM_No, Agreement_ID, Agreement_StampDutyID) VALUES ('C00000000000021', 'LLP0098112-LBN', 'AGR-2026-001', 'SD-2026-8801');
INSERT INTO Company_Agreement (Company_ID, Company_SSM_No, Agreement_ID, Agreement_StampDutyID) VALUES ('C00000000000022', '201501099812', 'AGR-2026-002', 'SD-2026-8802');
INSERT INTO Company_Agreement (Company_ID, Company_SSM_No, Agreement_ID, Agreement_StampDutyID) VALUES ('C00000000000023', '202101034512', 'AGR-2026-003', 'SD-2026-8803');
INSERT INTO Company_Agreement (Company_ID, Company_SSM_No, Agreement_ID, Agreement_StampDutyID) VALUES ('C00000000000024', 'LLP0044551-LBN', 'AGR-2026-004', 'SD-2026-8804');
INSERT INTO Company_Agreement (Company_ID, Company_SSM_No, Agreement_ID, Agreement_StampDutyID) VALUES ('C00000000000025', '201001022314', 'AGR-2026-005', 'SD-2026-8805');
INSERT INTO Company_Agreement (Company_ID, Company_SSM_No, Agreement_ID, Agreement_StampDutyID) VALUES ('C00000000000026', '202303991245', 'AGR-2026-006', 'SD-2026-8806');
INSERT INTO Company_Agreement (Company_ID, Company_SSM_No, Agreement_ID, Agreement_StampDutyID) VALUES ('C00000000000027', '201801088712', 'AGR-2026-007', 'SD-2026-8807');
INSERT INTO Company_Agreement (Company_ID, Company_SSM_No, Agreement_ID, Agreement_StampDutyID) VALUES ('C00000000000028', '201901044231', 'AGR-2026-008', 'SD-2026-8808');
INSERT INTO Company_Agreement (Company_ID, Company_SSM_No, Agreement_ID, Agreement_StampDutyID) VALUES ('C00000000000029', 'LLP0033118-LBN', 'AGR-2026-009', 'SD-2026-8809');
INSERT INTO Company_Agreement (Company_ID, Company_SSM_No, Agreement_ID, Agreement_StampDutyID) VALUES ('C00000000000030', '202201044556', 'AGR-2026-010', 'SD-2026-8810');

INSERT INTO Land_Advertisement (Land_ID, Land_Master_Survey_Plan_No, Advertisement_ID, Advertisement_StartDate) VALUES ('LND-001', 'MSP-LBN-2026-001', 'ADV-1001', TO_DATE('2026-07-01', 'YYYY-MM-DD'));
INSERT INTO Land_Advertisement (Land_ID, Land_Master_Survey_Plan_No, Advertisement_ID, Advertisement_StartDate) VALUES ('LND-002', 'MSP-LBN-2026-005', 'ADV-1002', TO_DATE('2026-08-01', 'YYYY-MM-DD'));
INSERT INTO Land_Advertisement (Land_ID, Land_Master_Survey_Plan_No, Advertisement_ID, Advertisement_StartDate) VALUES ('LND-003', 'MSP-LBN-2026-012', 'ADV-1003', TO_DATE('2026-07-15', 'YYYY-MM-DD'));
INSERT INTO Land_Advertisement (Land_ID, Land_Master_Survey_Plan_No, Advertisement_ID, Advertisement_StartDate) VALUES ('LND-004', 'MSP-LBN-2026-018', 'ADV-1004', TO_DATE('2026-06-20', 'YYYY-MM-DD'));
INSERT INTO Land_Advertisement (Land_ID, Land_Master_Survey_Plan_No, Advertisement_ID, Advertisement_StartDate) VALUES ('LND-005', 'MSP-LBN-2026-022', 'ADV-1005', TO_DATE('2026-09-01', 'YYYY-MM-DD'));
INSERT INTO Land_Advertisement (Land_ID, Land_Master_Survey_Plan_No, Advertisement_ID, Advertisement_StartDate) VALUES ('LND-006', 'MSP-LBN-2026-030', 'ADV-1006', TO_DATE('2026-07-10', 'YYYY-MM-DD'));
INSERT INTO Land_Advertisement (Land_ID, Land_Master_Survey_Plan_No, Advertisement_ID, Advertisement_StartDate) VALUES ('LND-007', 'MSP-LBN-2026-035', 'ADV-1007', TO_DATE('2026-08-15', 'YYYY-MM-DD'));
INSERT INTO Land_Advertisement (Land_ID, Land_Master_Survey_Plan_No, Advertisement_ID, Advertisement_StartDate) VALUES ('LND-008', 'MSP-LBN-2026-042', 'ADV-1008', TO_DATE('2026-10-01', 'YYYY-MM-DD'));
INSERT INTO Land_Advertisement (Land_ID, Land_Master_Survey_Plan_No, Advertisement_ID, Advertisement_StartDate) VALUES ('LND-009', 'MSP-LBN-2026-050', 'ADV-1009', TO_DATE('2026-06-25', 'YYYY-MM-DD'));
INSERT INTO Land_Advertisement (Land_ID, Land_Master_Survey_Plan_No, Advertisement_ID, Advertisement_StartDate) VALUES ('LND-010', 'MSP-LBN-2026-061', 'ADV-1010', TO_DATE('2026-07-05', 'YYYY-MM-DD'));

INSERT INTO Lot_Advertisement (Lot_ID, Lot_TitleNo, Advertisement_ID, Advertisement_StartDate) VALUES ('LOT-001', 'TL-LBN-26-801', 'ADV-1001', TO_DATE('2026-07-01', 'YYYY-MM-DD'));
INSERT INTO Lot_Advertisement (Lot_ID, Lot_TitleNo, Advertisement_ID, Advertisement_StartDate) VALUES ('LOT-002', 'TL-LBN-26-802', 'ADV-1002', TO_DATE('2026-08-01', 'YYYY-MM-DD'));
INSERT INTO Lot_Advertisement (Lot_ID, Lot_TitleNo, Advertisement_ID, Advertisement_StartDate) VALUES ('LOT-003', 'TL-LBN-26-803', 'ADV-1003', TO_DATE('2026-07-15', 'YYYY-MM-DD'));
INSERT INTO Lot_Advertisement (Lot_ID, Lot_TitleNo, Advertisement_ID, Advertisement_StartDate) VALUES ('LOT-004', 'TL-LBN-26-804', 'ADV-1004', TO_DATE('2026-06-20', 'YYYY-MM-DD'));
INSERT INTO Lot_Advertisement (Lot_ID, Lot_TitleNo, Advertisement_ID, Advertisement_StartDate) VALUES ('LOT-005', 'TL-LBN-26-805', 'ADV-1005', TO_DATE('2026-09-01', 'YYYY-MM-DD'));
INSERT INTO Lot_Advertisement (Lot_ID, Lot_TitleNo, Advertisement_ID, Advertisement_StartDate) VALUES ('LOT-006', 'TL-LBN-26-806', 'ADV-1006', TO_DATE('2026-07-10', 'YYYY-MM-DD'));
INSERT INTO Lot_Advertisement (Lot_ID, Lot_TitleNo, Advertisement_ID, Advertisement_StartDate) VALUES ('LOT-007', 'TL-LBN-26-807', 'ADV-1007', TO_DATE('2026-08-15', 'YYYY-MM-DD'));
INSERT INTO Lot_Advertisement (Lot_ID, Lot_TitleNo, Advertisement_ID, Advertisement_StartDate) VALUES ('LOT-008', 'TL-LBN-26-808', 'ADV-1008', TO_DATE('2026-10-01', 'YYYY-MM-DD'));
INSERT INTO Lot_Advertisement (Lot_ID, Lot_TitleNo, Advertisement_ID, Advertisement_StartDate) VALUES ('LOT-009', 'TL-LBN-26-809', 'ADV-1009', TO_DATE('2026-06-25', 'YYYY-MM-DD'));
INSERT INTO Lot_Advertisement (Lot_ID, Lot_TitleNo, Advertisement_ID, Advertisement_StartDate) VALUES ('LOT-010', 'TL-LBN-26-810', 'ADV-1010', TO_DATE('2026-07-05', 'YYYY-MM-DD'));

INSERT INTO Inspector_Infrastructure (Inspector_ID, DOSH_Registration_No, IS_ID, IS_SiteNo) VALUES ('INS-2026-001', 'DOSH/LBN/2021/089', 'INF000000000001', 'SITE-LBN-001');
INSERT INTO Inspector_Infrastructure (Inspector_ID, DOSH_Registration_No, IS_ID, IS_SiteNo) VALUES ('INS-2026-002', 'DOSH/SBH/2023/142', 'INF000000000002', 'SITE-LBN-002');
INSERT INTO Inspector_Infrastructure (Inspector_ID, DOSH_Registration_No, IS_ID, IS_SiteNo) VALUES ('INS-2026-003', 'DOSH/LBN/2020/011', 'INF000000000003', 'SITE-SAB-011');
INSERT INTO Inspector_Infrastructure (Inspector_ID, DOSH_Registration_No, IS_ID, IS_SiteNo) VALUES ('INS-2026-004', 'DOSH/SBH/2024/301', 'INF000000000004', 'SITE-LBN-004');
INSERT INTO Inspector_Infrastructure (Inspector_ID, DOSH_Registration_No, IS_ID, IS_SiteNo) VALUES ('INS-2026-005', 'DOSH/LBN/2022/224', 'INF000000000005', 'SITE-SAB-015');
INSERT INTO Inspector_Infrastructure (Inspector_ID, DOSH_Registration_No, IS_ID, IS_SiteNo) VALUES ('INS-2026-006', 'DOSH/LBN/2025/005', 'INF000000000006', 'SITE-LBN-006');
INSERT INTO Inspector_Infrastructure (Inspector_ID, DOSH_Registration_No, IS_ID, IS_SiteNo) VALUES ('INS-2026-007', 'DOSH/SBH/2019/512', 'INF000000000007', 'SITE-LBN-007');
INSERT INTO Inspector_Infrastructure (Inspector_ID, DOSH_Registration_No, IS_ID, IS_SiteNo) VALUES ('INS-2026-008', 'DOSH/LBN/2023/055', 'INF000000000008', 'SITE-SAB-022');
INSERT INTO Inspector_Infrastructure (Inspector_ID, DOSH_Registration_No, IS_ID, IS_SiteNo) VALUES ('INS-2026-009', 'DOSH/SBH/2021/119', 'INF000000000009', 'SITE-LBN-009');
INSERT INTO Inspector_Infrastructure (Inspector_ID, DOSH_Registration_No, IS_ID, IS_SiteNo) VALUES ('INS-2026-010', 'DOSH/LBN/2024/094', 'INF000000000010', 'SITE-SAB-030');

INSERT INTO Company_Relation VALUES ('C00000000000021', 'LLP0098112-LBN', 'C00000000000031', '201201033221');
INSERT INTO Company_Relation VALUES ('C00000000000022', '201501099812', 'C00000000000032', '201601077551');
INSERT INTO Company_Relation VALUES ('C00000000000023', '202101034512', 'C00000000000033', 'LLP0077882-LBN');
INSERT INTO Company_Relation VALUES ('C00000000000024', 'LLP0044551-LBN', 'C00000000000034', '202403112245');
INSERT INTO Company_Relation VALUES ('C00000000000025', '201001022314', 'C00000000000035', '201101044321');
INSERT INTO Company_Relation VALUES ('C00000000000026', '202303991245', 'C00000000000036', '202001044112');
INSERT INTO Company_Relation VALUES ('C00000000000027', '201801088712', 'C00000000000037', 'LLP0055119-LBN');
INSERT INTO Company_Relation VALUES ('C00000000000028', '201901044231', 'C00000000000038', '201701022441');
INSERT INTO Company_Relation VALUES ('C00000000000029', 'LLP0033118-LBN', 'C00000000000039', '201401033445');
INSERT INTO Company_Relation VALUES ('C00000000000030', '202201044556', 'C00000000000040', '202301055612');

INSERT INTO Employee_JobApplicant (Employee_ID, Employee_Contract_No, Applicant_ID, Applicant_Portal_Username) VALUES ('EMP001', 'LBN-2021-001A', 'APP-2026-001', 'azman_labuan90');
INSERT INTO Employee_JobApplicant (Employee_ID, Employee_Contract_No, Applicant_ID, Applicant_Portal_Username) VALUES ('EMP002', 'LBN-2021-002A', 'APP-2026-002', 'sarah_tan_prop');
INSERT INTO Employee_JobApplicant (Employee_ID, Employee_Contract_No, Applicant_ID, Applicant_Portal_Username) VALUES ('EMP003', 'LBN-2022-014B', 'APP-2026-003', 'devakumar_eco');
INSERT INTO Employee_JobApplicant (Employee_ID, Employee_Contract_No, Applicant_ID, Applicant_Portal_Username) VALUES ('EMP004', 'LBN-2022-019A', 'APP-2026-004', 'fatimah_lands');
INSERT INTO Employee_JobApplicant (Employee_ID, Employee_Contract_No, Applicant_ID, Applicant_Portal_Username) VALUES ('EMP005', 'LBN-2023-005A', 'APP-2026-005', 'john_doe_borneo');
INSERT INTO Employee_JobApplicant (Employee_ID, Employee_Contract_No, Applicant_ID, Applicant_Portal_Username) VALUES ('EMP006', 'LBN-2023-011A', 'APP-2026-006', 'elena_mp');
INSERT INTO Employee_JobApplicant (Employee_ID, Employee_Contract_No, Applicant_ID, Applicant_Portal_Username) VALUES ('EMP007', 'LBN-2023-044B', 'APP-2026-007', 'ling_const88');
INSERT INTO Employee_JobApplicant (Employee_ID, Employee_Contract_No, Applicant_ID, Applicant_Portal_Username) VALUES ('EMP008', 'LBN-2024-002A', 'APP-2026-008', 'amirul_agro26');
INSERT INTO Employee_JobApplicant (Employee_ID, Employee_Contract_No, Applicant_ID, Applicant_Portal_Username) VALUES ('EMP009', 'LBN-2024-015B', 'APP-2026-009', 'chong_v_capital');
INSERT INTO Employee_JobApplicant (Employee_ID, Employee_Contract_No, Applicant_ID, Applicant_Portal_Username) VALUES ('EMP010', 'LBN-2024-033A', 'APP-2026-010', 'nisha_s_legal');

INSERT INTO Inspector_ProjectTimeline (Inspector_ID, DOSH_Registration_No, Timeline_MilestoneID, Timeline_ID) VALUES ('INS-2026-001', 'DOSH/LBN/2021/089', 'MLS-001', 'TL-ECO-101');
INSERT INTO Inspector_ProjectTimeline (Inspector_ID, DOSH_Registration_No, Timeline_MilestoneID, Timeline_ID) VALUES ('INS-2026-002', 'DOSH/SBH/2023/142', 'MLS-002', 'TL-ECO-101');
INSERT INTO Inspector_ProjectTimeline (Inspector_ID, DOSH_Registration_No, Timeline_MilestoneID, Timeline_ID) VALUES ('INS-2026-003', 'DOSH/LBN/2020/011', 'MLS-003', 'TL-HYD-202');
INSERT INTO Inspector_ProjectTimeline (Inspector_ID, DOSH_Registration_No, Timeline_MilestoneID, Timeline_ID) VALUES ('INS-2026-004', 'DOSH/SBH/2024/301', 'MLS-004', 'TL-HYD-202');
INSERT INTO Inspector_ProjectTimeline (Inspector_ID, DOSH_Registration_No, Timeline_MilestoneID, Timeline_ID) VALUES ('INS-2026-005', 'DOSH/LBN/2022/224', 'MLS-005', 'TL-PRT-303');
INSERT INTO Inspector_ProjectTimeline (Inspector_ID, DOSH_Registration_No, Timeline_MilestoneID, Timeline_ID) VALUES ('INS-2026-006', 'DOSH/LBN/2025/005', 'MLS-006', 'TL-FIN-404');
INSERT INTO Inspector_ProjectTimeline (Inspector_ID, DOSH_Registration_No, Timeline_MilestoneID, Timeline_ID) VALUES ('INS-2026-007', 'DOSH/SBH/2019/512', 'MLS-007', 'TL-AGR-505');
INSERT INTO Inspector_ProjectTimeline (Inspector_ID, DOSH_Registration_No, Timeline_MilestoneID, Timeline_ID) VALUES ('INS-2026-008', 'DOSH/LBN/2023/055', 'MLS-008', 'TL-RTL-606');
INSERT INTO Inspector_ProjectTimeline (Inspector_ID, DOSH_Registration_No, Timeline_MilestoneID, Timeline_ID) VALUES ('INS-2026-009', 'DOSH/SBH/2021/119', 'MLS-009', 'TL-DAT-707');
INSERT INTO Inspector_ProjectTimeline (Inspector_ID, DOSH_Registration_No, Timeline_MilestoneID, Timeline_ID) VALUES ('INS-2026-010', 'DOSH/LBN/2024/094', 'MLS-010', 'TL-MAR-808');

INSERT INTO Inspector_Impact (Inspector_ID, DOSH_Registration_No, Assessment_ID, Impact_Assessment_Date) VALUES ('INS-2026-001', 'DOSH/LBN/2021/089', 'ECO000000000001', TO_DATE('2026-03-15', 'YYYY-MM-DD'));
INSERT INTO Inspector_Impact (Inspector_ID, DOSH_Registration_No, Assessment_ID, Impact_Assessment_Date) VALUES ('INS-2026-002', 'DOSH/SBH/2023/142', 'ECO000000000002', TO_DATE('2026-03-18', 'YYYY-MM-DD'));
INSERT INTO Inspector_Impact (Inspector_ID, DOSH_Registration_No, Assessment_ID, Impact_Assessment_Date) VALUES ('INS-2026-003', 'DOSH/LBN/2020/011', 'ECO000000000003', TO_DATE('2026-04-02', 'YYYY-MM-DD'));
INSERT INTO Inspector_Impact (Inspector_ID, DOSH_Registration_No, Assessment_ID, Impact_Assessment_Date) VALUES ('INS-2026-004', 'DOSH/SBH/2024/301', 'ECO000000000004', TO_DATE('2026-04-10', 'YYYY-MM-DD'));
INSERT INTO Inspector_Impact (Inspector_ID, DOSH_Registration_No, Assessment_ID, Impact_Assessment_Date) VALUES ('INS-2026-005', 'DOSH/LBN/2022/224', 'ECO000000000005', TO_DATE('2026-04-15', 'YYYY-MM-DD'));
INSERT INTO Inspector_Impact (Inspector_ID, DOSH_Registration_No, Assessment_ID, Impact_Assessment_Date) VALUES ('INS-2026-006', 'DOSH/LBN/2025/005', 'ECO000000000006', TO_DATE('2026-04-22', 'YYYY-MM-DD'));
INSERT INTO Inspector_Impact (Inspector_ID, DOSH_Registration_No, Assessment_ID, Impact_Assessment_Date) VALUES ('INS-2026-007', 'DOSH/SBH/2019/512', 'ECO000000000007', TO_DATE('2026-05-02', 'YYYY-MM-DD'));
INSERT INTO Inspector_Impact (Inspector_ID, DOSH_Registration_No, Assessment_ID, Impact_Assessment_Date) VALUES ('INS-2026-008', 'DOSH/LBN/2023/055', 'ECO000000000008', TO_DATE('2026-05-05', 'YYYY-MM-DD'));
INSERT INTO Inspector_Impact (Inspector_ID, DOSH_Registration_No, Assessment_ID, Impact_Assessment_Date) VALUES ('INS-2026-009', 'DOSH/SBH/2021/119', 'ECO000000000009', TO_DATE('2026-05-12', 'YYYY-MM-DD'));
INSERT INTO Inspector_Impact (Inspector_ID, DOSH_Registration_No, Assessment_ID, Impact_Assessment_Date) VALUES ('INS-2026-010', 'DOSH/LBN/2024/094', 'ECO000000000010', TO_DATE('2026-05-20', 'YYYY-MM-DD'));

INSERT INTO Inspector_Digitalization (Inspector_ID, DOSH_Registration_No, Digital_ID, MDEC_Approval_Ref) VALUES ('INS-2026-001', 'DOSH/LBN/2021/089', 'DIG000000000001', 'MDEC/LBN/2026/014');
INSERT INTO Inspector_Digitalization (Inspector_ID, DOSH_Registration_No, Digital_ID, MDEC_Approval_Ref) VALUES ('INS-2026-002', 'DOSH/SBH/2023/142', 'DIG000000000002', 'MDEC/SAB/2026/102');
INSERT INTO Inspector_Digitalization (Inspector_ID, DOSH_Registration_No, Digital_ID, MDEC_Approval_Ref) VALUES ('INS-2026-003', 'DOSH/LBN/2020/011', 'DIG000000000003', 'MDEC/LBN/2026/044');
INSERT INTO Inspector_Digitalization (Inspector_ID, DOSH_Registration_No, Digital_ID, MDEC_Approval_Ref) VALUES ('INS-2026-004', 'DOSH/SBH/2024/301', 'DIG000000000004', 'MDEC/SAB/2026/089');
INSERT INTO Inspector_Digitalization (Inspector_ID, DOSH_Registration_No, Digital_ID, MDEC_Approval_Ref) VALUES ('INS-2026-005', 'DOSH/LBN/2022/224', 'DIG000000000005', 'MDEC/LBN/2026/112');
INSERT INTO Inspector_Digitalization (Inspector_ID, DOSH_Registration_No, Digital_ID, MDEC_Approval_Ref) VALUES ('INS-2026-006', 'DOSH/LBN/2025/005', 'DIG000000000006', 'MDEC/LBN/2026/201');
INSERT INTO Inspector_Digitalization (Inspector_ID, DOSH_Registration_No, Digital_ID, MDEC_Approval_Ref) VALUES ('INS-2026-007', 'DOSH/SBH/2019/512', 'DIG000000000007', 'MDEC/SAB/2026/055');
INSERT INTO Inspector_Digitalization (Inspector_ID, DOSH_Registration_No, Digital_ID, MDEC_Approval_Ref) VALUES ('INS-2026-008', 'DOSH/LBN/2023/055', 'DIG000000000008', 'MDEC/LBN/2026/073');
INSERT INTO Inspector_Digitalization (Inspector_ID, DOSH_Registration_No, Digital_ID, MDEC_Approval_Ref) VALUES ('INS-2026-009', 'DOSH/SBH/2021/119', 'DIG000000000009', 'MDEC/LBN/2026/154');
INSERT INTO Inspector_Digitalization (Inspector_ID, DOSH_Registration_No, Digital_ID, MDEC_Approval_Ref) VALUES ('INS-2026-010', 'DOSH/LBN/2024/094', 'DIG000000000010', 'MDEC/SAB/2026/310');

INSERT INTO Inspector_SustainabilityScore (Inspector_ID, DOSH_Registration_No, ESG_ID, Revision_Date) VALUES ('INS-2026-001', 'DOSH/LBN/2021/089', 'ESG-2026-001', TO_DATE('2026-01-15', 'YYYY-MM-DD'));
INSERT INTO Inspector_SustainabilityScore (Inspector_ID, DOSH_Registration_No, ESG_ID, Revision_Date) VALUES ('INS-2026-002', 'DOSH/SBH/2023/142', 'ESG-2026-002', TO_DATE('2026-02-10', 'YYYY-MM-DD'));
INSERT INTO Inspector_SustainabilityScore (Inspector_ID, DOSH_Registration_No, ESG_ID, Revision_Date) VALUES ('INS-2026-003', 'DOSH/LBN/2020/011', 'ESG-2026-003', TO_DATE('2026-03-05', 'YYYY-MM-DD'));
INSERT INTO Inspector_SustainabilityScore (Inspector_ID, DOSH_Registration_No, ESG_ID, Revision_Date) VALUES ('INS-2026-004', 'DOSH/SBH/2024/301', 'ESG-2026-004', TO_DATE('2026-04-20', 'YYYY-MM-DD'));
INSERT INTO Inspector_SustainabilityScore (Inspector_ID, DOSH_Registration_No, ESG_ID, Revision_Date) VALUES ('INS-2026-005', 'DOSH/LBN/2022/224', 'ESG-2026-005', TO_DATE('2026-05-12', 'YYYY-MM-DD'));
INSERT INTO Inspector_SustainabilityScore (Inspector_ID, DOSH_Registration_No, ESG_ID, Revision_Date) VALUES ('INS-2026-006', 'DOSH/LBN/2025/005', 'ESG-2026-006', TO_DATE('2026-05-25', 'YYYY-MM-DD'));
INSERT INTO Inspector_SustainabilityScore (Inspector_ID, DOSH_Registration_No, ESG_ID, Revision_Date) VALUES ('INS-2026-007', 'DOSH/SBH/2019/512', 'ESG-2026-007', TO_DATE('2026-06-10', 'YYYY-MM-DD'));
INSERT INTO Inspector_SustainabilityScore (Inspector_ID, DOSH_Registration_No, ESG_ID, Revision_Date) VALUES ('INS-2026-008', 'DOSH/LBN/2023/055', 'ESG-2026-008', TO_DATE('2026-06-22', 'YYYY-MM-DD'));
INSERT INTO Inspector_SustainabilityScore (Inspector_ID, DOSH_Registration_No, ESG_ID, Revision_Date) VALUES ('INS-2026-009', 'DOSH/SBH/2021/119', 'ESG-2026-009', TO_DATE('2026-07-05', 'YYYY-MM-DD'));
INSERT INTO Inspector_SustainabilityScore (Inspector_ID, DOSH_Registration_No, ESG_ID, Revision_Date) VALUES ('INS-2026-010', 'DOSH/LBN/2024/094', 'ESG-2026-010', TO_DATE('2026-07-18', 'YYYY-MM-DD'));

INSERT INTO Employee_InvestmentApplication (Employee_ID, Employee_Contract_No, Application_ID, Application_SubmissionDate) VALUES ('EMP001', 'LBN-2021-001A', 'APP-2026-8001', TO_DATE('2026-01-05', 'YYYY-MM-DD'));
INSERT INTO Employee_InvestmentApplication (Employee_ID, Employee_Contract_No, Application_ID, Application_SubmissionDate) VALUES ('EMP002', 'LBN-2021-002A', 'APP-2026-8002', TO_DATE('2026-01-10', 'YYYY-MM-DD'));
INSERT INTO Employee_InvestmentApplication (Employee_ID, Employee_Contract_No, Application_ID, Application_SubmissionDate) VALUES ('EMP003', 'LBN-2022-014B', 'APP-2026-8003', TO_DATE('2026-01-15', 'YYYY-MM-DD'));
INSERT INTO Employee_InvestmentApplication (Employee_ID, Employee_Contract_No, Application_ID, Application_SubmissionDate) VALUES ('EMP004', 'LBN-2022-019A', 'APP-2026-8004', TO_DATE('2026-01-20', 'YYYY-MM-DD'));
INSERT INTO Employee_InvestmentApplication (Employee_ID, Employee_Contract_No, Application_ID, Application_SubmissionDate) VALUES ('EMP005', 'LBN-2023-005A', 'APP-2026-8005', TO_DATE('2026-01-22', 'YYYY-MM-DD'));
INSERT INTO Employee_InvestmentApplication (Employee_ID, Employee_Contract_No, Application_ID, Application_SubmissionDate) VALUES ('EMP006', 'LBN-2023-011A', 'APP-2026-8006', TO_DATE('2026-02-01', 'YYYY-MM-DD'));
INSERT INTO Employee_InvestmentApplication (Employee_ID, Employee_Contract_No, Application_ID, Application_SubmissionDate) VALUES ('EMP007', 'LBN-2023-044B', 'APP-2026-8007', TO_DATE('2026-02-07', 'YYYY-MM-DD'));
INSERT INTO Employee_InvestmentApplication (Employee_ID, Employee_Contract_No, Application_ID, Application_SubmissionDate) VALUES ('EMP008', 'LBN-2024-002A', 'APP-2026-8008', TO_DATE('2026-02-12', 'YYYY-MM-DD'));
INSERT INTO Employee_InvestmentApplication (Employee_ID, Employee_Contract_No, Application_ID, Application_SubmissionDate) VALUES ('EMP009', 'LBN-2024-015B', 'APP-2026-8009', TO_DATE('2026-02-18', 'YYYY-MM-DD'));
INSERT INTO Employee_InvestmentApplication (Employee_ID, Employee_Contract_No, Application_ID, Application_SubmissionDate) VALUES ('EMP010', 'LBN-2024-033A', 'APP-2026-8010', TO_DATE('2026-02-25', 'YYYY-MM-DD'));

INSERT INTO Company_Lot (Company_ID, Company_SSM_No, Lot_ID, Lot_TitleNo) VALUES ('C00000000000021', 'LLP0098112-LBN', 'LOT-001', 'TL-LBN-26-801');
INSERT INTO Company_Lot (Company_ID, Company_SSM_No, Lot_ID, Lot_TitleNo) VALUES ('C00000000000022', '201501099812', 'LOT-002', 'TL-LBN-26-802');
INSERT INTO Company_Lot (Company_ID, Company_SSM_No, Lot_ID, Lot_TitleNo) VALUES ('C00000000000023', '202101034512', 'LOT-003', 'TL-LBN-26-803');
INSERT INTO Company_Lot (Company_ID, Company_SSM_No, Lot_ID, Lot_TitleNo) VALUES ('C00000000000024', 'LLP0044551-LBN', 'LOT-004', 'TL-LBN-26-804');
INSERT INTO Company_Lot (Company_ID, Company_SSM_No, Lot_ID, Lot_TitleNo) VALUES ('C00000000000025', '201001022314', 'LOT-005', 'TL-LBN-26-805');
INSERT INTO Company_Lot (Company_ID, Company_SSM_No, Lot_ID, Lot_TitleNo) VALUES ('C00000000000026', '202303991245', 'LOT-006', 'TL-LBN-26-806');
INSERT INTO Company_Lot (Company_ID, Company_SSM_No, Lot_ID, Lot_TitleNo) VALUES ('C00000000000027', '201801088712', 'LOT-007', 'TL-LBN-26-807');
INSERT INTO Company_Lot (Company_ID, Company_SSM_No, Lot_ID, Lot_TitleNo) VALUES ('C00000000000028', '201901044231', 'LOT-008', 'TL-LBN-26-808');
INSERT INTO Company_Lot (Company_ID, Company_SSM_No, Lot_ID, Lot_TitleNo) VALUES ('C00000000000029', 'LLP0033118-LBN', 'LOT-009', 'TL-LBN-26-809');
INSERT INTO Company_Lot (Company_ID, Company_SSM_No, Lot_ID, Lot_TitleNo) VALUES ('C00000000000030', '202201044556', 'LOT-010', 'TL-LBN-26-810');

INSERT INTO Company_Land (Company_ID, Company_SSM_No, Land_ID, Land_Master_Survey_Plan_No) VALUES ('C00000000000021', 'LLP0098112-LBN', 'LND-001', 'MSP-LBN-2026-001');
INSERT INTO Company_Land (Company_ID, Company_SSM_No, Land_ID, Land_Master_Survey_Plan_No) VALUES ('C00000000000022', '201501099812', 'LND-002', 'MSP-LBN-2026-005');
INSERT INTO Company_Land (Company_ID, Company_SSM_No, Land_ID, Land_Master_Survey_Plan_No) VALUES ('C00000000000023', '202101034512', 'LND-003', 'MSP-LBN-2026-012');
INSERT INTO Company_Land (Company_ID, Company_SSM_No, Land_ID, Land_Master_Survey_Plan_No) VALUES ('C00000000000024', 'LLP0044551-LBN', 'LND-004', 'MSP-LBN-2026-018');
INSERT INTO Company_Land (Company_ID, Company_SSM_No, Land_ID, Land_Master_Survey_Plan_No) VALUES ('C00000000000025', '201001022314', 'LND-005', 'MSP-LBN-2026-022');
INSERT INTO Company_Land (Company_ID, Company_SSM_No, Land_ID, Land_Master_Survey_Plan_No) VALUES ('C00000000000026', '202303991245', 'LND-006', 'MSP-LBN-2026-030');
INSERT INTO Company_Land (Company_ID, Company_SSM_No, Land_ID, Land_Master_Survey_Plan_No) VALUES ('C00000000000027', '201801088712', 'LND-007', 'MSP-LBN-2026-035');
INSERT INTO Company_Land (Company_ID, Company_SSM_No, Land_ID, Land_Master_Survey_Plan_No) VALUES ('C00000000000028', '201901044231', 'LND-008', 'MSP-LBN-2026-042');
INSERT INTO Company_Land (Company_ID, Company_SSM_No, Land_ID, Land_Master_Survey_Plan_No) VALUES ('C00000000000029', 'LLP0033118-LBN', 'LND-009', 'MSP-LBN-2026-050');
INSERT INTO Company_Land (Company_ID, Company_SSM_No, Land_ID, Land_Master_Survey_Plan_No) VALUES ('C00000000000030', '202201044556', 'LND-010', 'MSP-LBN-2026-061');

INSERT INTO Company_ProposalContent (Company_ID, Company_SSM_No, Proposal_ID, Component_ID) VALUES ('C00000000000021', 'LLP0098112-LBN', 'PRP-ECO-001', 'ECO000000000001');
INSERT INTO Company_ProposalContent (Company_ID, Company_SSM_No, Proposal_ID, Component_ID) VALUES ('C00000000000022', '201501099812', 'PRP-ECO-002', 'ECO000000000002');
INSERT INTO Company_ProposalContent (Company_ID, Company_SSM_No, Proposal_ID, Component_ID) VALUES ('C00000000000023', '202101034512', 'PRP-ECO-003', 'ECO000000000003');
INSERT INTO Company_ProposalContent (Company_ID, Company_SSM_No, Proposal_ID, Component_ID) VALUES ('C00000000000024', 'LLP0044551-LBN', 'PRP-ECO-004', 'ECO000000000004');
INSERT INTO Company_ProposalContent (Company_ID, Company_SSM_No, Proposal_ID, Component_ID) VALUES ('C00000000000025', '201001022314', 'PRP-ECO-005', 'ECO000000000005');
INSERT INTO Company_ProposalContent (Company_ID, Company_SSM_No, Proposal_ID, Component_ID) VALUES ('C00000000000026', '202303991245', 'PRP-ECO-006', 'ECO000000000006');
INSERT INTO Company_ProposalContent (Company_ID, Company_SSM_No, Proposal_ID, Component_ID) VALUES ('C00000000000027', '201801088712', 'PRP-ECO-007', 'ECO000000000007');
INSERT INTO Company_ProposalContent (Company_ID, Company_SSM_No, Proposal_ID, Component_ID) VALUES ('C00000000000028', '201901044231', 'PRP-ECO-008', 'ECO000000000008');
INSERT INTO Company_ProposalContent (Company_ID, Company_SSM_No, Proposal_ID, Component_ID) VALUES ('C00000000000029', 'LLP0033118-LBN', 'PRP-ECO-009', 'ECO000000000009');
INSERT INTO Company_ProposalContent (Company_ID, Company_SSM_No, Proposal_ID, Component_ID) VALUES ('C00000000000030', '202201044556', 'PRP-ECO-010', 'ECO000000000010');

INSERT INTO Advertisement_JobApplication (Advertisement_ID, Advertisement_StartDate, Job_Application_ID, Job_Application_Timestamp) VALUES ('ADV-1001', TO_DATE('2026-07-01', 'YYYY-MM-DD'), 'APP-2026-001', TO_TIMESTAMP('2026-03-01 09:15:00', 'YYYY-MM-DD HH24:MI:SS'));
INSERT INTO Advertisement_JobApplication (Advertisement_ID, Advertisement_StartDate, Job_Application_ID, Job_Application_Timestamp) VALUES ('ADV-1002', TO_DATE('2026-08-01', 'YYYY-MM-DD'), 'APP-2026-002', TO_TIMESTAMP('2026-03-01 10:45:00', 'YYYY-MM-DD HH24:MI:SS'));
INSERT INTO Advertisement_JobApplication (Advertisement_ID, Advertisement_StartDate, Job_Application_ID, Job_Application_Timestamp) VALUES ('ADV-1003', TO_DATE('2026-07-15', 'YYYY-MM-DD'), 'APP-2026-003', TO_TIMESTAMP('2026-03-02 14:30:00', 'YYYY-MM-DD HH24:MI:SS'));
INSERT INTO Advertisement_JobApplication (Advertisement_ID, Advertisement_StartDate, Job_Application_ID, Job_Application_Timestamp) VALUES ('ADV-1004', TO_DATE('2026-06-20', 'YYYY-MM-DD'), 'APP-2026-004', TO_TIMESTAMP('2026-03-05 08:00:00', 'YYYY-MM-DD HH24:MI:SS'));
INSERT INTO Advertisement_JobApplication (Advertisement_ID, Advertisement_StartDate, Job_Application_ID, Job_Application_Timestamp) VALUES ('ADV-1005', TO_DATE('2026-09-01', 'YYYY-MM-DD'), 'APP-2026-005', TO_TIMESTAMP('2026-03-06 16:20:00', 'YYYY-MM-DD HH24:MI:SS'));
INSERT INTO Advertisement_JobApplication (Advertisement_ID, Advertisement_StartDate, Job_Application_ID, Job_Application_Timestamp) VALUES ('ADV-1006', TO_DATE('2026-07-10', 'YYYY-MM-DD'), 'APP-2026-006', TO_TIMESTAMP('2026-03-10 11:10:00', 'YYYY-MM-DD HH24:MI:SS'));
INSERT INTO Advertisement_JobApplication (Advertisement_ID, Advertisement_StartDate, Job_Application_ID, Job_Application_Timestamp) VALUES ('ADV-1007', TO_DATE('2026-08-15', 'YYYY-MM-DD'), 'APP-2026-007', TO_TIMESTAMP('2026-03-12 15:45:00', 'YYYY-MM-DD HH24:MI:SS'));
INSERT INTO Advertisement_JobApplication (Advertisement_ID, Advertisement_StartDate, Job_Application_ID, Job_Application_Timestamp) VALUES ('ADV-1008', TO_DATE('2026-10-01', 'YYYY-MM-DD'), 'APP-2026-008', TO_TIMESTAMP('2026-03-15 09:05:00', 'YYYY-MM-DD HH24:MI:SS'));
INSERT INTO Advertisement_JobApplication (Advertisement_ID, Advertisement_StartDate, Job_Application_ID, Job_Application_Timestamp) VALUES ('ADV-1009', TO_DATE('2026-06-25', 'YYYY-MM-DD'), 'APP-2026-009', TO_TIMESTAMP('2026-03-18 13:20:00', 'YYYY-MM-DD HH24:MI:SS'));
INSERT INTO Advertisement_JobApplication (Advertisement_ID, Advertisement_StartDate, Job_Application_ID, Job_Application_Timestamp) VALUES ('ADV-1010', TO_DATE('2026-07-05', 'YYYY-MM-DD'), 'APP-2026-010', TO_TIMESTAMP('2026-03-20 17:55:00', 'YYYY-MM-DD HH24:MI:SS'));

INSERT INTO Advertisement_InvestmentApp (Advertisement_ID, Advertisement_StartDate, Application_ID, Application_SubmissionDate) VALUES ('ADV-1001', TO_DATE('2026-07-01', 'YYYY-MM-DD'), 'APP-2026-8001', TO_DATE('2026-01-05', 'YYYY-MM-DD'));
INSERT INTO Advertisement_InvestmentApp (Advertisement_ID, Advertisement_StartDate, Application_ID, Application_SubmissionDate) VALUES ('ADV-1002', TO_DATE('2026-08-01', 'YYYY-MM-DD'), 'APP-2026-8002', TO_DATE('2026-01-10', 'YYYY-MM-DD'));
INSERT INTO Advertisement_InvestmentApp (Advertisement_ID, Advertisement_StartDate, Application_ID, Application_SubmissionDate) VALUES ('ADV-1003', TO_DATE('2026-07-15', 'YYYY-MM-DD'), 'APP-2026-8003', TO_DATE('2026-01-15', 'YYYY-MM-DD'));
INSERT INTO Advertisement_InvestmentApp (Advertisement_ID, Advertisement_StartDate, Application_ID, Application_SubmissionDate) VALUES ('ADV-1004', TO_DATE('2026-06-20', 'YYYY-MM-DD'), 'APP-2026-8004', TO_DATE('2026-01-20', 'YYYY-MM-DD'));
INSERT INTO Advertisement_InvestmentApp (Advertisement_ID, Advertisement_StartDate, Application_ID, Application_SubmissionDate) VALUES ('ADV-1005', TO_DATE('2026-09-01', 'YYYY-MM-DD'), 'APP-2026-8005', TO_DATE('2026-01-22', 'YYYY-MM-DD'));
INSERT INTO Advertisement_InvestmentApp (Advertisement_ID, Advertisement_StartDate, Application_ID, Application_SubmissionDate) VALUES ('ADV-1006', TO_DATE('2026-07-10', 'YYYY-MM-DD'), 'APP-2026-8006', TO_DATE('2026-02-01', 'YYYY-MM-DD'));
INSERT INTO Advertisement_InvestmentApp (Advertisement_ID, Advertisement_StartDate, Application_ID, Application_SubmissionDate) VALUES ('ADV-1007', TO_DATE('2026-08-15', 'YYYY-MM-DD'), 'APP-2026-8007', TO_DATE('2026-02-07', 'YYYY-MM-DD'));
INSERT INTO Advertisement_InvestmentApp (Advertisement_ID, Advertisement_StartDate, Application_ID, Application_SubmissionDate) VALUES ('ADV-1008', TO_DATE('2026-10-01', 'YYYY-MM-DD'), 'APP-2026-8008', TO_DATE('2026-02-12', 'YYYY-MM-DD'));
INSERT INTO Advertisement_InvestmentApp (Advertisement_ID, Advertisement_StartDate, Application_ID, Application_SubmissionDate) VALUES ('ADV-1009', TO_DATE('2026-06-25', 'YYYY-MM-DD'), 'APP-2026-8009', TO_DATE('2026-02-18', 'YYYY-MM-DD'));
INSERT INTO Advertisement_InvestmentApp (Advertisement_ID, Advertisement_StartDate, Application_ID, Application_SubmissionDate) VALUES ('ADV-1010', TO_DATE('2026-07-05', 'YYYY-MM-DD'), 'APP-2026-8010', TO_DATE('2026-02-25', 'YYYY-MM-DD'));

INSERT INTO Representative_ProposalContent (Rep_ID, Board_Resolution_Ref, Proposal_ID, Component_ID) VALUES ('REP-001', 'RES-LBN-2026-101', 'PRP-ECO-001', 'ECO000000000001');
INSERT INTO Representative_ProposalContent (Rep_ID, Board_Resolution_Ref, Proposal_ID, Component_ID) VALUES ('REP-002', 'RES-LBN-2026-102', 'PRP-ECO-002', 'ECO000000000002');
INSERT INTO Representative_ProposalContent (Rep_ID, Board_Resolution_Ref, Proposal_ID, Component_ID) VALUES ('REP-003', 'RES-LBN-2026-103', 'PRP-ECO-003', 'ECO000000000003');
INSERT INTO Representative_ProposalContent (Rep_ID, Board_Resolution_Ref, Proposal_ID, Component_ID) VALUES ('REP-004', 'RES-LBN-2026-104', 'PRP-ECO-004', 'ECO000000000004');
INSERT INTO Representative_ProposalContent (Rep_ID, Board_Resolution_Ref, Proposal_ID, Component_ID) VALUES ('REP-005', 'RES-LBN-2026-105', 'PRP-ECO-005', 'ECO000000000005');
INSERT INTO Representative_ProposalContent (Rep_ID, Board_Resolution_Ref, Proposal_ID, Component_ID) VALUES ('REP-006', 'RES-LBN-2026-106', 'PRP-ECO-006', 'ECO000000000006');
INSERT INTO Representative_ProposalContent (Rep_ID, Board_Resolution_Ref, Proposal_ID, Component_ID) VALUES ('REP-007', 'RES-LBN-2026-107', 'PRP-ECO-007', 'ECO000000000007');
INSERT INTO Representative_ProposalContent (Rep_ID, Board_Resolution_Ref, Proposal_ID, Component_ID) VALUES ('REP-008', 'RES-LBN-2026-108', 'PRP-ECO-008', 'ECO000000000008');
INSERT INTO Representative_ProposalContent (Rep_ID, Board_Resolution_Ref, Proposal_ID, Component_ID) VALUES ('REP-009', 'RES-LBN-2026-109', 'PRP-ECO-009', 'ECO000000000009');
INSERT INTO Representative_ProposalContent (Rep_ID, Board_Resolution_Ref, Proposal_ID, Component_ID) VALUES ('REP-010', 'RES-LBN-2026-110', 'PRP-ECO-010', 'ECO000000000010');

INSERT INTO Representative_Screening (Rep_ID, Board_Resolution_Ref, Screening_MeetingID, Screening_MOM_ID) VALUES ('REP-001', 'RES-LBN-2026-101', 'MEET-2026-001', 'MOM-26-08-01');
INSERT INTO Representative_Screening (Rep_ID, Board_Resolution_Ref, Screening_MeetingID, Screening_MOM_ID) VALUES ('REP-002', 'RES-LBN-2026-102', 'MEET-2026-002', 'MOM-26-08-02');
INSERT INTO Representative_Screening (Rep_ID, Board_Resolution_Ref, Screening_MeetingID, Screening_MOM_ID) VALUES ('REP-003', 'RES-LBN-2026-103', 'MEET-2026-003', 'MOM-26-08-03');
INSERT INTO Representative_Screening (Rep_ID, Board_Resolution_Ref, Screening_MeetingID, Screening_MOM_ID) VALUES ('REP-004', 'RES-LBN-2026-104', 'MEET-2026-004', 'MOM-26-08-04');
INSERT INTO Representative_Screening (Rep_ID, Board_Resolution_Ref, Screening_MeetingID, Screening_MOM_ID) VALUES ('REP-005', 'RES-LBN-2026-105', 'MEET-2026-005', 'MOM-26-08-05');
INSERT INTO Representative_Screening (Rep_ID, Board_Resolution_Ref, Screening_MeetingID, Screening_MOM_ID) VALUES ('REP-006', 'RES-LBN-2026-106', 'MEET-2026-006', 'MOM-26-08-06');
INSERT INTO Representative_Screening (Rep_ID, Board_Resolution_Ref, Screening_MeetingID, Screening_MOM_ID) VALUES ('REP-007', 'RES-LBN-2026-107', 'MEET-2026-007', 'MOM-26-08-07');
INSERT INTO Representative_Screening (Rep_ID, Board_Resolution_Ref, Screening_MeetingID, Screening_MOM_ID) VALUES ('REP-008', 'RES-LBN-2026-108', 'MEET-2026-008', 'MOM-26-08-08');
INSERT INTO Representative_Screening (Rep_ID, Board_Resolution_Ref, Screening_MeetingID, Screening_MOM_ID) VALUES ('REP-009', 'RES-LBN-2026-109', 'MEET-2026-009', 'MOM-26-08-09');
INSERT INTO Representative_Screening (Rep_ID, Board_Resolution_Ref, Screening_MeetingID, Screening_MOM_ID) VALUES ('REP-010', 'RES-LBN-2026-110', 'MEET-2026-010', 'MOM-26-08-10');

INSERT INTO Employee_QualityRecord (Employee_ID, Employee_Contract_No, Inspection_ID, Inspection_Date) VALUES ('EMP001', 'LBN-2021-001A', 'INSP-2026-001', TO_DATE('2026-07-01', 'YYYY-MM-DD'));
INSERT INTO Employee_QualityRecord (Employee_ID, Employee_Contract_No, Inspection_ID, Inspection_Date) VALUES ('EMP002', 'LBN-2021-002A', 'INSP-2026-002', TO_DATE('2026-07-05', 'YYYY-MM-DD'));
INSERT INTO Employee_QualityRecord (Employee_ID, Employee_Contract_No, Inspection_ID, Inspection_Date) VALUES ('EMP003', 'LBN-2022-014B', 'INSP-2026-003', TO_DATE('2026-07-12', 'YYYY-MM-DD'));
INSERT INTO Employee_QualityRecord (Employee_ID, Employee_Contract_No, Inspection_ID, Inspection_Date) VALUES ('EMP004', 'LBN-2022-019A', 'INSP-2026-004', TO_DATE('2026-07-15', 'YYYY-MM-DD'));
INSERT INTO Employee_QualityRecord (Employee_ID, Employee_Contract_No, Inspection_ID, Inspection_Date) VALUES ('EMP005', 'LBN-2023-005A', 'INSP-2026-005', TO_DATE('2026-07-22', 'YYYY-MM-DD'));
INSERT INTO Employee_QualityRecord (Employee_ID, Employee_Contract_No, Inspection_ID, Inspection_Date) VALUES ('EMP006', 'LBN-2023-011A', 'INSP-2026-006', TO_DATE('2026-08-05', 'YYYY-MM-DD'));
INSERT INTO Employee_QualityRecord (Employee_ID, Employee_Contract_No, Inspection_ID, Inspection_Date) VALUES ('EMP007', 'LBN-2023-044B', 'INSP-2026-007', TO_DATE('2026-08-10', 'YYYY-MM-DD'));
INSERT INTO Employee_QualityRecord (Employee_ID, Employee_Contract_No, Inspection_ID, Inspection_Date) VALUES ('EMP008', 'LBN-2024-002A', 'INSP-2026-008', TO_DATE('2026-08-18', 'YYYY-MM-DD'));
INSERT INTO Employee_QualityRecord (Employee_ID, Employee_Contract_No, Inspection_ID, Inspection_Date) VALUES ('EMP009', 'LBN-2024-015B', 'INSP-2026-009', TO_DATE('2026-08-25', 'YYYY-MM-DD'));
INSERT INTO Employee_QualityRecord (Employee_ID, Employee_Contract_No, Inspection_ID, Inspection_Date) VALUES ('EMP010', 'LBN-2024-033A', 'INSP-2026-010', TO_DATE('2026-09-02', 'YYYY-MM-DD'));

INSERT INTO Lot_ProposalContent (Lot_ID, Lot_TitleNo, Proposal_ID, Component_ID) VALUES ('LOT-001', 'TL-LBN-26-801', 'PRP-ECO-001', 'ECO000000000001');
INSERT INTO Lot_ProposalContent (Lot_ID, Lot_TitleNo, Proposal_ID, Component_ID) VALUES ('LOT-002', 'TL-LBN-26-802', 'PRP-ECO-002', 'ECO000000000002');
INSERT INTO Lot_ProposalContent (Lot_ID, Lot_TitleNo, Proposal_ID, Component_ID) VALUES ('LOT-003', 'TL-LBN-26-803', 'PRP-ECO-003', 'ECO000000000003');
INSERT INTO Lot_ProposalContent (Lot_ID, Lot_TitleNo, Proposal_ID, Component_ID) VALUES ('LOT-004', 'TL-LBN-26-804', 'PRP-ECO-004', 'ECO000000000004');
INSERT INTO Lot_ProposalContent (Lot_ID, Lot_TitleNo, Proposal_ID, Component_ID) VALUES ('LOT-005', 'TL-LBN-26-805', 'PRP-ECO-005', 'ECO000000000005');
INSERT INTO Lot_ProposalContent (Lot_ID, Lot_TitleNo, Proposal_ID, Component_ID) VALUES ('LOT-006', 'TL-LBN-26-806', 'PRP-ECO-006', 'ECO000000000006');
INSERT INTO Lot_ProposalContent (Lot_ID, Lot_TitleNo, Proposal_ID, Component_ID) VALUES ('LOT-007', 'TL-LBN-26-807', 'PRP-ECO-007', 'ECO000000000007');
INSERT INTO Lot_ProposalContent (Lot_ID, Lot_TitleNo, Proposal_ID, Component_ID) VALUES ('LOT-008', 'TL-LBN-26-808', 'PRP-ECO-008', 'ECO000000000008');
INSERT INTO Lot_ProposalContent (Lot_ID, Lot_TitleNo, Proposal_ID, Component_ID) VALUES ('LOT-009', 'TL-LBN-26-809', 'PRP-ECO-009', 'ECO000000000009');
INSERT INTO Lot_ProposalContent (Lot_ID, Lot_TitleNo, Proposal_ID, Component_ID) VALUES ('LOT-010', 'TL-LBN-26-810', 'PRP-ECO-010', 'ECO000000000010');

INSERT INTO Lot_InvestmentApplication (Lot_ID, Lot_TitleNo, Application_ID, Application_SubmissionDate) VALUES ('LOT-001', 'TL-LBN-26-801', 'APP-2026-8001', TO_DATE('2026-01-05', 'YYYY-MM-DD'));
INSERT INTO Lot_InvestmentApplication (Lot_ID, Lot_TitleNo, Application_ID, Application_SubmissionDate) VALUES ('LOT-002', 'TL-LBN-26-802', 'APP-2026-8002', TO_DATE('2026-01-10', 'YYYY-MM-DD'));
INSERT INTO Lot_InvestmentApplication (Lot_ID, Lot_TitleNo, Application_ID, Application_SubmissionDate) VALUES ('LOT-003', 'TL-LBN-26-803', 'APP-2026-8003', TO_DATE('2026-01-15', 'YYYY-MM-DD'));
INSERT INTO Lot_InvestmentApplication (Lot_ID, Lot_TitleNo, Application_ID, Application_SubmissionDate) VALUES ('LOT-004', 'TL-LBN-26-804', 'APP-2026-8004', TO_DATE('2026-01-20', 'YYYY-MM-DD'));
INSERT INTO Lot_InvestmentApplication (Lot_ID, Lot_TitleNo, Application_ID, Application_SubmissionDate) VALUES ('LOT-005', 'TL-LBN-26-805', 'APP-2026-8005', TO_DATE('2026-01-22', 'YYYY-MM-DD'));
INSERT INTO Lot_InvestmentApplication (Lot_ID, Lot_TitleNo, Application_ID, Application_SubmissionDate) VALUES ('LOT-006', 'TL-LBN-26-806', 'APP-2026-8006', TO_DATE('2026-02-01', 'YYYY-MM-DD'));
INSERT INTO Lot_InvestmentApplication (Lot_ID, Lot_TitleNo, Application_ID, Application_SubmissionDate) VALUES ('LOT-007', 'TL-LBN-26-807', 'APP-2026-8007', TO_DATE('2026-02-07', 'YYYY-MM-DD'));
INSERT INTO Lot_InvestmentApplication (Lot_ID, Lot_TitleNo, Application_ID, Application_SubmissionDate) VALUES ('LOT-008', 'TL-LBN-26-808', 'APP-2026-8008', TO_DATE('2026-02-12', 'YYYY-MM-DD'));
INSERT INTO Lot_InvestmentApplication (Lot_ID, Lot_TitleNo, Application_ID, Application_SubmissionDate) VALUES ('LOT-009', 'TL-LBN-26-809', 'APP-2026-8009', TO_DATE('2026-02-18', 'YYYY-MM-DD'));
INSERT INTO Lot_InvestmentApplication (Lot_ID, Lot_TitleNo, Application_ID, Application_SubmissionDate) VALUES ('LOT-010', 'TL-LBN-26-810', 'APP-2026-8010', TO_DATE('2026-02-25', 'YYYY-MM-DD'));

INSERT INTO Land_ProposalContent (Land_ID, Land_Master_Survey_Plan_No, Proposal_ID, Component_ID) VALUES ('LND-001', 'MSP-LBN-2026-001', 'PRP-ECO-001', 'ECO000000000001');
INSERT INTO Land_ProposalContent (Land_ID, Land_Master_Survey_Plan_No, Proposal_ID, Component_ID) VALUES ('LND-002', 'MSP-LBN-2026-005', 'PRP-ECO-002', 'ECO000000000002');
INSERT INTO Land_ProposalContent (Land_ID, Land_Master_Survey_Plan_No, Proposal_ID, Component_ID) VALUES ('LND-003', 'MSP-LBN-2026-012', 'PRP-ECO-003', 'ECO000000000003');
INSERT INTO Land_ProposalContent (Land_ID, Land_Master_Survey_Plan_No, Proposal_ID, Component_ID) VALUES ('LND-004', 'MSP-LBN-2026-018', 'PRP-ECO-004', 'ECO000000000004');
INSERT INTO Land_ProposalContent (Land_ID, Land_Master_Survey_Plan_No, Proposal_ID, Component_ID) VALUES ('LND-005', 'MSP-LBN-2026-022', 'PRP-ECO-005', 'ECO000000000005');
INSERT INTO Land_ProposalContent (Land_ID, Land_Master_Survey_Plan_No, Proposal_ID, Component_ID) VALUES ('LND-006', 'MSP-LBN-2026-030', 'PRP-ECO-006', 'ECO000000000006');
INSERT INTO Land_ProposalContent (Land_ID, Land_Master_Survey_Plan_No, Proposal_ID, Component_ID) VALUES ('LND-007', 'MSP-LBN-2026-035', 'PRP-ECO-007', 'ECO000000000007');
INSERT INTO Land_ProposalContent (Land_ID, Land_Master_Survey_Plan_No, Proposal_ID, Component_ID) VALUES ('LND-008', 'MSP-LBN-2026-042', 'PRP-ECO-008', 'ECO000000000008');
INSERT INTO Land_ProposalContent (Land_ID, Land_Master_Survey_Plan_No, Proposal_ID, Component_ID) VALUES ('LND-009', 'MSP-LBN-2026-050', 'PRP-ECO-009', 'ECO000000000009');
INSERT INTO Land_ProposalContent (Land_ID, Land_Master_Survey_Plan_No, Proposal_ID, Component_ID) VALUES ('LND-010', 'MSP-LBN-2026-061', 'PRP-ECO-010', 'ECO000000000010');

INSERT INTO Land_InvestmentApplication (Land_ID, Land_Master_Survey_Plan_No, Application_ID, Application_SubmissionDate) VALUES ('LND-001', 'MSP-LBN-2026-001', 'APP-2026-8001', TO_DATE('2026-01-05', 'YYYY-MM-DD'));
INSERT INTO Land_InvestmentApplication (Land_ID, Land_Master_Survey_Plan_No, Application_ID, Application_SubmissionDate) VALUES ('LND-002', 'MSP-LBN-2026-005', 'APP-2026-8002', TO_DATE('2026-01-10', 'YYYY-MM-DD'));
INSERT INTO Land_InvestmentApplication (Land_ID, Land_Master_Survey_Plan_No, Application_ID, Application_SubmissionDate) VALUES ('LND-003', 'MSP-LBN-2026-012', 'APP-2026-8003', TO_DATE('2026-01-15', 'YYYY-MM-DD'));
INSERT INTO Land_InvestmentApplication (Land_ID, Land_Master_Survey_Plan_No, Application_ID, Application_SubmissionDate) VALUES ('LND-004', 'MSP-LBN-2026-018', 'APP-2026-8004', TO_DATE('2026-01-20', 'YYYY-MM-DD'));
INSERT INTO Land_InvestmentApplication (Land_ID, Land_Master_Survey_Plan_No, Application_ID, Application_SubmissionDate) VALUES ('LND-005', 'MSP-LBN-2026-022', 'APP-2026-8005', TO_DATE('2026-01-22', 'YYYY-MM-DD'));
INSERT INTO Land_InvestmentApplication (Land_ID, Land_Master_Survey_Plan_No, Application_ID, Application_SubmissionDate) VALUES ('LND-006', 'MSP-LBN-2026-030', 'APP-2026-8006', TO_DATE('2026-02-01', 'YYYY-MM-DD'));
INSERT INTO Land_InvestmentApplication (Land_ID, Land_Master_Survey_Plan_No, Application_ID, Application_SubmissionDate) VALUES ('LND-007', 'MSP-LBN-2026-035', 'APP-2026-8007', TO_DATE('2026-02-07', 'YYYY-MM-DD'));
INSERT INTO Land_InvestmentApplication (Land_ID, Land_Master_Survey_Plan_No, Application_ID, Application_SubmissionDate) VALUES ('LND-008', 'MSP-LBN-2026-042', 'APP-2026-8008', TO_DATE('2026-02-12', 'YYYY-MM-DD'));
INSERT INTO Land_InvestmentApplication (Land_ID, Land_Master_Survey_Plan_No, Application_ID, Application_SubmissionDate) VALUES ('LND-009', 'MSP-LBN-2026-050', 'APP-2026-8009', TO_DATE('2026-02-18', 'YYYY-MM-DD'));
INSERT INTO Land_InvestmentApplication (Land_ID, Land_Master_Survey_Plan_No, Application_ID, Application_SubmissionDate) VALUES ('LND-010', 'MSP-LBN-2026-061', 'APP-2026-8010', TO_DATE('2026-02-25', 'YYYY-MM-DD'));

INSERT INTO Inspector_BusinessPlan (Inspector_ID, DOSH_Registration_No, Plan_ID, Project_Title) VALUES ('INS-2026-001', 'DOSH/LBN/2021/089', 'PLN001', 'Labuan Eco-Tourism Resort Complex');
INSERT INTO Inspector_BusinessPlan (Inspector_ID, DOSH_Registration_No, Plan_ID, Project_Title) VALUES ('INS-2026-002', 'DOSH/SBH/2023/142', 'PLN002', 'Sabah Green Hydrogen Production Facility');
INSERT INTO Inspector_BusinessPlan (Inspector_ID, DOSH_Registration_No, Plan_ID, Project_Title) VALUES ('INS-2026-003', 'DOSH/LBN/2020/011', 'PLN003', 'Borneo Deepsea Port Logistics Hub');
INSERT INTO Inspector_BusinessPlan (Inspector_ID, DOSH_Registration_No, Plan_ID, Project_Title) VALUES ('INS-2026-004', 'DOSH/SBH/2024/301', 'PLN004', 'Labuan Smart Financial District Hub');
INSERT INTO Inspector_BusinessPlan (Inspector_ID, DOSH_Registration_No, Plan_ID, Project_Title) VALUES ('INS-2026-005', 'DOSH/LBN/2022/224', 'PLN005', 'Sabah Agro-Tech Automated Cultivation Center');
INSERT INTO Inspector_BusinessPlan (Inspector_ID, DOSH_Registration_No, Plan_ID, Project_Title) VALUES ('INS-2026-006', 'DOSH/LBN/2025/005', 'PLN006', 'Borneo Retail & Duty-Free Outlet Village');
INSERT INTO Inspector_BusinessPlan (Inspector_ID, DOSH_Registration_No, Plan_ID, Project_Title) VALUES ('INS-2026-007', 'DOSH/SBH/2019/512', 'PLN007', 'Labuan Aquaculture Hatchery & Processing Plant');
INSERT INTO Inspector_BusinessPlan (Inspector_ID, DOSH_Registration_No, Plan_ID, Project_Title) VALUES ('INS-2026-008', 'DOSH/LBN/2023/055', 'PLN008', 'Sabah Biomass Waste-to-Energy Facility');
INSERT INTO Inspector_BusinessPlan (Inspector_ID, DOSH_Registration_No, Plan_ID, Project_Title) VALUES ('INS-2026-009', 'DOSH/SBH/2021/119', 'PLN009', 'East Malaysia Cloud Data Logistics Facility');
INSERT INTO Inspector_BusinessPlan (Inspector_ID, DOSH_Registration_No, Plan_ID, Project_Title) VALUES ('INS-2026-010', 'DOSH/LBN/2024/094', 'PLN010', 'Labuan Maritime Maintenance & Drydock Yard');

INSERT INTO Land_Agreement (Land_ID, Land_Master_Survey_Plan_No, Agreement_ID, Agreement_StampDutyID) VALUES ('LND-001', 'MSP-LBN-2026-001', 'AGR-2026-001', 'SD-2026-8801');
INSERT INTO Land_Agreement (Land_ID, Land_Master_Survey_Plan_No, Agreement_ID, Agreement_StampDutyID) VALUES ('LND-002', 'MSP-LBN-2026-005', 'AGR-2026-002', 'SD-2026-8802');
INSERT INTO Land_Agreement (Land_ID, Land_Master_Survey_Plan_No, Agreement_ID, Agreement_StampDutyID) VALUES ('LND-003', 'MSP-LBN-2026-012', 'AGR-2026-003', 'SD-2026-8803');
INSERT INTO Land_Agreement (Land_ID, Land_Master_Survey_Plan_No, Agreement_ID, Agreement_StampDutyID) VALUES ('LND-004', 'MSP-LBN-2026-018', 'AGR-2026-004', 'SD-2026-8804');
INSERT INTO Land_Agreement (Land_ID, Land_Master_Survey_Plan_No, Agreement_ID, Agreement_StampDutyID) VALUES ('LND-005', 'MSP-LBN-2026-022', 'AGR-2026-005', 'SD-2026-8805');
INSERT INTO Land_Agreement (Land_ID, Land_Master_Survey_Plan_No, Agreement_ID, Agreement_StampDutyID) VALUES ('LND-006', 'MSP-LBN-2026-030', 'AGR-2026-006', 'SD-2026-8806');
INSERT INTO Land_Agreement (Land_ID, Land_Master_Survey_Plan_No, Agreement_ID, Agreement_StampDutyID) VALUES ('LND-007', 'MSP-LBN-2026-035', 'AGR-2026-007', 'SD-2026-8807');
INSERT INTO Land_Agreement (Land_ID, Land_Master_Survey_Plan_No, Agreement_ID, Agreement_StampDutyID) VALUES ('LND-008', 'MSP-LBN-2026-042', 'AGR-2026-008', 'SD-2026-8808');
INSERT INTO Land_Agreement (Land_ID, Land_Master_Survey_Plan_No, Agreement_ID, Agreement_StampDutyID) VALUES ('LND-009', 'MSP-LBN-2026-050', 'AGR-2026-009', 'SD-2026-8809');
INSERT INTO Land_Agreement (Land_ID, Land_Master_Survey_Plan_No, Agreement_ID, Agreement_StampDutyID) VALUES ('LND-010', 'MSP-LBN-2026-061', 'AGR-2026-010', 'SD-2026-8810');

INSERT INTO Lot_Agreement (Lot_ID, Lot_TitleNo, Agreement_ID, Agreement_StampDutyID) VALUES ('LOT-001', 'TL-LBN-26-801', 'AGR-2026-001', 'SD-2026-8801');
INSERT INTO Lot_Agreement (Lot_ID, Lot_TitleNo, Agreement_ID, Agreement_StampDutyID) VALUES ('LOT-002', 'TL-LBN-26-802', 'AGR-2026-002', 'SD-2026-8802');
INSERT INTO Lot_Agreement (Lot_ID, Lot_TitleNo, Agreement_ID, Agreement_StampDutyID) VALUES ('LOT-003', 'TL-LBN-26-803', 'AGR-2026-003', 'SD-2026-8803');
INSERT INTO Lot_Agreement (Lot_ID, Lot_TitleNo, Agreement_ID, Agreement_StampDutyID) VALUES ('LOT-004', 'TL-LBN-26-804', 'AGR-2026-004', 'SD-2026-8804');
INSERT INTO Lot_Agreement (Lot_ID, Lot_TitleNo, Agreement_ID, Agreement_StampDutyID) VALUES ('LOT-005', 'TL-LBN-26-805', 'AGR-2026-005', 'SD-2026-8805');
INSERT INTO Lot_Agreement (Lot_ID, Lot_TitleNo, Agreement_ID, Agreement_StampDutyID) VALUES ('LOT-006', 'TL-LBN-26-806', 'AGR-2026-006', 'SD-2026-8806');
INSERT INTO Lot_Agreement (Lot_ID, Lot_TitleNo, Agreement_ID, Agreement_StampDutyID) VALUES ('LOT-007', 'TL-LBN-26-807', 'AGR-2026-007', 'SD-2026-8807');
INSERT INTO Lot_Agreement (Lot_ID, Lot_TitleNo, Agreement_ID, Agreement_StampDutyID) VALUES ('LOT-008', 'TL-LBN-26-808', 'AGR-2026-008', 'SD-2026-8808');
INSERT INTO Lot_Agreement (Lot_ID, Lot_TitleNo, Agreement_ID, Agreement_StampDutyID) VALUES ('LOT-009', 'TL-LBN-26-809', 'AGR-2026-009', 'SD-2026-8809');
INSERT INTO Lot_Agreement (Lot_ID, Lot_TitleNo, Agreement_ID, Agreement_StampDutyID) VALUES ('LOT-010', 'TL-LBN-26-810', 'AGR-2026-010', 'SD-2026-8810');

INSERT INTO Company_Screening VALUES ('C00000000000021', 'LLP0098112-LBN', 'MEET-2026-001', 'MOM-26-08-01');
INSERT INTO Company_Screening VALUES ('C00000000000022', '201501099812', 'MEET-2026-002', 'MOM-26-08-02');
INSERT INTO Company_Screening VALUES ('C00000000000023', '202101034512', 'MEET-2026-003', 'MOM-26-08-03');
INSERT INTO Company_Screening VALUES ('C00000000000024', 'LLP0044551-LBN', 'MEET-2026-004', 'MOM-26-08-04');
INSERT INTO Company_Screening VALUES ('C00000000000025', '201001022314', 'MEET-2026-005', 'MOM-26-08-05');
INSERT INTO Company_Screening VALUES ('C00000000000026', '202303991245', 'MEET-2026-006', 'MOM-26-08-06');
INSERT INTO Company_Screening VALUES ('C00000000000027', '201801088712', 'MEET-2026-007', 'MOM-26-08-07');
INSERT INTO Company_Screening VALUES ('C00000000000028', '201901044231', 'MEET-2026-008', 'MOM-26-08-08');
INSERT INTO Company_Screening VALUES ('C00000000000029', 'LLP0033118-LBN', 'MEET-2026-009', 'MOM-26-08-09');
INSERT INTO Company_Screening VALUES ('C00000000000030', '202201044556', 'MEET-2026-010', 'MOM-26-08-10');

INSERT INTO Employee_InvestLabuan VALUES ('EMP001', 'LBN-2021-001A', 'DEPT-LBN-001', 'FDI');
INSERT INTO Employee_InvestLabuan VALUES ('EMP002', 'LBN-2021-002A', 'DEPT-LBN-002', 'DDI');
INSERT INTO Employee_InvestLabuan VALUES ('EMP003', 'LBN-2022-014B', 'DEPT-LBN-003', 'TECH');
INSERT INTO Employee_InvestLabuan VALUES ('EMP004', 'LBN-2022-019A', 'DEPT-LBN-004', 'ISF');
INSERT INTO Employee_InvestLabuan VALUES ('EMP005', 'LBN-2023-005A', 'DEPT-LBN-005', 'MAR');
INSERT INTO Employee_InvestLabuan VALUES ('EMP006', 'LBN-2023-011A', 'DEPT-LBN-006', 'TOUR');
INSERT INTO Employee_InvestLabuan VALUES ('EMP007', 'LBN-2023-044B', 'DEPT-LBN-007', 'OAG');
INSERT INTO Employee_InvestLabuan VALUES ('EMP008', 'LBN-2024-002A', 'DEPT-LBN-008', 'CORP');
INSERT INTO Employee_InvestLabuan VALUES ('EMP009', 'LBN-2024-015B', 'DEPT-LBN-009', 'LGL');
INSERT INTO Employee_InvestLabuan VALUES ('EMP010', 'LBN-2024-033A', 'DEPT-LBN-010', 'SCOM');
INSERT INTO Employee_InvestLabuan VALUES ('EMP011', 'LBN-2025-001C', 'DEPT-LBN-001', 'FDI');
INSERT INTO Employee_InvestLabuan VALUES ('EMP012', 'LBN-2025-009A', 'DEPT-LBN-002', 'DDI');
INSERT INTO Employee_InvestLabuan VALUES ('EMP013', 'LBN-2025-012B', 'DEPT-LBN-003', 'TECH');
INSERT INTO Employee_InvestLabuan VALUES ('EMP014', 'LBN-2025-022A', 'DEPT-LBN-004', 'ISF');
INSERT INTO Employee_InvestLabuan VALUES ('EMP015', 'LBN-2025-040B', 'DEPT-LBN-005', 'MAR');
INSERT INTO Employee_InvestLabuan VALUES ('EMP016', 'LBN-2026-002A', 'DEPT-LBN-006', 'TOUR');
INSERT INTO Employee_InvestLabuan VALUES ('EMP017', 'LBN-2026-005C', 'DEPT-LBN-007', 'OAG');
INSERT INTO Employee_InvestLabuan VALUES ('EMP018', 'LBN-2026-011B', 'DEPT-LBN-008', 'CORP');
INSERT INTO Employee_InvestLabuan VALUES ('EMP019', 'LBN-2026-014A', 'DEPT-LBN-009', 'LGL');
INSERT INTO Employee_InvestLabuan VALUES ('EMP020', 'LBN-2026-018C', 'DEPT-LBN-010', 'SCOM');


COMMIT;