SET DEFINE OFF;
-- =====================================================================
-- LEVEL 0: No FK dependencies 
-- =====================================================================

--PERSON
INSERT INTO Person VALUES ('PER-001', '731210-13-1269', 'Employee', 'Hassan Tan', 'Malaysian', 'hassan.tan34@email.com', '131754095', '1 Jalan Utama, Labuan, Sabah', TO_DATE('3/13/2002', 'MM/DD/YYYY'), 'Bumiputera Sabah');
INSERT INTO Person VALUES ('PER-002', '810601-16-8949', 'Employee', 'Ahmad bin Yusuf', 'Malaysian', 'ahmad.bin-yusuf26@email.com', '147481407', '2 Jalan Utama, Labuan, Sabah', TO_DATE('3/18/1997', 'MM/DD/YYYY'), 'Bumiputera Sarawak');
INSERT INTO Person VALUES ('PER-003', '950308-12-9050', 'Employee', 'Nur Ng', 'Malaysian', 'nur.ng44@email.com', '138681663', '3 Jalan Utama, Labuan, Sabah', TO_DATE('10/30/2003', 'MM/DD/YYYY'), 'Indian');
INSERT INTO Person VALUES ('PER-004', '910106-16-1013', 'Employee', 'Ahmad bin Razak', 'Malaysian', 'ahmad.bin-razak62@email.com', '159383517', '4 Jalan Utama, Labuan, Sabah', TO_DATE('12/11/1985', 'MM/DD/YYYY'), 'Bumiputera Sarawak');
INSERT INTO Person VALUES ('PER-005', '840928-10-5266', 'Employee', 'John Devi', 'Malaysian', 'john.devi76@email.com', '149809375', '5 Jalan Utama, Labuan, Sabah', TO_DATE('2/2/2002', 'MM/DD/YYYY'), 'Bumiputera Sarawak');
INSERT INTO Person VALUES ('PER-006', '700606-16-4019', 'Employee', 'John binti Ahmad', 'Malaysian', 'john.binti-ahmad19@email.com', '159693739', '6 Jalan Utama, Labuan, Sabah', TO_DATE('5/16/1988', 'MM/DD/YYYY'), 'Chinese');
INSERT INTO Person VALUES ('PER-007', '860628-16-2607', 'Employee', 'Mei Lim', 'Malaysian', 'mei.lim34@email.com', '179422214', '7 Jalan Utama, Labuan, Sabah', TO_DATE('7/17/1987', 'MM/DD/YYYY'), 'Indian');
INSERT INTO Person VALUES ('PER-008', '850114-16-7863', 'Employee', 'Zaki binti Ahmad', 'Malaysian', 'zaki.binti-ahmad16@email.com', '166867894', '8 Jalan Utama, Labuan, Sabah', TO_DATE('1/2/1981', 'MM/DD/YYYY'), 'Indian');
INSERT INTO Person VALUES ('PER-009', '791209-13-4685', 'Employee', 'Ahmad binti Othman', 'Malaysian', 'ahmad.binti-othman46@email.com', '143565931', '9 Jalan Utama, Labuan, Sabah', TO_DATE('2/26/1988', 'MM/DD/YYYY'), 'Indian');
INSERT INTO Person VALUES ('PER-010', '860315-12-5366', 'Employee', 'Ahmad bin Ismail', 'Malaysian', 'ahmad.bin-ismail68@email.com', '187355377', '10 Jalan Utama, Labuan, Sabah', TO_DATE('8/3/2003', 'MM/DD/YYYY'), 'Bumiputera Sarawak');
INSERT INTO Person VALUES ('PER-011', '860802-15-4628', 'Employee', 'John Lim', 'Malaysian', 'john.lim44@email.com', '177132678', '11 Jalan Utama, Labuan, Sabah', TO_DATE('8/22/2000', 'MM/DD/YYYY'), 'Bumiputera Sabah');
INSERT INTO Person VALUES ('PER-012', '731216-13-8534', 'Employee', 'Nor bin Hussain', 'Malaysian', 'nor.bin-hussain90@email.com', '166630280', '12 Jalan Utama, Labuan, Sabah', TO_DATE('8/10/1983', 'MM/DD/YYYY'), 'Indian');
INSERT INTO Person VALUES ('PER-013', '821202-11-3416', 'Employee', 'Ravi Wong', 'Malaysian', 'ravi.wong13@email.com', '134879579', '13 Jalan Utama, Labuan, Sabah', TO_DATE('11/10/2005', 'MM/DD/YYYY'), 'Bumiputera Sarawak');
INSERT INTO Person VALUES ('PER-014', '830903-10-8864', 'Employee', 'Hassan binti Othman', 'Malaysian', 'hassan.binti-othman44@email.com', '136414575', '14 Jalan Utama, Labuan, Sabah', TO_DATE('11/22/1986', 'MM/DD/YYYY'), 'Chinese');
INSERT INTO Person VALUES ('PER-015', '831124-13-7543', 'Employee', 'Lee Devi', 'Malaysian', 'lee.devi45@email.com', '132533289', '15 Jalan Utama, Labuan, Sabah', TO_DATE('10/13/2001', 'MM/DD/YYYY'), 'Bumiputera Sabah');
INSERT INTO Person VALUES ('PER-016', '880407-15-6502', 'Employee', 'Farah binti Ali', 'Malaysian', 'farah.binti-ali82@email.com', '197175767', '16 Jalan Utama, Labuan, Sabah', TO_DATE('10/14/1997', 'MM/DD/YYYY'), 'Chinese');
INSERT INTO Person VALUES ('PER-017', '731222-16-3682', 'Employee', 'Prema bin Yusuf', 'Malaysian', 'prema.bin-yusuf75@email.com', '156400698', '17 Jalan Utama, Labuan, Sabah', TO_DATE('10/16/1985', 'MM/DD/YYYY'), 'Bumiputera Sabah');
INSERT INTO Person VALUES ('PER-018', '801018-14-9786', 'Employee', 'Kumar Pillai', 'Malaysian', 'kumar.pillai27@email.com', '152195646', '18 Jalan Utama, Labuan, Sabah', TO_DATE('12/15/2004', 'MM/DD/YYYY'), 'Bumiputera Sarawak');
INSERT INTO Person VALUES ('PER-019', '790203-14-7664', 'Employee', 'John bin Hussain', 'Malaysian', 'john.bin-hussain59@email.com', '159426487', '19 Jalan Utama, Labuan, Sabah', TO_DATE('11/10/2002', 'MM/DD/YYYY'), 'Malay');
INSERT INTO Person VALUES ('PER-020', '731109-15-9070', 'Employee', 'Zaki bin Hussain', 'Malaysian', 'zaki.bin-hussain23@email.com', '188505360', '20 Jalan Utama, Labuan, Sabah', TO_DATE('6/16/2001', 'MM/DD/YYYY'), 'Bumiputera Sabah');
INSERT INTO Person VALUES ('PER-021', '760412-11-1583', 'Applicant', 'Lee Pillai', 'Malaysian', 'lee.pillai81@email.com', '194223472', '21 Jalan Utama, Labuan, Sabah', TO_DATE('3/10/1983', 'MM/DD/YYYY'), 'Chinese');
INSERT INTO Person VALUES ('PER-022', '760206-10-7895', 'Applicant', 'Lim Low', 'Malaysian', 'lim.low46@email.com', '168710352', '22 Jalan Utama, Labuan, Sabah', TO_DATE('12/10/2002', 'MM/DD/YYYY'), 'Bumiputera Sarawak');
INSERT INTO Person VALUES ('PER-023', '880704-16-3436', 'Applicant', 'Ahmad Gopal', 'Malaysian', 'ahmad.gopal84@email.com', '151275693', '23 Jalan Utama, Labuan, Sabah', TO_DATE('5/24/1980', 'MM/DD/YYYY'), 'Bumiputera Sabah');
INSERT INTO Person VALUES ('PER-024', '700801-10-3585', 'Applicant', 'Ravi binti Hassan', 'Malaysian', 'ravi.binti-hassan24@email.com', '141312925', '24 Jalan Utama, Labuan, Sabah', TO_DATE('2/28/1982', 'MM/DD/YYYY'), 'Malay');
INSERT INTO Person VALUES ('PER-025', '820219-10-7087', 'Applicant', 'Karen Low', 'Malaysian', 'karen.low96@email.com', '187948070', '25 Jalan Utama, Labuan, Sabah', TO_DATE('6/9/1992', 'MM/DD/YYYY'), 'Malay');
INSERT INTO Person VALUES ('PER-026', '891221-14-6965', 'Applicant', 'Yusof Pillai', 'Malaysian', 'yusof.pillai58@email.com', '135222879', '26 Jalan Utama, Labuan, Sabah', TO_DATE('6/24/1996', 'MM/DD/YYYY'), 'Indian');
INSERT INTO Person VALUES ('PER-027', '810114-15-2235', 'Applicant', 'Siti Ng', 'Malaysian', 'siti.ng48@email.com', '184490757', '27 Jalan Utama, Labuan, Sabah', TO_DATE('2/20/2006', 'MM/DD/YYYY'), 'Indian');
INSERT INTO Person VALUES ('PER-028', '881017-14-8500', 'Applicant', 'Farah binti Hassan', 'Malaysian', 'farah.binti-hassan97@email.com', '127630183', '28 Jalan Utama, Labuan, Sabah', TO_DATE('4/15/2001', 'MM/DD/YYYY'), 'Chinese');
INSERT INTO Person VALUES ('PER-029', '790412-16-9493', 'Applicant', 'Ravi Pillai', 'Malaysian', 'ravi.pillai27@email.com', '176660334', '29 Jalan Utama, Labuan, Sabah', TO_DATE('6/5/1987', 'MM/DD/YYYY'), 'Bumiputera Sabah');
INSERT INTO Person VALUES ('PER-030', '740706-15-1837', 'Applicant', 'Zaki bin Hussain', 'Malaysian', 'zaki.bin-hussain39@email.com', '166758718', '30 Jalan Utama, Labuan, Sabah', TO_DATE('3/27/1993', 'MM/DD/YYYY'), 'Bumiputera Sabah');
INSERT INTO Person VALUES ('PER-031', '700819-11-5409', 'Representative', 'Nur Devi', 'Malaysian', 'nur.devi83@email.com', '127392712', '31 Jalan Utama, Labuan, Sabah', TO_DATE('11/24/1992', 'MM/DD/YYYY'), 'Indian');
INSERT INTO Person VALUES ('PER-032', '980212-11-9732', 'Representative', 'Ravi binti Yusof', 'Malaysian', 'ravi.binti-yusof99@email.com', '187828547', '32 Jalan Utama, Labuan, Sabah', TO_DATE('1/25/2004', 'MM/DD/YYYY'), 'Bumiputera Sabah');
INSERT INTO Person VALUES ('PER-033', '770210-11-6764', 'Representative', 'Prema binti Ahmad', 'Malaysian', 'prema.binti-ahmad42@email.com', '181012403', '33 Jalan Utama, Labuan, Sabah', TO_DATE('3/16/2002', 'MM/DD/YYYY'), 'Bumiputera Sabah');
INSERT INTO Person VALUES ('PER-034', '710826-14-7421', 'Representative', 'Hassan bin Hussain', 'Malaysian', 'hassan.bin-hussain48@email.com', '138352041', '34 Jalan Utama, Labuan, Sabah', TO_DATE('7/4/1985', 'MM/DD/YYYY'), 'Malay');
INSERT INTO Person VALUES ('PER-035', '730804-16-7429', 'Representative', 'Karen Devi', 'Malaysian', 'karen.devi13@email.com', '192828506', '35 Jalan Utama, Labuan, Sabah', TO_DATE('7/25/1987', 'MM/DD/YYYY'), 'Indian');
INSERT INTO Person VALUES ('PER-036', '900917-16-3670', 'Representative', 'Hassan Ng', 'Malaysian', 'hassan.ng76@email.com', '145586375', '36 Jalan Utama, Labuan, Sabah', TO_DATE('3/24/1988', 'MM/DD/YYYY'), 'Bumiputera Sarawak');
INSERT INTO Person VALUES ('PER-037', '990702-14-7804', 'Representative', 'Kumar binti Othman', 'Malaysian', 'kumar.binti-othman65@email.com', '141760159', '37 Jalan Utama, Labuan, Sabah', TO_DATE('3/21/1992', 'MM/DD/YYYY'), 'Indian');
INSERT INTO Person VALUES ('PER-038', '790606-13-7285', 'Representative', 'Ravi binti Hassan', 'Malaysian', 'ravi.binti-hassan16@email.com', '192114444', '38 Jalan Utama, Labuan, Sabah', TO_DATE('7/26/1994', 'MM/DD/YYYY'), 'Bumiputera Sarawak');
INSERT INTO Person VALUES ('PER-039', '860716-12-4595', 'Representative', 'Lim Low', 'Malaysian', 'lim.low29@email.com', '183942732', '39 Jalan Utama, Labuan, Sabah', TO_DATE('4/20/1997', 'MM/DD/YYYY'), 'Malay');
INSERT INTO Person VALUES ('PER-040', '960522-11-5364', 'Representative', 'Prema Lim', 'Malaysian', 'prema.lim59@email.com', '121359799', '40 Jalan Utama, Labuan, Sabah', TO_DATE('1/25/2006', 'MM/DD/YYYY'), 'Chinese');
COMMIT;

--INVEST_LABUAN
INSERT INTO Invest_Labuan VALUES ('DEPT-LBN-001', 'FDI', 'Foreign Direct Investment', 'fdi@investlabuan.gov.my', '6087-33914', 'Level 10, Financial Park Complex, Labuan', 15000000.00, 'Attracts and manages international corporate investments.', 92.50, 'RT-IL-001');
INSERT INTO Invest_Labuan VALUES ('DEPT-LBN-002', 'DDI', 'Domestic Investment', 'ddi@investlabuan.gov.my', '6087-33915', 'Level 10, Financial Park Complex, Labuan', 8500000.00, 'Supports local businesses and domestic capital growth.', 88.00, 'RT-IL-002');
INSERT INTO Invest_Labuan VALUES ('DEPT-LBN-003', 'TECH', 'Technology & Innovation', 'tech@investlabuan.gov.my', '6087-33916', 'Level 11, Financial Park Complex, Labuan', 5000000.00, 'Promotes digital economy and smart city initiatives.', 75.50, 'RT-IL-003');
INSERT INTO Invest_Labuan VALUES ('DEPT-LBN-004', 'ISF', 'Islamic Finance', 'isf@investlabuan.gov.my', '6087-33917', 'Level 11, Financial Park Complex, Labuan', 12000000.00, 'Develops Labuan as a premier offshore Islamic financial hub.', 95.00, 'RT-IL-004');
INSERT INTO Invest_Labuan VALUES ('DEPT-LBN-005', 'MAR', 'Maritime & Logistics', 'maritime@investlabuan.gov.my', '6087-33918', 'Level 12, Financial Park Complex, Labuan', 7500000.00, NULL, NULL, 'RT-IL-005');
INSERT INTO Invest_Labuan VALUES ('DEPT-LBN-006', 'TOUR', 'Tourism & Hospitality', 'tourism@investlabuan.gov.my', '6087-33919', 'Level 12, Financial Park Complex, Labuan', 4000000.00, 'Enhances tourism infrastructure and hospitality investments.', 82.00, 'RT-IL-006');
INSERT INTO Invest_Labuan VALUES ('DEPT-LBN-007', 'OAG', 'Oil & Gas Hub', 'oag@investlabuan.gov.my', '6087-33920', 'Level 14, Financial Park Complex, Labuan', 20000000.00, 'Manages investments related to deepwater oil and gas operations.', 98.50, 'RT-IL-007');
INSERT INTO Invest_Labuan VALUES ('DEPT-LBN-008', 'CORP', 'Corporate Services', 'corporate@investlabuan.gov.my', '6087-33921', 'Level 9, Financial Park Complex, Labuan', 3500000.00, 'Handles internal HR, finance, and administrative duties.', 90.00, 'RT-IL-008');
INSERT INTO Invest_Labuan VALUES ('DEPT-LBN-009', 'LGL', 'Legal & Compliance', 'legal@investlabuan.gov.my', '6087-33922', 'Level 9, Financial Park Complex, Labuan', 20000000.00, NULL, NULL, 'RT-IL-009');
INSERT INTO Invest_Labuan VALUES ('DEPT-LBN-010', 'SCOM', 'Strategic Communications', 'comms@investlabuan.gov.my', '6087-33923', 'Level 9, Financial Park Complex, Labuan', 2500000.00, 'Manages public relations, foreign relations, and international media.', 85.00, 'RT-IL-010');
COMMIT;

--PROPOSAL_SCREENING
INSERT INTO Proposal_Screening VALUES ('MEET-2026-001', 'MOM-26-08-01', 88, NULL, 'No', 'Shortlisted', TO_DATE('2026-08-01 09:00:00', 'YYYY-MM-DD HH24:MI:SS'), 90, 'Preliminary', NULL);
INSERT INTO Proposal_Screening VALUES ('MEET-2026-002', 'MOM-26-08-02', 45, NULL, 'No', 'Rejected', TO_DATE('2026-08-01 10:30:00', 'YYYY-MM-DD HH24:MI:SS'), 45, 'Technical', NULL);
INSERT INTO Proposal_Screening VALUES ('MEET-2026-003', 'MOM-26-08-03', 75, 'Board member has shares in the vendor company.', 'Yes', 'KIV', TO_DATE('2026-08-02 14:00:00', 'YYYY-MM-DD HH24:MI:SS'), 120, 'Financial', 'Requires updated financial statements to proceed.');
INSERT INTO Proposal_Screening VALUES ('MEET-2026-004', 'MOM-26-08-04', 92, NULL, 'No', 'Shortlisted', TO_DATE('2026-08-03 09:15:00', 'YYYY-MM-DD HH24:MI:SS'), 60, 'Final Review', 'Pending final CEO signature.');
INSERT INTO Proposal_Screening VALUES ('MEET-2026-005', 'MOM-26-08-05', 55, NULL, 'No', 'Rejected', TO_DATE('2026-08-03 11:00:00', 'YYYY-MM-DD HH24:MI:SS'), 30, 'Preliminary', NULL);
INSERT INTO Proposal_Screening VALUES ('MEET-2026-006', 'MOM-26-08-06', 68, NULL, 'No', 'Requires Revision', TO_DATE('2026-08-05 13:30:00', 'YYYY-MM-DD HH24:MI:SS'), 90, 'Technical', 'Update technical specs to match Labuan Corp standards.');
INSERT INTO Proposal_Screening VALUES ('MEET-2026-007', 'MOM-26-08-07', 95, NULL, 'No', 'Shortlisted', TO_DATE('2026-08-06 10:00:00', 'YYYY-MM-DD HH24:MI:SS'), 60, 'Final Review', NULL);
INSERT INTO Proposal_Screening VALUES ('MEET-2026-008', 'MOM-26-08-08', 82, 'Reviewer is a former employee of the applicant firm.', 'Yes', 'KIV', TO_DATE('2026-08-08 15:00:00', 'YYYY-MM-DD HH24:MI:SS'), 120, 'Financial', 'Submit a formal conflict mitigation plan.');
INSERT INTO Proposal_Screening VALUES ('MEET-2026-009', 'MOM-26-08-09', 40, NULL, 'No', 'Rejected', TO_DATE('2026-08-10 09:00:00', 'YYYY-MM-DD HH24:MI:SS'), 45, 'Preliminary', NULL);
INSERT INTO Proposal_Screening VALUES ('MEET-2026-010', 'MOM-26-08-10', 78, NULL, 'No', 'Requires Revision', TO_DATE('2026-08-12 14:45:00', 'YYYY-MM-DD HH24:MI:SS'), 90, 'Technical', 'Revise budget allocation for Q3.');
COMMIT;

--JOB_DESCRIPTION
INSERT INTO Job_Description VALUES ('JOB-2026-001', TO_DATE('2026-05-01', 'YYYY-MM-DD'), 'Senior Software Engineer', 'Senior', 'Full-Time', 'Bachelor Degree', 12000.00, 'Hybrid', TO_DATE('2026-05-31', 'YYYY-MM-DD'), 'Open');
INSERT INTO Job_Description VALUES ('JOB-2026-002', TO_DATE('2026-05-05', 'YYYY-MM-DD'), 'HR Executive', 'Junior', 'Contract', 'Diploma', 3500.00, 'On-Site', TO_DATE('2026-05-20', 'YYYY-MM-DD'), 'Closed');
INSERT INTO Job_Description VALUES ('JOB-2026-003', TO_DATE('2026-05-10', 'YYYY-MM-DD'), 'Chief Financial Officer', 'Director', 'Full-Time', 'Master Degree', 25000.00, 'On-Site', TO_DATE('2026-06-30', 'YYYY-MM-DD'), 'Open');
INSERT INTO Job_Description VALUES ('JOB-2026-004', TO_DATE('2026-05-12', 'YYYY-MM-DD'), 'Data Science Intern', 'Fresh/Entry', 'Internship', 'Bachelor Degree', 1500.00, 'Remote', TO_DATE('2026-05-25', 'YYYY-MM-DD'), 'Open');
INSERT INTO Job_Description VALUES ('JOB-2026-005', TO_DATE('2026-05-15', 'YYYY-MM-DD'), 'Marketing Manager', 'Mid-Level', 'Full-Time', 'Bachelor Degree', 8500.00, 'Hybrid', TO_DATE('2026-06-15', 'YYYY-MM-DD'), 'Draft');
INSERT INTO Job_Description VALUES ('JOB-2026-006', TO_DATE('2026-05-18', 'YYYY-MM-DD'), 'Network Architect', 'Senior', 'Full-Time', 'Professional Cert', 15000.00, 'Remote', TO_DATE('2026-06-18', 'YYYY-MM-DD'), 'Open');
INSERT INTO Job_Description VALUES ('JOB-2026-007', TO_DATE('2026-05-20', 'YYYY-MM-DD'), 'Research Scientist', 'Mid-Level', 'Contract', 'PhD', 11000.00, 'On-Site', TO_DATE('2026-07-20', 'YYYY-MM-DD'), 'Open');
INSERT INTO Job_Description VALUES ('JOB-2026-008', TO_DATE('2026-05-22', 'YYYY-MM-DD'), 'Customer Support Rep', 'Fresh/Entry', 'Part-Time', 'Diploma', 2000.00, 'Remote', TO_DATE('2026-06-05', 'YYYY-MM-DD'), 'Suspended');
INSERT INTO Job_Description VALUES ('JOB-2026-009', TO_DATE('2026-05-25', 'YYYY-MM-DD'), 'Legal Counsel', 'Senior', 'Full-Time', 'Bachelor Degree', 14000.00, 'Hybrid', TO_DATE('2026-06-25', 'YYYY-MM-DD'), 'Open');
INSERT INTO Job_Description VALUES ('JOB-2026-010', TO_DATE('2026-05-28', 'YYYY-MM-DD'), 'IT Support Specialist', 'Junior', 'Full-Time', 'Diploma', 4000.00, 'On-Site', TO_DATE('2026-06-10', 'YYYY-MM-DD'), 'Open');
COMMIT;

-- =====================================================================
-- LEVEL 1: Depends on Level 0
-- =====================================================================

--REPRESENTATIVE
INSERT INTO Representative VALUES ('REP-001', 'RES-LBN-2026-101', 'Head of Legal Affairs', 'Lead Bidder', TO_DATE('1/1/2026', 'MM/DD/YYYY'), 'Active', 'Full Power of Attorney', TO_DATE('1/1/2027', 'MM/DD/YYYY'), 'Yes', 'L1 - Executive Board', 'DEPT-LBN-001', 'PER-001');
INSERT INTO Representative VALUES ('REP-002', 'RES-LBN-2026-102', 'Chief Technical Officer', 'Technical Liaison', TO_DATE('1/16/2026', 'MM/DD/YYYY'), 'Active', 'Liaison Only', TO_DATE('1/31/2027', 'MM/DD/YYYY'), 'No', 'L2 - Senior Management', 'DEPT-LBN-002', 'PER-002');
INSERT INTO Representative VALUES ('REP-003', 'RES-LBN-2026-103', 'Senior Financial Analyst', 'Financial Officer', TO_DATE('1/31/2026', 'MM/DD/YYYY'), 'Suspended', 'Limited Signing Rights', TO_DATE('3/2/2027', 'MM/DD/YYYY'), 'No', 'L3 - Middle Management', 'DEPT-LBN-003', 'PER-003');
INSERT INTO Representative VALUES ('REP-004', 'RES-LBN-2026-104', 'Operations Director', 'Lead Bidder', TO_DATE('2/15/2026', 'MM/DD/YYYY'), 'Active', 'Full Power of Attorney', TO_DATE('4/1/2027', 'MM/DD/YYYY'), 'Yes', 'L1 - Executive Board', 'DEPT-LBN-004', 'PER-004');
INSERT INTO Representative VALUES ('REP-005', 'RES-LBN-2026-105', 'Compliance Manager', 'Legal Counsel', TO_DATE('3/2/2026', 'MM/DD/YYYY'), 'Active', 'Limited Signing Rights', TO_DATE('5/1/2027', 'MM/DD/YYYY'), 'No', 'L2 - Senior Management', 'DEPT-LBN-005', 'PER-005');
INSERT INTO Representative VALUES ('REP-006', 'RES-LBN-2026-106', 'Project Liaison Officer', 'Technical Liaison', TO_DATE('3/17/2026', 'MM/DD/YYYY'), 'Active', 'Liaison Only', TO_DATE('5/31/2027', 'MM/DD/YYYY'), 'No', 'L3 - Middle Management', 'DEPT-LBN-006', 'PER-006');
INSERT INTO Representative VALUES ('REP-007', 'RES-LBN-2026-107', 'Strategic Advisor', 'Financial Officer', TO_DATE('4/1/2026', 'MM/DD/YYYY'), 'Revoked', 'Liaison Only', TO_DATE('6/30/2027', 'MM/DD/YYYY'), 'No', 'L3 - Middle Management', 'DEPT-LBN-007', 'PER-007');
INSERT INTO Representative VALUES ('REP-008', 'RES-LBN-2026-108', 'Infrastructure Lead', 'Technical Liaison', TO_DATE('4/16/2026', 'MM/DD/YYYY'), 'Active', 'Limited Signing Rights', TO_DATE('7/30/2027', 'MM/DD/YYYY'), 'No', 'L2 - Senior Management', 'DEPT-LBN-008', 'PER-008');
INSERT INTO Representative VALUES ('REP-009', 'RES-LBN-2026-109', 'Corporate Secretary', 'Legal Counsel', TO_DATE('5/1/2026', 'MM/DD/YYYY'), 'Active', 'Limited Signing Rights', TO_DATE('8/29/2027', 'MM/DD/YYYY'), 'No', 'L2 - Senior Management', 'DEPT-LBN-009', 'PER-009');
INSERT INTO Representative VALUES ('REP-010', 'RES-LBN-2026-110', 'Executive Coordinator', 'Lead Bidder', TO_DATE('5/16/2026', 'MM/DD/YYYY'), 'Active', 'Full Power of Attorney', TO_DATE('9/28/2027', 'MM/DD/YYYY'), 'Yes', 'L1 - Executive Board', 'DEPT-LBN-001', 'PER-010');
COMMIT;

--JOB_APPLICANT
INSERT INTO Job_Applicant VALUES ('APP-2026-001', 'azman_labuan90', 'Bachelor', 8, 'Employed', 'linkedin.com/in/azman-realestate', 'Civil Engineering', 'Yes', 'B.Eng in Civil Engineering', '6012-3456789', 'PER-011');
INSERT INTO Job_Applicant VALUES ('APP-2026-002', 'sarah_tan_prop', 'Master', 12, 'Employed', 'linkedin.com/in/sarahtan-investment', 'Business Administration', 'No', 'MBA in Finance', '6013-9876543', 'PER-012');
INSERT INTO Job_Applicant VALUES ('APP-2026-003', 'devakumar_eco', 'PhD', 6, 'Self-Employed', NULL, 'Environmental Science', 'Yes', 'PhD in Environmental Dynamics', '6017-2234455', 'PER-013');
INSERT INTO Job_Applicant VALUES ('APP-2026-004', 'fatimah_lands', 'Diploma', 4, 'Employed', 'linkedin.com/in/fatimah-sabah-aqri', 'Agriculture', 'No', 'Diploma in Agricultural Science', '6019-5556677', 'PER-014');
INSERT INTO Job_Applicant VALUES ('APP-2026-005', 'john_doe_borneo', 'Bachelor', 15, 'Self-Employed', 'linkedin.com/in/johndoe-landuse', 'Urban Planning', 'Yes', 'BSc in Urban & Regional Planning', '6011-3444556', 'PER-015');
INSERT INTO Job_Applicant VALUES ('APP-2026-006', 'elena_mp', 'Master', 0, 'Unemployed', 'linkedin.com/in/elena-marinelabuan', 'Marine Biology', 'Yes', 'MSc in Marine Resource Management', '6014-7778899', 'PER-016');
INSERT INTO Job_Applicant VALUES ('APP-2026-007', 'ling_const88', 'Diploma', 10, 'Employed', NULL, 'Building Surveying', 'No', 'Diploma in Building Surveying', '6016-4433221', 'PER-017');
INSERT INTO Job_Applicant VALUES ('APP-2026-008', 'amirul_agro26', 'Bachelor', 3, 'Employed', 'linkedin.com/in/amirul-landinvest', 'Agricultural Economics', 'Yes', 'BSc in Agribusiness', '6018-9988776', 'PER-018');
INSERT INTO Job_Applicant VALUES ('APP-2026-009', 'chong_v_capital', 'PhD', 18, 'Employed', 'linkedin.com/in/drchong-proposals', 'Economics', 'No', 'PhD in Development Economics', '6015-6677889', 'PER-019');
INSERT INTO Job_Applicant VALUES ('APP-2026-010', 'nisha_s_legal', 'Master', 5, 'Self-Employed', 'linkedin.com/in/nisha-sabahlegal', 'Law', 'Yes', 'Master of Laws (LLM)', '6012-8889900', 'PER-020');
COMMIT;

--EMPLOYEE
INSERT INTO Employee VALUES ('EMP001', 'LBN-2021-001A', 'Permanent', 'Active', TO_DATE('2021-03-15', 'YYYY-MM-DD'), 8500.00, 'Yes', 'Senior Land Inspector', 12000.00, 88.5, 'Staff', 'DEPT-LBN-001', 'PER-021');
INSERT INTO Employee VALUES ('EMP002', 'LBN-2021-002A', 'Permanent', 'Active', TO_DATE('2021-04-12', 'YYYY-MM-DD'), 14500.00, 'Yes', 'Investment Committee Chair', 3500.00, 92, 'Manager', 'DEPT-LBN-002', 'PER-022');
INSERT INTO Employee VALUES ('EMP003', 'LBN-2022-014B', 'Contract', 'Active', TO_DATE('2022-01-10', 'YYYY-MM-DD'), 5200.00, 'Yes', 'Field Site Inspector', 0.00, 79.25, 'Staff', 'DEPT-LBN-003', 'PER-023');
INSERT INTO Employee VALUES ('EMP004', 'LBN-2022-019A', 'Permanent', 'Active', TO_DATE('2022-06-01', 'YYYY-MM-DD'), 11000.00, 'Yes', 'Investment Committee Member', 2200.00, 85, 'Manager', 'DEPT-LBN-004', 'PER-024');
INSERT INTO Employee VALUES ('EMP005', 'LBN-2023-005A', 'Permanent', 'Resigned', TO_DATE('2023-02-15', 'YYYY-MM-DD'), 6000.00, 'No', 'Junior Land Inspector', 0.00, NULL, 'Staff', 'DEPT-LBN-005', 'PER-025');
INSERT INTO Employee VALUES ('EMP006', 'LBN-2023-011A', 'Permanent', 'Active', TO_DATE('2023-05-18', 'YYYY-MM-DD'), 12500.00, 'Yes', 'Risk Valuation Specialist (IC)', 2800.00, 90.1, 'Manager', 'DEPT-LBN-006', 'PER-026');
INSERT INTO Employee VALUES ('EMP007', 'LBN-2023-044B', 'Contract', 'Active', TO_DATE('2023-09-01', 'YYYY-MM-DD'), 5500.00, 'Yes', 'Environmental Compliance Inspector', 500.00, 82, 'Staff', 'DEPT-LBN-007', 'PER-027');
INSERT INTO Employee VALUES ('EMP008', 'LBN-2024-002A', 'Permanent', 'Active', TO_DATE('2024-01-08', 'YYYY-MM-DD'), 11500.00, 'Yes', 'Portfolio Asset Analyst (IC)', 1800.00, 86.4, 'Staff', 'DEPT-LBN-008', 'PER-028');
INSERT INTO Employee VALUES ('EMP009', 'LBN-2024-015B', 'Contract', 'Suspended', TO_DATE('2024-03-22', 'YYYY-MM-DD'), 5200.00, 'No', 'Technical Zoning Inspector', 0.00, 45, 'Viewer', 'DEPT-LBN-009', 'PER-029');
INSERT INTO Employee VALUES ('EMP010', 'LBN-2024-033A', 'Permanent', 'Active', TO_DATE('2024-07-11', 'YYYY-MM-DD'), 13000.00, 'Yes', 'Legal Framework Specialist (IC)', 3000.00, 94.5, 'Manager', 'DEPT-LBN-010', 'PER-030');
INSERT INTO Employee VALUES ('EMP011', 'LBN-2025-001C', 'Intern', 'Resigned', TO_DATE('2025-01-05', 'YYYY-MM-DD'), 2000.00, 'No', 'Trainee Land Inspector', 0.00, NULL, 'Viewer', 'DEPT-LBN-001', 'PER-031');
INSERT INTO Employee VALUES ('EMP012', 'LBN-2025-009A', 'Permanent', 'Active', TO_DATE('2025-02-14', 'YYYY-MM-DD'), 10500.00, 'Yes', 'Infrastructure Strategy Advisor (IC)', 1500.00, 81.2, 'Staff', 'DEPT-LBN-002', 'PER-032');
INSERT INTO Employee VALUES ('EMP013', 'LBN-2025-012B', 'Contract', 'Active', TO_DATE('2025-04-01', 'YYYY-MM-DD'), 5800.00, 'Yes', 'Agricultural Land Inspector', 600.00, 78.9, 'Staff', 'DEPT-LBN-003', 'PER-033');
INSERT INTO Employee VALUES ('EMP014', 'LBN-2025-022A', 'Permanent', 'Active', TO_DATE('2025-06-18', 'YYYY-MM-DD'), 12000.00, 'Yes', 'Financial Proposal Evaluator (IC)', 2500.00, 89, 'Manager', 'DEPT-LBN-004', 'PER-034');
INSERT INTO Employee VALUES ('EMP015', 'LBN-2025-040B', 'Contract', 'Active', TO_DATE('2025-10-01', 'YYYY-MM-DD'), 6200.00, 'Yes', 'Commercial Property Inspector', 0.00, 83.15, 'Staff', 'DEPT-LBN-005', 'PER-035');
INSERT INTO Employee VALUES ('EMP016', 'LBN-2026-002A', 'Permanent', 'Active', TO_DATE('2026-01-12', 'YYYY-MM-DD'), 11800.00, 'Yes', 'Joint-Venture Structuring Expert (IC)', 0.00, 75, 'Staff', 'DEPT-LBN-006', 'PER-036');
INSERT INTO Employee VALUES ('EMP017', 'LBN-2026-005C', 'Intern', 'Active', TO_DATE('2026-03-02', 'YYYY-MM-DD'), 2200.00, 'No', 'Investment Committee Coordinator', 0.00, NULL, 'Viewer', 'DEPT-LBN-007', 'PER-037');
INSERT INTO Employee VALUES ('EMP018', 'LBN-2026-011B', 'Contract', 'Active', TO_DATE('2026-04-15', 'YYYY-MM-DD'), 6500.00, 'Yes', 'Senior Boundaries Inspector', 0.00, 80, 'Staff', 'DEPT-LBN-008', 'PER-038');
INSERT INTO Employee VALUES ('EMP019', 'LBN-2026-014A', 'Permanent', 'Active', TO_DATE('2026-05-02', 'YYYY-MM-DD'), 16000.00, 'Yes', 'Chief Investment Officer (IC)', 5000.00, 96.8, 'Admin', 'DEPT-LBN-009', 'PER-039');
INSERT INTO Employee VALUES ('EMP020', 'LBN-2026-018C', 'Intern', 'Active', TO_DATE('2026-06-01', 'YYYY-MM-DD'), 1800.00, 'No', 'Land Surveying Intern (Inspector)', 0.00, NULL, 'Viewer', 'DEPT-LBN-010', 'PER-040');
COMMIT;

--ADVERTISEMENT
INSERT INTO Advertisement VALUES ('ADV-1001', TO_DATE('2026-07-01', 'YYYY-MM-DD'), 'Digital', 'Senior IT Engineer', '30', 'JobStreet', 'Urgent hiring', TO_DATE('2026-07-31', 'YYYY-MM-DD'), 1500.00, 'Tech Professionals', 'DEPT-LBN-001');
INSERT INTO Advertisement VALUES ('ADV-1002', TO_DATE('2026-08-01', 'YYYY-MM-DD'), 'Print', 'Papan Island Marina Development', '60', 'Labuan Daily', 'Multi-million resort project', TO_DATE('2026-09-30', 'YYYY-MM-DD'), 50000.00, 'Foreign Investors', 'DEPT-LBN-002');
INSERT INTO Advertisement VALUES ('ADV-1003', TO_DATE('2026-07-15', 'YYYY-MM-DD'), 'Digital', 'Halal Hub Warehouse Lot', '45', 'Official Portal', 'Subsidized rates for locals', TO_DATE('2026-08-29', 'YYYY-MM-DD'), 10000.00, 'Local SMEs', 'DEPT-LBN-003');
INSERT INTO Advertisement VALUES ('ADV-1004', TO_DATE('2026-06-20', 'YYYY-MM-DD'), 'Digital', 'Finance Auditor', '30', 'LinkedIn', 'Requires CPA certification', TO_DATE('2026-07-20', 'YYYY-MM-DD'), 800.00, 'Finance Professionals', 'DEPT-LBN-004');
INSERT INTO Advertisement VALUES ('ADV-1005', TO_DATE('2026-09-01', 'YYYY-MM-DD'), 'Print', 'Financial Park Office Block Bid', '90', 'The Edge Markets', 'Prime real estate offering', TO_DATE('2026-11-30', 'YYYY-MM-DD'), 100000.00, 'Corporate Developers', 'DEPT-LBN-005');
INSERT INTO Advertisement VALUES ('ADV-1006', TO_DATE('2026-07-10', 'YYYY-MM-DD'), 'Digital', 'Legal Counsel', '30', 'JobStreet', 'Minimum 5 years experience', TO_DATE('2026-08-09', 'YYYY-MM-DD'), 12000.00, 'Legal Professionals', 'DEPT-LBN-006');
INSERT INTO Advertisement VALUES ('ADV-1007', TO_DATE('2026-08-15', 'YYYY-MM-DD'), 'Digital', 'Port Maintenance Services', '45', 'Official Portal', 'Open to Labuan registered companies', TO_DATE('2026-09-29', 'YYYY-MM-DD'), 5000.00, 'Marine Engineers', 'DEPT-LBN-007');
INSERT INTO Advertisement VALUES ('ADV-1008', TO_DATE('2026-10-01', 'YYYY-MM-DD'), 'Print', 'Labuan Sentral Retail Lot', '30', 'Labuan Times', 'High foot traffic area', TO_DATE('2026-10-31', 'YYYY-MM-DD'), 15000.00, 'Retail Chains', 'DEPT-LBN-008');
INSERT INTO Advertisement VALUES ('ADV-1009', TO_DATE('2026-06-25', 'YYYY-MM-DD'), 'Digital', 'Civil Engineer', '30', 'LinkedIn', 'Project-based contract', TO_DATE('2026-07-25', 'YYYY-MM-DD'), 1000.00, 'Engineering Graduates', 'DEPT-LBN-009');
INSERT INTO Advertisement VALUES ('ADV-1010', TO_DATE('2026-07-05', 'YYYY-MM-DD'), 'Digital', 'Digital Learning Centre Kiosk', '30', 'Official Portal', 'Targeted for F&B vendors', TO_DATE('2026-08-04', 'YYYY-MM-DD'), 2000.00, 'F&B Startups', 'DEPT-LBN-010');
COMMIT;

-- =====================================================================
-- LEVEL 2: Depends on Level 1
-- =====================================================================

--COMPANY
INSERT INTO Company VALUES ('C000000000021', 'LLP0098112-LBN', 'Borneo Alpha Capital LLP', 'LLP', 'Local', 12500000.00, 'Level 3, Financial Park Labuan, Complex Main Office, 87000 Labuan, Malaysia', 'borneoalphacom', 'invest@borneoalpha.com', '6087411221', 'MEET-2026-001', 'REP-001');
INSERT INTO Company VALUES ('C000000000022', '201501099812', 'Pacific Rim Ventures Bhd', 'Bhd', 'Foreign', 45000000.00, 'Lot 15, Federal Avenue, Financial Park Towers, 87000 Labuan, Malaysia', 'pacrimventures.co', 'deals@pacrimventures.co', '6087422334', 'MEET-2026-002', 'REP-002');
INSERT INTO Company VALUES ('C000000000023', '202101034512', 'Nusantara Land Holdings Sdn Bhd', 'Sdn Bhd', 'Local', 5000000.00, 'Suite 5A, Lazenda Commercial Centre, Phase 3, 87000 Labuan, Malaysia', 'nusantaraland.my', 'admin@nusantaraland.my', '6087466123', 'MEET-2026-003', 'REP-003');
INSERT INTO Company VALUES ('C000000000024', 'LLP0044551-LBN', 'Equator Green Fund LLP', 'LLP', 'Foreign', 18000000.00, 'Level 7(B), Main Office Tower, Financial Park Complex, 87000 Labuan, Malaysia', 'equatorgreen.com', 'funding@equatorgreen.com', '6087415599', 'MEET-2026-004', 'REP-004');
INSERT INTO Company VALUES ('C000000000025', '201001022314', 'Labuan Global Trust Berhad', 'Bhd', 'Local', 25000000.00, 'Kensington House, Jalan OKK Awang Besar, 87000 Labuan, Malaysia', 'labuantrust.com.my', 'trustee@labuantrust.com.my', '6087413344', 'MEET-2026-005', 'REP-005');
INSERT INTO Company VALUES ('C000000000026', '202303991245', 'Kinabalu Wealth Partners', 'Sole Proprietorship', 'Local', 250000.00, 'No. 42, Taman Perumahan Lazenda, Jalan Kerma, 87000 Labuan, Malaysia', NULL, 'kwpartners@yahoo.com', '60198734412', 'MEET-2026-006', 'REP-006');
INSERT INTO Company VALUES ('C000000000027', '201801088712', 'Asean Real Estate Fund Bhd', 'Bhd', 'Foreign', 60000000.00, 'Level 11, Energy Complex, Financial Park Labuan, 87000 Labuan, Malaysia', 'aseanrefund.com', 'contact@aseanrefund.com', '6087499211', 'MEET-2026-007', 'REP-007');
INSERT INTO Company VALUES ('C000000000028', '201901044231', 'EcoTerra Agri-Invest Sdn Bhd', 'Sdn Bhd', 'Local', 3500000.00, 'Lot 8, Industrial Zone, Kampung Rancha-Rancha, 87000 Labuan, Malaysia', 'ecoterrainvest.my', 'proposals@ecoterrainvest.my', '6087511662', 'MEET-2026-008', 'REP-008');
INSERT INTO Company VALUES ('C000000000029', 'LLP0033118-LBN', 'Oceanic Yield Solutions LLP', 'LLP', 'Foreign', 8500000.00, 'Unit 1C, Brumby House, Jalan Kiansam, 87000 Labuan, Malaysia', 'oceanicyield.com', 'info@oceanicyield.com', '6087421155', 'MEET-2026-009', 'REP-009');
INSERT INTO Company VALUES ('C000000000030', '202201044556', 'Bayview Horizon Capital Sdn Bhd', 'Sdn Bhd', 'Local', 12000000.00, 'Level 4, Financial Park Complex, Block 4, 87000 Labuan, Malaysia', 'bayviewhorizon.com', 'investment@bayviewhorizon.com', '6087418822', 'MEET-2026-010', 'REP-010');
INSERT INTO Company VALUES ('C000000000031', '201201033221', 'Mega Structure Builders Sdn Bhd', 'Sdn Bhd', 'Local', 15000000.00, 'Lot 102, Lazenda Warehouse Phase 2, Jalan Papan, 87000 Labuan, Malaysia', 'megastructure.my', 'tender@megastructure.my', '6087433211', 'MEET-2026-001', 'REP-001');
INSERT INTO Company VALUES ('C000000000032', '201601077551', 'Borneo Infra Development Bhd', 'Bhd', 'Local', 35000000.00, 'Level 8, Tower A, Financial Park Complex, 87000 Labuan, Malaysia', 'borneoinfra.com.my', 'projects@borneoinfra.com.my', '6087455881', 'MEET-2026-002', 'REP-002');
INSERT INTO Company VALUES ('C000000000033', 'LLP0077882-LBN', 'Apex Eco-Constructors LLP', 'LLP', 'Local', 2000000.00, 'Suite 3, Block C, Lazenda Centre, Jalan Tun Mustapha, 87000 Labuan, Malaysia', 'apexconstruct.my', 'bizdev@apexconstruct.my', '6087466551', 'MEET-2026-003', 'REP-003');
INSERT INTO Company VALUES ('C000000000034', '202403112245', 'Sinar Utama Builders', 'Sole Proprietorship', 'Local', 180000.00, 'Kampung Sungai Bedaun, Jalan Kiansam, 87000 Labuan, Malaysia', NULL, 'sinarutamabn@gmail.com', '60138765431', 'MEET-2026-004', 'REP-004');
INSERT INTO Company VALUES ('C000000000035', '201101044321', 'Pacific Coastal Property Bhd', 'Bhd', 'Foreign', 50000000.00, 'Level 14, Main Office Tower, Financial Park Labuan, 87000 Labuan, Malaysia', 'pacificcoastal.com', 'procurement@pacificcoastal.com', '6087412288', 'MEET-2026-005', 'REP-005');
INSERT INTO Company VALUES ('C000000000036', '202001044112', 'Island View Engineering Sdn Bhd', 'Sdn Bhd', 'Local', 4500000.00, 'No. 18, Lazenda Industrial Park, Jalan Saguking, 87000 Labuan, Malaysia', 'islandvieweng.my', 'engineering@islandvieweng.my', '6087488339', 'MEET-2026-006', 'REP-006');
INSERT INTO Company VALUES ('C000000000037', 'LLP0055119-LBN', 'Global Port & Infra Design LLP', 'LLP', 'Foreign', 15000000.00, 'Unit E-2, Level 2, Financial Park Complex, 87000 Labuan, Malaysia', 'globalportdesign.com', 'tender_my@globalportdesign.com', '6087451122', 'MEET-2026-007', 'REP-007');
INSERT INTO Company VALUES ('C000000000038', '201701022441', 'Labuan Marine & Civil Sdn Bhd', 'Sdn Bhd', 'Local', 8000000.00, 'Lot 25, Rancha-Rancha Industrial Estate, 87000 Labuan, Malaysia', 'labuanmarine.com', 'ops@labuanmarine.com', '6087512233', 'MEET-2026-008', 'REP-008');
INSERT INTO Company VALUES ('C000000000039', '201401033445', 'Zenith Property Developers Bhd', 'Bhd', 'Local', 22000000.00, 'Suite 12, Level 2, Lazenda Commercial Centre, 87000 Labuan, Malaysia', 'zenithproperty.my', 'proposal@zenithproperty.my', '6087441166', 'MEET-2026-009', 'REP-009');
INSERT INTO Company VALUES ('C000000000040', '202301055612', 'EcoHorizon Urban Green Sdn Bhd', 'Sdn Bhd', 'Foreign', 11000000.00, 'Level 6, Main Office Tower, Financial Park Labuan, 87000 Labuan, Malaysia', 'ecohorizon.sg', 'landproposals@ecohorizon.sg', '6087419955', 'MEET-2026-010', 'REP-010');
COMMIT;

--INVESTMENT_COMMITTEE
INSERT INTO Investment_Committee VALUES ('COM000000000001', 'TERM-2026-S1', 'Technical', TO_DATE('2026-01-01', 'YYYY-MM-DD'), TO_DATE('2026-06-30', 'YYYY-MM-DD'), 'AUTH-HIGH', 'Review engineering, physical mapping, and zoning feasibility of Labuan land lease proposals.', 98.5, 'Weekly', 1.5, 'EMP011');
INSERT INTO Investment_Committee VALUES ('COM000000000002', 'TERM-2026-S1', 'Financial', TO_DATE('2026-01-01', 'YYYY-MM-DD'), TO_DATE('2026-12-31', 'YYYY-MM-DD'), 'AUTH-HIGH', 'Evaluate ROI, rental yield, and financial capability of outer company proposal submittals.', 100, 'Bi-Weekly', 2, 'EMP012');
INSERT INTO Investment_Committee VALUES ('COM000000000003', 'TERM-2026-S1', 'Environmental', TO_DATE('2026-02-01', 'YYYY-MM-DD'), TO_DATE('2026-08-31', 'YYYY-MM-DD'), 'AUTH-MID', 'Assess EIA (Environmental Impact Assessment) compliance for agricultural/industrial land usage.', 92.25, 'Monthly', 1, 'EMP013');
INSERT INTO Investment_Committee VALUES ('COM000000000004', 'TERM-2026-S1', 'Legal', TO_DATE('2026-01-15', 'YYYY-MM-DD'), TO_DATE('2026-12-15', 'YYYY-MM-DD'), 'AUTH-HIGH', 'Review land lease agreements, indemnity clauses, and Labuan regulatory compliance structure.', 95, 'Monthly', 1.75, 'EMP014');
INSERT INTO Investment_Committee VALUES ('COM000000000005', 'TERM-2026-S1', 'Socio-Economic', TO_DATE('2026-03-01', 'YYYY-MM-DD'), TO_DATE('2026-12-31', 'YYYY-MM-DD'), 'AUTH-LOW', 'Analyze local employment opportunities and economic spin-off impacts on the Sabah region.', 88, 'Quarterly', 0.75, 'EMP015');
INSERT INTO Investment_Committee VALUES ('COM000000000006', 'TERM-2026-S2', 'Technical', TO_DATE('2026-07-01', 'YYYY-MM-DD'), TO_DATE('2026-12-31', 'YYYY-MM-DD'), 'AUTH-HIGH', 'Structural and infrastructure connectivity evaluation for mid-term commercial land bids.', 96, 'Weekly', 1.5, 'EMP016');
INSERT INTO Investment_Committee VALUES ('COM000000000007', 'TERM-2026-S1', 'Financial', TO_DATE('2026-04-01', 'YYYY-MM-DD'), TO_DATE('2027-04-01', 'YYYY-MM-DD'), 'AUTH-MID', 'Audit joint-venture capital accounts and escrow validation for commercial land partnerships.', 94.5, 'Bi-Weekly', 1.25, 'EMP017');
INSERT INTO Investment_Committee VALUES ('COM000000000008', 'TERM-2026-S1', 'Environmental', TO_DATE('2026-05-15', 'YYYY-MM-DD'), TO_DATE('2026-11-15', 'YYYY-MM-DD'), 'AUTH-LOW', 'Analyze temporary land clearing permits and waste-management proposals from third parties.', 100, 'Monthly', 1, 'EMP018');
INSERT INTO Investment_Committee VALUES ('COM000000000009', 'TERM-2026-S1', 'Legal', TO_DATE('2026-01-01', 'YYYY-MM-DD'), TO_DATE('2026-12-31', 'YYYY-MM-DD'), 'AUTH-HIGH', 'Dispute resolution and optimization of multi-tenant land zoning lease frameworks.', NULL, 'Quarterly', 1.5, 'EMP019');
INSERT INTO Investment_Committee VALUES ('COM000000000010', 'TERM-2026-S1', 'Technical', TO_DATE('2026-06-01', 'YYYY-MM-DD'), TO_DATE('2027-06-01', 'YYYY-MM-DD'), 'AUTH-MID', 'Infrastructure assessment for logistics and warehousing layout blueprints on corporate plots.', 91, 'Bi-Weekly', 1, 'EMP020');
COMMIT;

--INSPECTOR
INSERT INTO Inspector VALUES ('INS-2026-001', 'DOSH/LBN/2021/089', 'Structural Safety', TO_DATE('2025-03-15', 'YYYY-MM-DD'), 'Zone A', 4.85, 142, '6087412211', TO_DATE('2027-03-15', 'YYYY-MM-DD'), 'CERT-STR-9912', 'EMP001');
INSERT INTO Inspector VALUES ('INS-2026-002', 'DOSH/SBH/2023/142', 'Mechanical and Electrical', TO_DATE('2025-05-20', 'YYYY-MM-DD'), 'Zone B', 4.5, 88, '6087422334', TO_DATE('2028-05-20', 'YYYY-MM-DD'), 'CERT-ME-4451', 'EMP002');
INSERT INTO Inspector VALUES ('INS-2026-003', 'DOSH/LBN/2020/011', 'Environmental Hazard', TO_DATE('2024-11-10', 'YYYY-MM-DD'), 'Zone C', 4.9, 210, '6087466123', TO_DATE('2026-11-10', 'YYYY-MM-DD'), 'CERT-ENV-1034', 'EMP003');
INSERT INTO Inspector VALUES ('INS-2026-004', 'DOSH/SBH/2024/301', 'Fire Protection', TO_DATE('2026-01-15', 'YYYY-MM-DD'), 'Zone D', 4.2, 34, '6087415599', TO_DATE('2029-01-15', 'YYYY-MM-DD'), 'CERT-FIRE-2288', 'EMP004');
INSERT INTO Inspector VALUES ('INS-2026-005', 'DOSH/LBN/2022/224', 'Civil Construction', TO_DATE('2025-08-12', 'YYYY-MM-DD'), 'Zone A', 3.95, 95, '6087413344', TO_DATE('2027-08-12', 'YYYY-MM-DD'), 'CERT-CIV-8891', 'EMP005');
INSERT INTO Inspector VALUES ('INS-2026-006', 'DOSH/LBN/2025/005', 'Structural Safety', TO_DATE('2025-12-01', 'YYYY-MM-DD'), 'Zone C', NULL, 12, '60198734412', TO_DATE('2028-12-01', 'YYYY-MM-DD'), 'CERT-STR-3041', 'EMP006');
INSERT INTO Inspector VALUES ('INS-2026-007', 'DOSH/SBH/2019/512', 'Environmental Hazard', TO_DATE('2024-06-18', 'YYYY-MM-DD'), 'Zone B', 4.75, 315, '6087499211', TO_DATE('2026-06-18', 'YYYY-MM-DD'), 'CERT-ENV-7712', 'EMP007');
INSERT INTO Inspector VALUES ('INS-2026-008', 'DOSH/LBN/2023/055', 'Mechanical and Electrical', TO_DATE('2025-02-28', 'YYYY-MM-DD'), 'Zone D', 4.1, 67, '6087511662', TO_DATE('2027-02-28', 'YYYY-MM-DD'), 'CERT-ME-0442', 'EMP008');
INSERT INTO Inspector VALUES ('INS-2026-009', 'DOSH/SBH/2021/119', 'Civil Construction', TO_DATE('2024-09-05', 'YYYY-MM-DD'), 'Zone A', 4.6, 180, '6087455219', TO_DATE('2026-09-05', 'YYYY-MM-DD'), 'CERT-CIV-5512', 'EMP009');
INSERT INTO Inspector VALUES ('INS-2026-010', 'DOSH/LBN/2024/094', 'Fire Protection', TO_DATE('2025-10-22', 'YYYY-MM-DD'), 'Zone B', 4.35, 43, '6087411225', TO_DATE('2028-10-22', 'YYYY-MM-DD'), 'CERT-FIRE-9411', 'EMP010');
COMMIT;

--JOB_APPLICATION
INSERT INTO Job_Application VALUES ('APP-2026-001', TO_TIMESTAMP('2026-03-01 09:15:00', 'YYYY-MM-DD HH24:MI:SS'), 30, 4500.00, 'LinkedIn', 85.5, TO_DATE('2026-03-10', 'YYYY-MM-DD'), 'Yes', 'Offered', 'Excellent technical skills. Highly recommended.', 'APP-2026-001');
INSERT INTO Job_Application VALUES ('APP-2026-002', TO_TIMESTAMP('2026-03-01 10:45:00', 'YYYY-MM-DD HH24:MI:SS'), 60, 8000.00, 'JobStreet', 92, TO_DATE('2026-03-12', 'YYYY-MM-DD'), 'No', 'Withdrawn', 'Candidate withdrew due to counter-offer.', 'APP-2026-002');
INSERT INTO Job_Application VALUES ('APP-2026-003', TO_TIMESTAMP('2026-03-02 14:30:00', 'YYYY-MM-DD HH24:MI:SS'), 0, 3000.00, 'Recruitment Agency', 45, NULL, NULL, 'Rejected', 'Lacks required experience in Flutter.', 'APP-2026-003');
INSERT INTO Job_Application VALUES ('APP-2026-004', TO_TIMESTAMP('2026-03-05 08:00:00', 'YYYY-MM-DD HH24:MI:SS'), 14, 5500.00, 'Company Website', 78.5, TO_DATE('2026-03-20', 'YYYY-MM-DD'), 'Yes', 'Offered', 'Good cultural fit. Strong communication.', 'APP-2026-004');
INSERT INTO Job_Application VALUES ('APP-2026-005', TO_TIMESTAMP('2026-03-06 16:20:00', 'YYYY-MM-DD HH24:MI:SS'), 90, 12000.00, 'Employee Referral', 95, TO_DATE('2026-03-25', 'YYYY-MM-DD'), 'Yes', 'Offered', 'Exceptional leadership qualities. Make offer ASAP.', 'APP-2026-005');
INSERT INTO Job_Application VALUES ('APP-2026-006', TO_TIMESTAMP('2026-03-10 11:15:00', 'YYYY-MM-DD HH24:MI:SS'), 30, 6000.00, 'Facebook Jobs', 88, TO_DATE('2026-03-22', 'YYYY-MM-DD'), NULL, 'Interviewing', 'Awaiting final technical assessment.', 'APP-2026-006');
INSERT INTO Job_Application VALUES ('APP-2026-007', TO_TIMESTAMP('2026-03-12 15:45:00', 'YYYY-MM-DD HH24:MI:SS'), 0, 3500.00, 'Career Fair', 55, NULL, NULL, 'Rejected', 'Not a fit for this seniority level.', 'APP-2026-007');
INSERT INTO Job_Application VALUES ('APP-2026-008', TO_TIMESTAMP('2026-03-15 09:05:00', 'YYYY-MM-DD HH24:MI:SS'), 60, 7500.00, 'Recruitment Agency', NULL, NULL, NULL, 'Applied', NULL, 'APP-2026-008');
INSERT INTO Job_Application VALUES ('APP-2026-009', TO_TIMESTAMP('2026-03-18 13:20:00', 'YYYY-MM-DD HH24:MI:SS'), 30, 4800.00, 'Walk-in Application', 72, TO_DATE('2026-03-28', 'YYYY-MM-DD'), NULL, 'Interviewing', 'Follow up on notice period flexibility.', 'APP-2026-009');
INSERT INTO Job_Application VALUES ('APP-2026-010', TO_TIMESTAMP('2026-03-20 17:50:00', 'YYYY-MM-DD HH24:MI:SS'), 14, 5000.00, 'University Career Portal', NULL, NULL, NULL, 'Applied', NULL, 'APP-2026-010');
COMMIT;

-- =====================================================================
-- LEVEL 3: Depends on Level 2
-- =====================================================================